mode: set
github.com/zetkey/waka3x/helpers/date.go:18.73,19.58 1 0
github.com/zetkey/waka3x/helpers/date.go:19.58,21.3 1 0
github.com/zetkey/waka3x/helpers/date.go:22.2,22.87 1 0
github.com/zetkey/waka3x/helpers/date.go:22.87,24.3 1 0
github.com/zetkey/waka3x/helpers/date.go:25.2,25.64 1 0
github.com/zetkey/waka3x/helpers/date.go:28.40,30.2 1 0
github.com/zetkey/waka3x/helpers/date.go:32.44,34.2 1 0
github.com/zetkey/waka3x/helpers/date.go:36.49,38.2 1 0
github.com/zetkey/waka3x/helpers/date.go:40.51,42.39 2 0
github.com/zetkey/waka3x/helpers/date.go:42.39,44.3 1 0
github.com/zetkey/waka3x/helpers/date.go:45.2,45.28 1 0
github.com/zetkey/waka3x/helpers/date.go:48.45,50.2 1 0
github.com/zetkey/waka3x/helpers/date.go:52.50,58.2 5 0
github.com/zetkey/waka3x/helpers/http.go:11.94,13.16 2 0
github.com/zetkey/waka3x/helpers/http.go:13.16,15.3 1 0
github.com/zetkey/waka3x/helpers/http.go:17.2,17.107 1 0
github.com/zetkey/waka3x/helpers/http.go:17.107,19.3 1 0
github.com/zetkey/waka3x/helpers/http.go:21.2,21.22 1 0
github.com/zetkey/waka3x/helpers/http.go:24.90,27.58 3 0
github.com/zetkey/waka3x/helpers/http.go:27.58,29.3 1 0
github.com/zetkey/waka3x/helpers/interval.go:11.66,12.40 1 0
github.com/zetkey/waka3x/helpers/interval.go:12.40,13.27 1 0
github.com/zetkey/waka3x/helpers/interval.go:13.27,15.4 1 0
github.com/zetkey/waka3x/helpers/interval.go:17.2,17.48 1 0
github.com/zetkey/waka3x/helpers/interval.go:20.61,23.2 2 0
github.com/zetkey/waka3x/helpers/interval.go:25.114,28.2 2 0
github.com/zetkey/waka3x/helpers/interval.go:30.121,32.16 2 0
github.com/zetkey/waka3x/helpers/interval.go:32.16,34.3 1 0
github.com/zetkey/waka3x/helpers/interval.go:35.2,35.51 1 0
github.com/zetkey/waka3x/helpers/interval.go:38.131,42.18 3 1
github.com/zetkey/waka3x/helpers/interval.go:43.28,44.32 1 0
github.com/zetkey/waka3x/helpers/interval.go:45.32,47.30 2 0
github.com/zetkey/waka3x/helpers/interval.go:48.30,49.34 1 1
github.com/zetkey/waka3x/helpers/interval.go:50.31,51.48 1 0
github.com/zetkey/waka3x/helpers/interval.go:52.31,54.46 2 0
github.com/zetkey/waka3x/helpers/interval.go:55.32,56.36 1 0
github.com/zetkey/waka3x/helpers/interval.go:57.32,59.34 2 0
github.com/zetkey/waka3x/helpers/interval.go:60.31,61.35 1 0
github.com/zetkey/waka3x/helpers/interval.go:62.32,63.31 1 1
github.com/zetkey/waka3x/helpers/interval.go:64.41,66.48 2 0
github.com/zetkey/waka3x/helpers/interval.go:67.33,68.32 1 1
github.com/zetkey/waka3x/helpers/interval.go:69.33,70.32 1 1
github.com/zetkey/waka3x/helpers/interval.go:71.34,72.31 1 1
github.com/zetkey/waka3x/helpers/interval.go:73.35,74.32 1 1
github.com/zetkey/waka3x/helpers/interval.go:75.26,76.25 1 0
github.com/zetkey/waka3x/helpers/interval.go:77.10,78.39 1 0
github.com/zetkey/waka3x/helpers/interval.go:81.2,81.22 1 1
github.com/zetkey/waka3x/helpers/interval.go:85.65,86.15 1 1
github.com/zetkey/waka3x/helpers/interval.go:86.15,88.3 1 1
github.com/zetkey/waka3x/helpers/interval.go:89.2,89.14 1 1
github.com/zetkey/waka3x/helpers/interval.go:89.14,91.3 1 1
github.com/zetkey/waka3x/helpers/interval.go:92.2,92.14 1 1
github.com/zetkey/waka3x/helpers/interval.go:92.14,94.3 1 1
github.com/zetkey/waka3x/helpers/interval.go:95.2,95.15 1 1
github.com/zetkey/waka3x/helpers/interval.go:95.15,97.3 1 1
github.com/zetkey/waka3x/helpers/interval.go:98.2,98.15 1 1
github.com/zetkey/waka3x/helpers/interval.go:98.15,100.3 1 1
github.com/zetkey/waka3x/helpers/interval.go:101.2,101.16 1 1
github.com/zetkey/waka3x/helpers/interval.go:101.16,103.3 1 1
github.com/zetkey/waka3x/helpers/interval.go:104.2,104.16 1 1
github.com/zetkey/waka3x/helpers/interval.go:104.16,106.3 1 1
github.com/zetkey/waka3x/helpers/interval.go:107.2,107.41 1 1
github.com/zetkey/waka3x/helpers/summary.go:12.73,19.56 5 0
github.com/zetkey/waka3x/helpers/summary.go:19.56,21.3 1 0
github.com/zetkey/waka3x/helpers/summary.go:21.8,21.54 1 0
github.com/zetkey/waka3x/helpers/summary.go:21.54,23.3 1 0
github.com/zetkey/waka3x/helpers/summary.go:23.8,25.17 2 0
github.com/zetkey/waka3x/helpers/summary.go:25.17,27.4 1 0
github.com/zetkey/waka3x/helpers/summary.go:29.3,30.17 2 0
github.com/zetkey/waka3x/helpers/summary.go:30.17,32.4 1 0
github.com/zetkey/waka3x/helpers/summary.go:35.2,45.8 3 0
github.com/zetkey/waka3x/helpers/summary.go:48.59,50.48 2 0
github.com/zetkey/waka3x/helpers/summary.go:50.48,52.3 1 0
github.com/zetkey/waka3x/helpers/summary.go:53.2,53.49 1 0
github.com/zetkey/waka3x/helpers/summary.go:53.49,55.3 1 0
github.com/zetkey/waka3x/helpers/summary.go:56.2,56.47 1 0
github.com/zetkey/waka3x/helpers/summary.go:56.47,58.3 1 0
github.com/zetkey/waka3x/helpers/summary.go:59.2,59.48 1 0
github.com/zetkey/waka3x/helpers/summary.go:59.48,61.3 1 0
github.com/zetkey/waka3x/helpers/summary.go:62.2,62.57 1 0
github.com/zetkey/waka3x/helpers/summary.go:62.57,64.3 1 0
github.com/zetkey/waka3x/helpers/summary.go:65.2,65.46 1 0
github.com/zetkey/waka3x/helpers/summary.go:65.46,67.3 1 0
github.com/zetkey/waka3x/helpers/summary.go:68.2,68.47 1 0
github.com/zetkey/waka3x/helpers/summary.go:68.47,70.3 1 0
github.com/zetkey/waka3x/helpers/summary.go:71.2,71.47 1 0
github.com/zetkey/waka3x/helpers/summary.go:71.47,73.3 1 0
github.com/zetkey/waka3x/helpers/summary.go:74.2,74.49 1 0
github.com/zetkey/waka3x/helpers/summary.go:74.49,76.3 1 0
github.com/zetkey/waka3x/helpers/summary.go:77.2,77.16 1 0
github.com/zetkey/waka3x/helpers/summary.go:80.48,82.23 2 0
github.com/zetkey/waka3x/helpers/summary.go:82.23,85.3 2 0
github.com/zetkey/waka3x/helpers/summary.go:86.2,87.16 2 0
github.com/zetkey/waka3x/helpers/summary.go:87.16,89.3 1 0
github.com/zetkey/waka3x/helpers/summary.go:90.2,90.27 1 0
github.com/zetkey/waka3x/services/mail/mail.go:42.45,48.25 4 0
github.com/zetkey/waka3x/services/mail/mail.go:48.25,49.52 1 0
github.com/zetkey/waka3x/services/mail/mail.go:49.52,51.4 1 0
github.com/zetkey/waka3x/services/mail/mail.go:55.2,57.16 3 0
github.com/zetkey/waka3x/services/mail/mail.go:57.16,58.13 1 0
github.com/zetkey/waka3x/services/mail/mail.go:61.2,61.97 1 0
github.com/zetkey/waka3x/services/mail/mail.go:64.89,66.16 2 0
github.com/zetkey/waka3x/services/mail/mail.go:66.16,68.3 1 0
github.com/zetkey/waka3x/services/mail/mail.go:69.2,75.36 3 0
github.com/zetkey/waka3x/services/mail/mail.go:78.102,83.16 2 0
github.com/zetkey/waka3x/services/mail/mail.go:83.16,85.3 1 0
github.com/zetkey/waka3x/services/mail/mail.go:86.2,92.36 3 0
github.com/zetkey/waka3x/services/mail/mail.go:95.119,101.16 2 0
github.com/zetkey/waka3x/services/mail/mail.go:101.16,103.3 1 0
github.com/zetkey/waka3x/services/mail/mail.go:104.2,110.36 3 0
github.com/zetkey/waka3x/services/mail/mail.go:113.87,115.16 2 0
github.com/zetkey/waka3x/services/mail/mail.go:115.16,117.3 1 0
github.com/zetkey/waka3x/services/mail/mail.go:118.2,125.36 3 0
github.com/zetkey/waka3x/services/mail/mail.go:128.99,134.16 2 0
github.com/zetkey/waka3x/services/mail/mail.go:134.16,136.3 1 0
github.com/zetkey/waka3x/services/mail/mail.go:137.2,143.36 3 0
github.com/zetkey/waka3x/services/mail/mail.go:146.98,148.94 2 0
github.com/zetkey/waka3x/services/mail/mail.go:148.94,150.3 1 0
github.com/zetkey/waka3x/services/mail/mail.go:151.2,151.23 1 0
github.com/zetkey/waka3x/services/mail/mail.go:154.138,156.108 2 0
github.com/zetkey/waka3x/services/mail/mail.go:156.108,158.3 1 0
github.com/zetkey/waka3x/services/mail/mail.go:159.2,159.23 1 0
github.com/zetkey/waka3x/services/mail/mail.go:162.108,164.99 2 0
github.com/zetkey/waka3x/services/mail/mail.go:164.99,166.3 1 0
github.com/zetkey/waka3x/services/mail/mail.go:167.2,167.23 1 0
github.com/zetkey/waka3x/services/mail/mail.go:170.84,172.87 2 0
github.com/zetkey/waka3x/services/mail/mail.go:172.87,174.3 1 0
github.com/zetkey/waka3x/services/mail/mail.go:175.2,175.23 1 0
github.com/zetkey/waka3x/services/mail/mail.go:178.120,180.105 2 0
github.com/zetkey/waka3x/services/mail/mail.go:180.105,182.3 1 0
github.com/zetkey/waka3x/services/mail/mail.go:183.2,183.23 1 0
github.com/zetkey/waka3x/services/mail/mail.go:186.51,188.2 1 0
github.com/zetkey/waka3x/services/mail/mail.go:190.46,204.47 1 0
github.com/zetkey/waka3x/services/mail/mail.go:204.47,206.4 1 0
github.com/zetkey/waka3x/services/mail/mail.go:207.42,209.4 1 0
github.com/zetkey/waka3x/services/mail/mail.go:210.42,212.4 1 0
github.com/zetkey/waka3x/services/mail/noop.go:10.60,13.2 2 0
github.com/zetkey/waka3x/services/mail/smtp.go:18.76,27.2 1 0
github.com/zetkey/waka3x/services/mail/smtp.go:29.60,33.18 3 0
github.com/zetkey/waka3x/services/mail/smtp.go:33.18,34.50 1 0
github.com/zetkey/waka3x/services/mail/smtp.go:34.50,36.4 1 0
github.com/zetkey/waka3x/services/mail/smtp.go:39.2,40.16 2 0
github.com/zetkey/waka3x/services/mail/smtp.go:40.16,42.3 1 0
github.com/zetkey/waka3x/services/mail/smtp.go:43.2,48.42 2 0
github.com/zetkey/waka3x/services/mail/smtp.go:48.42,51.17 2 0
github.com/zetkey/waka3x/services/mail/smtp.go:51.17,52.48 1 0
github.com/zetkey/waka3x/services/mail/smtp.go:52.48,53.28 1 0
github.com/zetkey/waka3x/services/mail/smtp.go:53.29,55.6 0 0
github.com/zetkey/waka3x/services/mail/smtp.go:56.5,56.15 1 0
github.com/zetkey/waka3x/services/mail/smtp.go:57.10,59.5 1 0
github.com/zetkey/waka3x/services/mail/smtp.go:63.3,65.18 3 0
github.com/zetkey/waka3x/services/mail/smtp.go:69.2,69.55 1 0
github.com/zetkey/waka3x/services/mail/smtp.go:69.55,70.65 1 0
github.com/zetkey/waka3x/services/mail/smtp.go:70.65,72.4 1 0
github.com/zetkey/waka3x/services/mail/smtp.go:74.3,74.39 1 0
github.com/zetkey/waka3x/services/mail/smtp.go:74.39,76.4 1 0
github.com/zetkey/waka3x/services/mail/smtp.go:79.2,79.52 1 0
github.com/zetkey/waka3x/services/mail/smtp.go:79.52,81.3 1 0
github.com/zetkey/waka3x/services/mail/smtp.go:83.2,83.44 1 0
github.com/zetkey/waka3x/services/mail/smtp.go:83.44,84.42 1 0
github.com/zetkey/waka3x/services/mail/smtp.go:84.42,86.4 1 0
github.com/zetkey/waka3x/services/mail/smtp.go:89.2,90.16 2 0
github.com/zetkey/waka3x/services/mail/smtp.go:90.16,92.3 1 0
github.com/zetkey/waka3x/services/mail/smtp.go:94.2,95.16 2 0
github.com/zetkey/waka3x/services/mail/smtp.go:95.16,97.3 1 0
github.com/zetkey/waka3x/services/mail/smtp.go:99.2,100.16 2 0
github.com/zetkey/waka3x/services/mail/smtp.go:100.16,102.3 1 0
github.com/zetkey/waka3x/services/mail/smtp.go:104.2,104.33 1 0
github.com/zetkey/waka3x/services/mail/smtp.go:104.33,106.3 1 0
github.com/zetkey/waka3x/services/mail/smtp.go:108.2,108.12 1 0
github.com/zetkey/waka3x/middlewares/custom/wakatime.go:32.60,36.70 1 1
github.com/zetkey/waka3x/middlewares/custom/wakatime.go:36.70,38.5 1 1
github.com/zetkey/waka3x/middlewares/custom/wakatime.go:46.72,47.71 1 0
github.com/zetkey/waka3x/middlewares/custom/wakatime.go:47.71,49.3 1 0
github.com/zetkey/waka3x/middlewares/custom/wakatime.go:52.108,58.70 4 1
github.com/zetkey/waka3x/middlewares/custom/wakatime.go:58.70,60.3 1 1
github.com/zetkey/waka3x/middlewares/custom/wakatime.go:62.2,63.46 2 1
github.com/zetkey/waka3x/middlewares/custom/wakatime.go:63.46,65.3 1 1
github.com/zetkey/waka3x/middlewares/custom/wakatime.go:67.2,67.76 1 1
github.com/zetkey/waka3x/middlewares/custom/wakatime.go:67.76,70.3 2 1
github.com/zetkey/waka3x/middlewares/custom/wakatime.go:72.2,73.16 2 1
github.com/zetkey/waka3x/middlewares/custom/wakatime.go:73.16,76.3 2 0
github.com/zetkey/waka3x/middlewares/custom/wakatime.go:78.2,84.28 5 1
github.com/zetkey/waka3x/middlewares/custom/wakatime.go:84.28,86.3 1 0
github.com/zetkey/waka3x/middlewares/custom/wakatime.go:88.2,110.3 3 1
github.com/zetkey/waka3x/middlewares/custom/wakatime.go:113.119,115.16 2 1
github.com/zetkey/waka3x/middlewares/custom/wakatime.go:115.16,118.3 2 0
github.com/zetkey/waka3x/middlewares/custom/wakatime.go:120.2,120.28 1 1
github.com/zetkey/waka3x/middlewares/custom/wakatime.go:120.28,121.23 1 1
github.com/zetkey/waka3x/middlewares/custom/wakatime.go:121.23,123.4 1 1
github.com/zetkey/waka3x/middlewares/custom/wakatime.go:126.2,127.16 2 1
github.com/zetkey/waka3x/middlewares/custom/wakatime.go:127.16,130.3 2 0
github.com/zetkey/waka3x/middlewares/custom/wakatime.go:132.2,132.61 1 1
github.com/zetkey/waka3x/middlewares/custom/wakatime.go:132.61,136.57 2 0
github.com/zetkey/waka3x/middlewares/custom/wakatime.go:136.57,138.4 1 0
github.com/zetkey/waka3x/middlewares/custom/wakatime.go:139.3,139.81 1 0
github.com/zetkey/waka3x/middlewares/custom/wakatime.go:139.81,144.4 1 0
github.com/zetkey/waka3x/middlewares/custom/wakatime.go:144.9,144.23 1 0
github.com/zetkey/waka3x/middlewares/custom/wakatime.go:144.23,146.4 1 0
github.com/zetkey/waka3x/middlewares/custom/wakatime.go:154.72,156.16 2 1
github.com/zetkey/waka3x/middlewares/custom/wakatime.go:156.16,158.3 1 0
github.com/zetkey/waka3x/middlewares/custom/wakatime.go:160.2,165.94 5 1
github.com/zetkey/waka3x/middlewares/custom/wakatime.go:165.94,167.3 1 0
github.com/zetkey/waka3x/middlewares/custom/wakatime.go:169.2,171.68 2 1
github.com/zetkey/waka3x/middlewares/custom/wakatime.go:171.68,174.58 2 1
github.com/zetkey/waka3x/middlewares/custom/wakatime.go:174.58,177.4 2 1
github.com/zetkey/waka3x/middlewares/custom/wakatime.go:180.2,180.50 1 1
github.com/zetkey/waka3x/middlewares/custom/wakatime.go:180.50,181.33 1 1
github.com/zetkey/waka3x/middlewares/custom/wakatime.go:181.33,183.4 1 1
github.com/zetkey/waka3x/middlewares/custom/wakatime.go:184.8,184.32 1 1
github.com/zetkey/waka3x/middlewares/custom/wakatime.go:184.32,186.3 1 1
github.com/zetkey/waka3x/middlewares/custom/wakatime.go:188.2,188.23 1 1
github.com/zetkey/waka3x/middlewares/custom/wakatime.go:188.23,190.3 1 0
github.com/zetkey/waka3x/middlewares/custom/wakatime.go:192.2,192.37 1 1
github.com/zetkey/waka3x/middlewares/custom/wakatime.go:192.37,195.3 2 1
github.com/zetkey/waka3x/middlewares/custom/wakatime.go:197.2,198.62 2 1
github.com/zetkey/waka3x/middlewares/custom/wakatime.go:198.62,200.3 1 0
github.com/zetkey/waka3x/middlewares/custom/wakatime.go:201.2,203.12 2 1
github.com/zetkey/waka3x/routes/compat/wakatime/v1/all_time.go:25.116,31.2 1 0
github.com/zetkey/waka3x/routes/compat/wakatime/v1/all_time.go:33.60,34.34 1 0
github.com/zetkey/waka3x/routes/compat/wakatime/v1/all_time.go:34.34,37.3 2 0
github.com/zetkey/waka3x/routes/compat/wakatime/v1/all_time.go:49.70,51.16 2 0
github.com/zetkey/waka3x/routes/compat/wakatime/v1/all_time.go:51.16,53.3 1 0
github.com/zetkey/waka3x/routes/compat/wakatime/v1/all_time.go:55.2,56.16 2 0
github.com/zetkey/waka3x/routes/compat/wakatime/v1/all_time.go:56.16,60.3 3 0
github.com/zetkey/waka3x/routes/compat/wakatime/v1/all_time.go:62.2,63.46 2 0
github.com/zetkey/waka3x/routes/compat/wakatime/v1/all_time.go:66.116,75.29 3 0
github.com/zetkey/waka3x/routes/compat/wakatime/v1/all_time.go:75.29,77.3 1 0
github.com/zetkey/waka3x/routes/compat/wakatime/v1/all_time.go:79.2,88.16 2 0
github.com/zetkey/waka3x/routes/compat/wakatime/v1/all_time.go:88.16,90.3 1 0
github.com/zetkey/waka3x/routes/compat/wakatime/v1/all_time.go:92.2,92.36 1 0
github.com/zetkey/waka3x/routes/compat/wakatime/v1/heartbeat.go:29.124,34.2 1 0
github.com/zetkey/waka3x/routes/compat/wakatime/v1/heartbeat.go:36.62,37.34 1 0
github.com/zetkey/waka3x/routes/compat/wakatime/v1/heartbeat.go:37.34,40.3 2 0
github.com/zetkey/waka3x/routes/compat/wakatime/v1/heartbeat.go:52.72,54.16 2 0
github.com/zetkey/waka3x/routes/compat/wakatime/v1/heartbeat.go:54.16,56.3 1 0
github.com/zetkey/waka3x/routes/compat/wakatime/v1/heartbeat.go:58.2,61.16 4 0
github.com/zetkey/waka3x/routes/compat/wakatime/v1/heartbeat.go:61.16,65.3 3 0
github.com/zetkey/waka3x/routes/compat/wakatime/v1/heartbeat.go:67.2,71.16 4 0
github.com/zetkey/waka3x/routes/compat/wakatime/v1/heartbeat.go:71.16,76.3 4 0
github.com/zetkey/waka3x/routes/compat/wakatime/v1/heartbeat.go:78.2,84.47 2 0
github.com/zetkey/waka3x/routes/compat/wakatime/v1/leaders.go:27.124,33.2 1 0
github.com/zetkey/waka3x/routes/compat/wakatime/v1/leaders.go:35.60,36.34 1 0
github.com/zetkey/waka3x/routes/compat/wakatime/v1/leaders.go:36.34,39.3 2 0
github.com/zetkey/waka3x/routes/compat/wakatime/v1/leaders.go:50.70,56.63 5 0
github.com/zetkey/waka3x/routes/compat/wakatime/v1/leaders.go:56.63,57.26 1 0
github.com/zetkey/waka3x/routes/compat/wakatime/v1/leaders.go:57.26,59.4 1 0
github.com/zetkey/waka3x/routes/compat/wakatime/v1/leaders.go:59.9,61.18 2 0
github.com/zetkey/waka3x/routes/compat/wakatime/v1/leaders.go:61.18,63.5 1 0
github.com/zetkey/waka3x/routes/compat/wakatime/v1/leaders.go:64.4,64.19 1 0
github.com/zetkey/waka3x/routes/compat/wakatime/v1/leaders.go:68.2,68.67 1 0
github.com/zetkey/waka3x/routes/compat/wakatime/v1/leaders.go:68.67,69.18 1 0
github.com/zetkey/waka3x/routes/compat/wakatime/v1/leaders.go:69.18,71.4 1 0
github.com/zetkey/waka3x/routes/compat/wakatime/v1/leaders.go:72.3,72.26 1 0
github.com/zetkey/waka3x/routes/compat/wakatime/v1/leaders.go:72.26,74.4 1 0
github.com/zetkey/waka3x/routes/compat/wakatime/v1/leaders.go:74.9,76.18 2 0
github.com/zetkey/waka3x/routes/compat/wakatime/v1/leaders.go:76.18,78.5 1 0
github.com/zetkey/waka3x/routes/compat/wakatime/v1/leaders.go:79.4,79.19 1 0
github.com/zetkey/waka3x/routes/compat/wakatime/v1/leaders.go:83.2,84.16 2 0
github.com/zetkey/waka3x/routes/compat/wakatime/v1/leaders.go:84.16,89.3 4 0
github.com/zetkey/waka3x/routes/compat/wakatime/v1/leaders.go:90.2,93.16 3 0
github.com/zetkey/waka3x/routes/compat/wakatime/v1/leaders.go:93.16,98.3 4 0
github.com/zetkey/waka3x/routes/compat/wakatime/v1/leaders.go:101.2,101.57 1 0
github.com/zetkey/waka3x/routes/compat/wakatime/v1/leaders.go:101.57,102.57 1 0
github.com/zetkey/waka3x/routes/compat/wakatime/v1/leaders.go:102.57,104.4 1 0
github.com/zetkey/waka3x/routes/compat/wakatime/v1/leaders.go:104.9,106.4 1 0
github.com/zetkey/waka3x/routes/compat/wakatime/v1/leaders.go:110.2,112.46 3 0
github.com/zetkey/waka3x/routes/compat/wakatime/v1/leaders.go:115.200,117.17 2 0
github.com/zetkey/waka3x/routes/compat/wakatime/v1/leaders.go:117.17,119.3 1 0
github.com/zetkey/waka3x/routes/compat/wakatime/v1/leaders.go:121.2,141.32 6 0
github.com/zetkey/waka3x/routes/compat/wakatime/v1/leaders.go:141.32,147.3 1 0
github.com/zetkey/waka3x/routes/compat/wakatime/v1/leaders.go:149.2,149.42 1 0
github.com/zetkey/waka3x/routes/compat/wakatime/v1/leaders.go:149.42,159.219 2 0
github.com/zetkey/waka3x/routes/compat/wakatime/v1/leaders.go:159.219,164.6 1 0
github.com/zetkey/waka3x/routes/compat/wakatime/v1/leaders.go:170.2,170.11 1 0
github.com/zetkey/waka3x/routes/compat/wakatime/v1/projects.go:27.123,33.2 1 0
github.com/zetkey/waka3x/routes/compat/wakatime/v1/projects.go:35.61,36.34 1 0
github.com/zetkey/waka3x/routes/compat/wakatime/v1/projects.go:36.34,40.3 3 0
github.com/zetkey/waka3x/routes/compat/wakatime/v1/projects.go:53.71,55.16 2 0
github.com/zetkey/waka3x/routes/compat/wakatime/v1/projects.go:55.16,57.3 1 0
github.com/zetkey/waka3x/routes/compat/wakatime/v1/projects.go:59.2,60.16 2 0
github.com/zetkey/waka3x/routes/compat/wakatime/v1/projects.go:60.16,65.3 4 0
github.com/zetkey/waka3x/routes/compat/wakatime/v1/projects.go:67.2,68.46 2 0
github.com/zetkey/waka3x/routes/compat/wakatime/v1/projects.go:81.74,83.16 2 0
github.com/zetkey/waka3x/routes/compat/wakatime/v1/projects.go:83.16,85.3 1 0
github.com/zetkey/waka3x/routes/compat/wakatime/v1/projects.go:87.2,88.16 2 0
github.com/zetkey/waka3x/routes/compat/wakatime/v1/projects.go:88.16,93.3 4 0
github.com/zetkey/waka3x/routes/compat/wakatime/v1/projects.go:95.2,95.24 1 0
github.com/zetkey/waka3x/routes/compat/wakatime/v1/projects.go:95.24,99.3 3 0
github.com/zetkey/waka3x/routes/compat/wakatime/v1/projects.go:101.2,102.46 2 0
github.com/zetkey/waka3x/routes/compat/wakatime/v1/projects.go:105.104,107.16 2 0
github.com/zetkey/waka3x/routes/compat/wakatime/v1/projects.go:107.16,109.3 1 0
github.com/zetkey/waka3x/routes/compat/wakatime/v1/projects.go:111.2,112.28 2 0
github.com/zetkey/waka3x/routes/compat/wakatime/v1/projects.go:112.28,113.79 1 0
github.com/zetkey/waka3x/routes/compat/wakatime/v1/projects.go:113.79,122.4 1 0
github.com/zetkey/waka3x/routes/compat/wakatime/v1/projects.go:125.2,125.22 1 0
github.com/zetkey/waka3x/routes/compat/wakatime/v1/stats.go:23.112,29.2 1 0
github.com/zetkey/waka3x/routes/compat/wakatime/v1/stats.go:31.58,32.34 1 0
github.com/zetkey/waka3x/routes/compat/wakatime/v1/stats.go:32.34,42.3 5 0
github.com/zetkey/waka3x/routes/compat/wakatime/v1/stats.go:63.68,69.53 5 0
github.com/zetkey/waka3x/routes/compat/wakatime/v1/stats.go:69.53,71.3 1 0
github.com/zetkey/waka3x/routes/compat/wakatime/v1/stats.go:73.2,74.16 2 0
github.com/zetkey/waka3x/routes/compat/wakatime/v1/stats.go:74.16,78.3 3 0
github.com/zetkey/waka3x/routes/compat/wakatime/v1/stats.go:82.2,82.22 1 0
github.com/zetkey/waka3x/routes/compat/wakatime/v1/stats.go:82.22,83.100 1 0
github.com/zetkey/waka3x/routes/compat/wakatime/v1/stats.go:83.100,85.4 1 0
github.com/zetkey/waka3x/routes/compat/wakatime/v1/stats.go:85.9,87.4 1 0
github.com/zetkey/waka3x/routes/compat/wakatime/v1/stats.go:90.2,91.16 2 0
github.com/zetkey/waka3x/routes/compat/wakatime/v1/stats.go:91.16,95.3 3 0
github.com/zetkey/waka3x/routes/compat/wakatime/v1/stats.go:97.2,99.69 2 0
github.com/zetkey/waka3x/routes/compat/wakatime/v1/stats.go:99.69,103.3 3 0
github.com/zetkey/waka3x/routes/compat/wakatime/v1/stats.go:105.2,106.16 2 0
github.com/zetkey/waka3x/routes/compat/wakatime/v1/stats.go:106.16,110.3 3 0
github.com/zetkey/waka3x/routes/compat/wakatime/v1/stats.go:112.2,112.40 1 0
github.com/zetkey/waka3x/routes/compat/wakatime/v1/stats.go:112.40,117.3 4 0
github.com/zetkey/waka3x/routes/compat/wakatime/v1/stats.go:118.2,126.68 7 0
github.com/zetkey/waka3x/routes/compat/wakatime/v1/stats.go:126.68,128.34 1 0
github.com/zetkey/waka3x/routes/compat/wakatime/v1/stats.go:128.34,130.4 1 0
github.com/zetkey/waka3x/routes/compat/wakatime/v1/stats.go:131.3,131.36 1 0
github.com/zetkey/waka3x/routes/compat/wakatime/v1/stats.go:131.36,133.4 1 0
github.com/zetkey/waka3x/routes/compat/wakatime/v1/stats.go:134.3,134.35 1 0
github.com/zetkey/waka3x/routes/compat/wakatime/v1/stats.go:134.35,136.4 1 0
github.com/zetkey/waka3x/routes/compat/wakatime/v1/stats.go:137.3,137.30 1 0
github.com/zetkey/waka3x/routes/compat/wakatime/v1/stats.go:137.30,139.4 1 0
github.com/zetkey/waka3x/routes/compat/wakatime/v1/stats.go:140.3,140.35 1 0
github.com/zetkey/waka3x/routes/compat/wakatime/v1/stats.go:140.35,142.4 1 0
github.com/zetkey/waka3x/routes/compat/wakatime/v1/stats.go:145.2,145.49 1 0
github.com/zetkey/waka3x/routes/compat/wakatime/v1/stats.go:148.136,157.16 3 0
github.com/zetkey/waka3x/routes/compat/wakatime/v1/stats.go:157.16,159.3 1 0
github.com/zetkey/waka3x/routes/compat/wakatime/v1/stats.go:161.2,161.36 1 0
github.com/zetkey/waka3x/routes/compat/wakatime/v1/statusbar.go:30.120,36.2 1 0
github.com/zetkey/waka3x/routes/compat/wakatime/v1/statusbar.go:38.62,39.34 1 0
github.com/zetkey/waka3x/routes/compat/wakatime/v1/statusbar.go:39.34,44.3 4 0
github.com/zetkey/waka3x/routes/compat/wakatime/v1/statusbar.go:56.72,58.16 2 0
github.com/zetkey/waka3x/routes/compat/wakatime/v1/statusbar.go:58.16,60.3 1 0
github.com/zetkey/waka3x/routes/compat/wakatime/v1/statusbar.go:62.2,63.22 2 0
github.com/zetkey/waka3x/routes/compat/wakatime/v1/statusbar.go:63.22,65.3 1 0
github.com/zetkey/waka3x/routes/compat/wakatime/v1/statusbar.go:67.2,68.16 2 0
github.com/zetkey/waka3x/routes/compat/wakatime/v1/statusbar.go:68.16,72.3 3 0
github.com/zetkey/waka3x/routes/compat/wakatime/v1/statusbar.go:74.2,75.16 2 0
github.com/zetkey/waka3x/routes/compat/wakatime/v1/statusbar.go:75.16,79.3 3 0
github.com/zetkey/waka3x/routes/compat/wakatime/v1/statusbar.go:80.2,84.4 2 0
github.com/zetkey/waka3x/routes/compat/wakatime/v1/statusbar.go:87.115,96.29 3 0
github.com/zetkey/waka3x/routes/compat/wakatime/v1/statusbar.go:96.29,98.3 1 0
github.com/zetkey/waka3x/routes/compat/wakatime/v1/statusbar.go:100.2,101.16 2 0
github.com/zetkey/waka3x/routes/compat/wakatime/v1/statusbar.go:101.16,103.3 1 0
github.com/zetkey/waka3x/routes/compat/wakatime/v1/statusbar.go:105.2,105.36 1 0
github.com/zetkey/waka3x/routes/compat/wakatime/v1/summaries.go:28.120,34.2 1 0
github.com/zetkey/waka3x/routes/compat/wakatime/v1/summaries.go:36.62,37.34 1 0
github.com/zetkey/waka3x/routes/compat/wakatime/v1/summaries.go:37.34,40.3 2 0
github.com/zetkey/waka3x/routes/compat/wakatime/v1/summaries.go:66.72,68.16 2 0
github.com/zetkey/waka3x/routes/compat/wakatime/v1/summaries.go:68.16,70.3 1 0
github.com/zetkey/waka3x/routes/compat/wakatime/v1/summaries.go:72.2,73.16 2 0
github.com/zetkey/waka3x/routes/compat/wakatime/v1/summaries.go:73.16,77.3 3 0
github.com/zetkey/waka3x/routes/compat/wakatime/v1/summaries.go:79.2,80.46 2 0
github.com/zetkey/waka3x/routes/compat/wakatime/v1/summaries.go:83.114,89.19 5 0
github.com/zetkey/waka3x/routes/compat/wakatime/v1/summaries.go:89.19,90.56 1 0
github.com/zetkey/waka3x/routes/compat/wakatime/v1/summaries.go:90.56,92.4 1 0
github.com/zetkey/waka3x/routes/compat/wakatime/v1/summaries.go:95.2,96.22 2 0
github.com/zetkey/waka3x/routes/compat/wakatime/v1/summaries.go:96.22,98.111 1 0
github.com/zetkey/waka3x/routes/compat/wakatime/v1/summaries.go:98.111,100.4 1 0
github.com/zetkey/waka3x/routes/compat/wakatime/v1/summaries.go:100.9,102.4 1 0
github.com/zetkey/waka3x/routes/compat/wakatime/v1/summaries.go:103.8,103.143 1 0
github.com/zetkey/waka3x/routes/compat/wakatime/v1/summaries.go:103.143,106.3 1 0
github.com/zetkey/waka3x/routes/compat/wakatime/v1/summaries.go:106.8,111.17 3 0
github.com/zetkey/waka3x/routes/compat/wakatime/v1/summaries.go:111.17,113.4 1 0
github.com/zetkey/waka3x/routes/compat/wakatime/v1/summaries.go:115.3,116.17 2 0
github.com/zetkey/waka3x/routes/compat/wakatime/v1/summaries.go:116.17,118.4 1 0
github.com/zetkey/waka3x/routes/compat/wakatime/v1/summaries.go:125.2,127.23 2 0
github.com/zetkey/waka3x/routes/compat/wakatime/v1/summaries.go:127.23,129.3 1 0
github.com/zetkey/waka3x/routes/compat/wakatime/v1/summaries.go:131.2,143.37 5 0
github.com/zetkey/waka3x/routes/compat/wakatime/v1/summaries.go:143.37,145.17 2 0
github.com/zetkey/waka3x/routes/compat/wakatime/v1/summaries.go:145.17,147.4 1 0
github.com/zetkey/waka3x/routes/compat/wakatime/v1/summaries.go:149.3,151.25 3 0
github.com/zetkey/waka3x/routes/compat/wakatime/v1/summaries.go:154.2,154.38 1 0
github.com/zetkey/waka3x/routes/compat/wakatime/v1/user_agents.go:22.127,28.2 1 0
github.com/zetkey/waka3x/routes/compat/wakatime/v1/user_agents.go:30.63,31.34 1 0
github.com/zetkey/waka3x/routes/compat/wakatime/v1/user_agents.go:31.34,34.3 2 0
github.com/zetkey/waka3x/routes/compat/wakatime/v1/user_agents.go:46.73,48.16 2 0
github.com/zetkey/waka3x/routes/compat/wakatime/v1/user_agents.go:48.16,50.3 1 0
github.com/zetkey/waka3x/routes/compat/wakatime/v1/user_agents.go:52.2,53.16 2 0
github.com/zetkey/waka3x/routes/compat/wakatime/v1/user_agents.go:53.16,58.3 4 0
github.com/zetkey/waka3x/routes/compat/wakatime/v1/user_agents.go:60.2,61.46 2 0
github.com/zetkey/waka3x/routes/compat/wakatime/v1/user_agents.go:64.100,70.32 2 0
github.com/zetkey/waka3x/routes/compat/wakatime/v1/user_agents.go:70.32,72.3 1 0
github.com/zetkey/waka3x/routes/compat/wakatime/v1/user_agents.go:74.2,74.11 1 0
github.com/zetkey/waka3x/routes/compat/wakatime/v1/users.go:21.116,27.2 1 1
github.com/zetkey/waka3x/routes/compat/wakatime/v1/users.go:29.58,30.34 1 1
github.com/zetkey/waka3x/routes/compat/wakatime/v1/users.go:30.34,33.3 2 1
github.com/zetkey/waka3x/routes/compat/wakatime/v1/users.go:45.68,47.16 2 1
github.com/zetkey/waka3x/routes/compat/wakatime/v1/users.go:47.16,49.3 1 1
github.com/zetkey/waka3x/routes/compat/wakatime/v1/users.go:51.2,52.72 2 1
github.com/zetkey/waka3x/routes/compat/wakatime/v1/users.go:52.72,54.3 1 1
github.com/zetkey/waka3x/routes/compat/wakatime/v1/users.go:54.8,56.3 1 0
github.com/zetkey/waka3x/routes/compat/wakatime/v1/users.go:58.2,58.72 1 1
github.com/zetkey/waka3x/services/imports/wakatime.go:19.77,21.2 1 1
github.com/zetkey/waka3x/services/imports/wakatime.go:23.124,24.41 1 0
github.com/zetkey/waka3x/services/imports/wakatime.go:24.41,26.3 1 0
github.com/zetkey/waka3x/services/imports/wakatime.go:27.2,27.97 1 0
github.com/zetkey/waka3x/services/imports/wakatime.go:27.97,29.3 1 0
github.com/zetkey/waka3x/services/imports/wakatime.go:30.2,30.76 1 0
github.com/zetkey/waka3x/services/imports/wakatime.go:33.91,34.41 1 0
github.com/zetkey/waka3x/services/imports/wakatime.go:34.41,36.3 1 0
github.com/zetkey/waka3x/services/imports/wakatime.go:37.2,37.97 1 0
github.com/zetkey/waka3x/services/imports/wakatime.go:37.97,39.3 1 0
github.com/zetkey/waka3x/services/imports/wakatime.go:40.2,40.63 1 0
github.com/zetkey/waka3x/services/imports/wakatime.go:43.62,45.2 1 1
github.com/zetkey/waka3x/services/imports/wakatime.go:47.62,51.16 3 1
github.com/zetkey/waka3x/services/imports/wakatime.go:51.16,53.3 1 0
github.com/zetkey/waka3x/services/imports/wakatime.go:55.2,55.68 1 1
github.com/zetkey/waka3x/services/imports/wakatime.go:55.68,57.3 1 1
github.com/zetkey/waka3x/services/imports/wakatime.go:59.2,59.77 1 1
github.com/zetkey/waka3x/services/imports/wakatime.go:59.77,61.3 1 1
github.com/zetkey/waka3x/services/imports/wakatime.go:62.2,62.12 1 1
github.com/zetkey/waka3x/services/imports/wakatime_dump.go:29.67,35.2 1 0
github.com/zetkey/waka3x/services/imports/wakatime_dump.go:37.128,45.73 6 0
github.com/zetkey/waka3x/services/imports/wakatime_dump.go:45.73,47.74 2 0
github.com/zetkey/waka3x/services/imports/wakatime_dump.go:47.74,49.4 1 0
github.com/zetkey/waka3x/services/imports/wakatime_dump.go:52.3,52.95 1 0
github.com/zetkey/waka3x/services/imports/wakatime_dump.go:52.95,54.4 1 0
github.com/zetkey/waka3x/services/imports/wakatime_dump.go:54.9,56.4 1 0
github.com/zetkey/waka3x/services/imports/wakatime_dump.go:57.8,57.23 1 0
github.com/zetkey/waka3x/services/imports/wakatime_dump.go:57.23,59.3 1 0
github.com/zetkey/waka3x/services/imports/wakatime_dump.go:60.2,65.86 3 0
github.com/zetkey/waka3x/services/imports/wakatime_dump.go:65.86,68.17 3 0
github.com/zetkey/waka3x/services/imports/wakatime_dump.go:68.17,70.4 1 0
github.com/zetkey/waka3x/services/imports/wakatime_dump.go:72.3,73.73 2 0
github.com/zetkey/waka3x/services/imports/wakatime_dump.go:73.73,75.4 1 0
github.com/zetkey/waka3x/services/imports/wakatime_dump.go:77.3,77.120 1 0
github.com/zetkey/waka3x/services/imports/wakatime_dump.go:77.120,79.4 1 0
github.com/zetkey/waka3x/services/imports/wakatime_dump.go:79.10,81.4 1 0
github.com/zetkey/waka3x/services/imports/wakatime_dump.go:82.3,82.54 1 0
github.com/zetkey/waka3x/services/imports/wakatime_dump.go:85.2,85.53 1 0
github.com/zetkey/waka3x/services/imports/wakatime_dump.go:85.53,89.3 3 0
github.com/zetkey/waka3x/services/imports/wakatime_dump.go:91.2,91.98 1 0
github.com/zetkey/waka3x/services/imports/wakatime_dump.go:91.98,99.17 6 0
github.com/zetkey/waka3x/services/imports/wakatime_dump.go:99.17,102.4 2 0
github.com/zetkey/waka3x/services/imports/wakatime_dump.go:103.3,109.65 4 0
github.com/zetkey/waka3x/services/imports/wakatime_dump.go:109.65,112.4 2 0
github.com/zetkey/waka3x/services/imports/wakatime_dump.go:115.3,116.85 2 0
github.com/zetkey/waka3x/services/imports/wakatime_dump.go:116.85,119.4 2 0
github.com/zetkey/waka3x/services/imports/wakatime_dump.go:120.3,121.90 2 0
github.com/zetkey/waka3x/services/imports/wakatime_dump.go:121.90,124.4 2 0
github.com/zetkey/waka3x/services/imports/wakatime_dump.go:127.3,127.31 1 0
github.com/zetkey/waka3x/services/imports/wakatime_dump.go:127.31,128.35 1 0
github.com/zetkey/waka3x/services/imports/wakatime_dump.go:128.35,130.64 2 0
github.com/zetkey/waka3x/services/imports/wakatime_dump.go:130.64,131.14 1 0
github.com/zetkey/waka3x/services/imports/wakatime_dump.go:133.5,133.14 1 0
github.com/zetkey/waka3x/services/imports/wakatime_dump.go:139.2,139.53 1 0
github.com/zetkey/waka3x/services/imports/wakatime_dump.go:139.53,142.17 3 0
github.com/zetkey/waka3x/services/imports/wakatime_dump.go:142.17,144.4 1 0
github.com/zetkey/waka3x/services/imports/wakatime_dump.go:144.9,144.16 1 0
github.com/zetkey/waka3x/services/imports/wakatime_dump.go:144.16,147.4 2 0
github.com/zetkey/waka3x/services/imports/wakatime_dump.go:150.2,150.17 1 0
github.com/zetkey/waka3x/services/imports/wakatime_dump.go:153.95,155.2 1 0
github.com/zetkey/waka3x/services/imports/wakatime_dump.go:157.77,170.2 5 0
github.com/zetkey/waka3x/services/imports/wakatime_heartbeats.go:38.78,44.2 1 0
github.com/zetkey/waka3x/services/imports/wakatime_heartbeats.go:46.134,49.101 2 0
github.com/zetkey/waka3x/services/imports/wakatime_heartbeats.go:49.101,55.17 4 0
github.com/zetkey/waka3x/services/imports/wakatime_heartbeats.go:55.17,58.4 2 0
github.com/zetkey/waka3x/services/imports/wakatime_heartbeats.go:60.3,60.32 1 0
github.com/zetkey/waka3x/services/imports/wakatime_heartbeats.go:60.32,62.4 1 0
github.com/zetkey/waka3x/services/imports/wakatime_heartbeats.go:63.3,63.27 1 0
github.com/zetkey/waka3x/services/imports/wakatime_heartbeats.go:63.27,65.4 1 0
github.com/zetkey/waka3x/services/imports/wakatime_heartbeats.go:67.3,68.66 2 0
github.com/zetkey/waka3x/services/imports/wakatime_heartbeats.go:68.66,70.4 1 0
github.com/zetkey/waka3x/services/imports/wakatime_heartbeats.go:70.9,70.55 1 0
github.com/zetkey/waka3x/services/imports/wakatime_heartbeats.go:70.55,74.4 2 0
github.com/zetkey/waka3x/services/imports/wakatime_heartbeats.go:76.3,77.68 2 0
github.com/zetkey/waka3x/services/imports/wakatime_heartbeats.go:77.68,79.4 1 0
github.com/zetkey/waka3x/services/imports/wakatime_heartbeats.go:79.9,79.55 1 0
github.com/zetkey/waka3x/services/imports/wakatime_heartbeats.go:79.55,83.4 2 0
github.com/zetkey/waka3x/services/imports/wakatime_heartbeats.go:85.3,90.26 4 0
github.com/zetkey/waka3x/services/imports/wakatime_heartbeats.go:90.26,93.21 2 0
github.com/zetkey/waka3x/services/imports/wakatime_heartbeats.go:93.21,98.19 4 0
github.com/zetkey/waka3x/services/imports/wakatime_heartbeats.go:98.19,100.6 1 0
github.com/zetkey/waka3x/services/imports/wakatime_heartbeats.go:102.5,102.34 1 0
github.com/zetkey/waka3x/services/imports/wakatime_heartbeats.go:102.34,104.65 2 0
github.com/zetkey/waka3x/services/imports/wakatime_heartbeats.go:104.65,105.15 1 0
github.com/zetkey/waka3x/services/imports/wakatime_heartbeats.go:107.6,107.15 1 0
github.com/zetkey/waka3x/services/imports/wakatime_heartbeats.go:110.5,110.21 1 0
github.com/zetkey/waka3x/services/imports/wakatime_heartbeats.go:110.21,112.6 1 0
github.com/zetkey/waka3x/services/imports/wakatime_heartbeats.go:116.3,116.19 1 0
github.com/zetkey/waka3x/services/imports/wakatime_heartbeats.go:119.2,119.65 1 0
github.com/zetkey/waka3x/services/imports/wakatime_heartbeats.go:119.65,121.3 1 0
github.com/zetkey/waka3x/services/imports/wakatime_heartbeats.go:123.2,124.36 2 0
github.com/zetkey/waka3x/services/imports/wakatime_heartbeats.go:124.36,126.3 1 0
github.com/zetkey/waka3x/services/imports/wakatime_heartbeats.go:126.17,128.3 1 0
github.com/zetkey/waka3x/services/imports/wakatime_heartbeats.go:130.2,130.17 1 0
github.com/zetkey/waka3x/services/imports/wakatime_heartbeats.go:133.101,135.2 1 0
github.com/zetkey/waka3x/services/imports/wakatime_heartbeats.go:139.118,141.16 2 0
github.com/zetkey/waka3x/services/imports/wakatime_heartbeats.go:141.16,143.3 1 0
github.com/zetkey/waka3x/services/imports/wakatime_heartbeats.go:145.2,152.16 6 0
github.com/zetkey/waka3x/services/imports/wakatime_heartbeats.go:152.16,154.3 1 0
github.com/zetkey/waka3x/services/imports/wakatime_heartbeats.go:154.8,154.34 1 0
github.com/zetkey/waka3x/services/imports/wakatime_heartbeats.go:154.34,156.3 1 0
github.com/zetkey/waka3x/services/imports/wakatime_heartbeats.go:156.8,156.34 1 0
github.com/zetkey/waka3x/services/imports/wakatime_heartbeats.go:156.34,158.3 1 0
github.com/zetkey/waka3x/services/imports/wakatime_heartbeats.go:159.2,162.74 3 0
github.com/zetkey/waka3x/services/imports/wakatime_heartbeats.go:162.74,164.3 1 0
github.com/zetkey/waka3x/services/imports/wakatime_heartbeats.go:166.2,166.33 1 0
github.com/zetkey/waka3x/services/imports/wakatime_heartbeats.go:171.95,175.16 3 0
github.com/zetkey/waka3x/services/imports/wakatime_heartbeats.go:175.16,177.3 1 0
github.com/zetkey/waka3x/services/imports/wakatime_heartbeats.go:179.2,180.16 2 0
github.com/zetkey/waka3x/services/imports/wakatime_heartbeats.go:180.16,182.3 1 0
github.com/zetkey/waka3x/services/imports/wakatime_heartbeats.go:185.2,186.16 2 0
github.com/zetkey/waka3x/services/imports/wakatime_heartbeats.go:186.16,188.3 1 0
github.com/zetkey/waka3x/services/imports/wakatime_heartbeats.go:190.2,191.16 2 0
github.com/zetkey/waka3x/services/imports/wakatime_heartbeats.go:191.16,193.3 1 0
github.com/zetkey/waka3x/services/imports/wakatime_heartbeats.go:195.2,196.16 2 0
github.com/zetkey/waka3x/services/imports/wakatime_heartbeats.go:196.16,198.3 1 0
github.com/zetkey/waka3x/services/imports/wakatime_heartbeats.go:200.2,200.32 1 0
github.com/zetkey/waka3x/services/imports/wakatime_heartbeats.go:203.83,206.2 2 0
github.com/zetkey/waka3x/services/imports/wakatime_heartbeats.go:208.51,214.54 4 0
github.com/zetkey/waka3x/services/imports/wakatime_heartbeats.go:214.54,216.3 1 0
github.com/zetkey/waka3x/services/imports/wakatime_heartbeats.go:218.2,218.13 1 0
github.com/zetkey/waka3x/services/imports/wakatime_utils.go:18.91,23.26 3 0
github.com/zetkey/waka3x/services/imports/wakatime_utils.go:23.26,27.17 4 0
github.com/zetkey/waka3x/services/imports/wakatime_utils.go:27.17,29.4 1 0
github.com/zetkey/waka3x/services/imports/wakatime_utils.go:31.3,32.17 2 0
github.com/zetkey/waka3x/services/imports/wakatime_utils.go:32.17,34.4 1 0
github.com/zetkey/waka3x/services/imports/wakatime_utils.go:35.3,38.72 3 0
github.com/zetkey/waka3x/services/imports/wakatime_utils.go:38.72,40.4 1 0
github.com/zetkey/waka3x/services/imports/wakatime_utils.go:42.3,42.39 1 0
github.com/zetkey/waka3x/services/imports/wakatime_utils.go:42.39,44.4 1 0
github.com/zetkey/waka3x/services/imports/wakatime_utils.go:46.3,46.37 1 0
github.com/zetkey/waka3x/services/imports/wakatime_utils.go:46.37,47.9 1 0
github.com/zetkey/waka3x/services/imports/wakatime_utils.go:51.2,51.22 1 0
github.com/zetkey/waka3x/services/imports/wakatime_utils.go:56.91,61.26 3 0
github.com/zetkey/waka3x/services/imports/wakatime_utils.go:61.26,65.17 4 0
github.com/zetkey/waka3x/services/imports/wakatime_utils.go:65.17,67.4 1 0
github.com/zetkey/waka3x/services/imports/wakatime_utils.go:69.3,70.17 2 0
github.com/zetkey/waka3x/services/imports/wakatime_utils.go:70.17,72.4 1 0
github.com/zetkey/waka3x/services/imports/wakatime_utils.go:73.3,76.75 3 0
github.com/zetkey/waka3x/services/imports/wakatime_utils.go:76.75,78.4 1 0
github.com/zetkey/waka3x/services/imports/wakatime_utils.go:80.3,80.42 1 0
github.com/zetkey/waka3x/services/imports/wakatime_utils.go:80.42,82.4 1 0
github.com/zetkey/waka3x/services/imports/wakatime_utils.go:84.3,84.40 1 0
github.com/zetkey/waka3x/services/imports/wakatime_utils.go:84.40,85.9 1 0
github.com/zetkey/waka3x/services/imports/wakatime_utils.go:89.2,89.24 1 0
github.com/zetkey/waka3x/services/imports/wakatime_utils.go:97.21,99.15 2 0
github.com/zetkey/waka3x/services/imports/wakatime_utils.go:99.15,101.80 1 0
github.com/zetkey/waka3x/services/imports/wakatime_utils.go:101.80,106.4 1 0
github.com/zetkey/waka3x/services/imports/wakatime_utils.go:106.9,111.4 1 0
github.com/zetkey/waka3x/services/imports/wakatime_utils.go:114.2,115.15 2 0
github.com/zetkey/waka3x/services/imports/wakatime_utils.go:115.15,120.3 1 0
github.com/zetkey/waka3x/services/imports/wakatime_utils.go:122.2,140.13 1 0
github.com/zetkey/waka3x/middlewares/authenticate.go:40.91,48.2 1 1
github.com/zetkey/waka3x/middlewares/authenticate.go:50.91,53.2 2 0
github.com/zetkey/waka3x/middlewares/authenticate.go:55.100,58.2 2 0
github.com/zetkey/waka3x/middlewares/authenticate.go:60.90,63.2 2 0
github.com/zetkey/waka3x/middlewares/authenticate.go:65.99,68.2 2 0
github.com/zetkey/waka3x/middlewares/authenticate.go:70.101,73.2 2 1
github.com/zetkey/waka3x/middlewares/authenticate.go:75.71,76.71 1 0
github.com/zetkey/waka3x/middlewares/authenticate.go:76.71,78.3 1 0
github.com/zetkey/waka3x/middlewares/authenticate.go:81.107,84.27 2 0
github.com/zetkey/waka3x/middlewares/authenticate.go:84.27,88.3 1 0
github.com/zetkey/waka3x/middlewares/authenticate.go:90.2,91.16 2 0
github.com/zetkey/waka3x/middlewares/authenticate.go:91.16,93.3 1 0
github.com/zetkey/waka3x/middlewares/authenticate.go:94.2,94.16 1 0
github.com/zetkey/waka3x/middlewares/authenticate.go:94.16,96.3 1 0
github.com/zetkey/waka3x/middlewares/authenticate.go:97.2,97.55 1 0
github.com/zetkey/waka3x/middlewares/authenticate.go:97.55,99.3 1 0
github.com/zetkey/waka3x/middlewares/authenticate.go:101.2,101.31 1 0
github.com/zetkey/waka3x/middlewares/authenticate.go:101.31,102.22 1 0
github.com/zetkey/waka3x/middlewares/authenticate.go:102.22,105.4 2 0
github.com/zetkey/waka3x/middlewares/authenticate.go:107.3,107.29 1 0
github.com/zetkey/waka3x/middlewares/authenticate.go:107.29,110.4 2 0
github.com/zetkey/waka3x/middlewares/authenticate.go:110.9,111.36 1 0
github.com/zetkey/waka3x/middlewares/authenticate.go:111.36,115.5 3 0
github.com/zetkey/waka3x/middlewares/authenticate.go:116.4,117.59 2 0
github.com/zetkey/waka3x/middlewares/authenticate.go:119.3,119.9 1 0
github.com/zetkey/waka3x/middlewares/authenticate.go:122.2,123.12 2 0
github.com/zetkey/waka3x/middlewares/authenticate.go:126.67,127.39 1 0
github.com/zetkey/waka3x/middlewares/authenticate.go:127.39,128.58 1 0
github.com/zetkey/waka3x/middlewares/authenticate.go:128.58,130.4 1 0
github.com/zetkey/waka3x/middlewares/authenticate.go:132.2,132.41 1 0
github.com/zetkey/waka3x/middlewares/authenticate.go:132.41,133.37 1 0
github.com/zetkey/waka3x/middlewares/authenticate.go:133.37,135.4 1 0
github.com/zetkey/waka3x/middlewares/authenticate.go:137.2,137.14 1 0
github.com/zetkey/waka3x/middlewares/authenticate.go:140.98,142.16 2 1
github.com/zetkey/waka3x/middlewares/authenticate.go:142.16,144.3 1 1
github.com/zetkey/waka3x/middlewares/authenticate.go:146.2,149.16 4 1
github.com/zetkey/waka3x/middlewares/authenticate.go:149.16,151.3 1 1
github.com/zetkey/waka3x/middlewares/authenticate.go:152.2,152.18 1 1
github.com/zetkey/waka3x/middlewares/authenticate.go:155.97,159.19 4 1
github.com/zetkey/waka3x/middlewares/authenticate.go:159.19,161.3 1 1
github.com/zetkey/waka3x/middlewares/authenticate.go:162.2,163.16 2 1
github.com/zetkey/waka3x/middlewares/authenticate.go:163.16,165.3 1 0
github.com/zetkey/waka3x/middlewares/authenticate.go:166.2,166.18 1 1
github.com/zetkey/waka3x/middlewares/authenticate.go:169.112,170.42 1 1
github.com/zetkey/waka3x/middlewares/authenticate.go:170.42,172.3 1 1
github.com/zetkey/waka3x/middlewares/authenticate.go:173.2,176.22 3 1
github.com/zetkey/waka3x/middlewares/authenticate.go:176.22,178.3 1 0
github.com/zetkey/waka3x/middlewares/authenticate.go:179.2,179.170 1 1
github.com/zetkey/waka3x/middlewares/authenticate.go:179.170,181.3 1 1
github.com/zetkey/waka3x/middlewares/authenticate.go:181.5,183.3 1 1
github.com/zetkey/waka3x/middlewares/authenticate.go:185.2,186.16 2 1
github.com/zetkey/waka3x/middlewares/authenticate.go:186.16,188.3 1 1
github.com/zetkey/waka3x/middlewares/authenticate.go:190.2,190.50 1 1
github.com/zetkey/waka3x/middlewares/authenticate.go:190.50,192.3 1 1
github.com/zetkey/waka3x/middlewares/authenticate.go:195.2,201.68 3 1
github.com/zetkey/waka3x/middlewares/authenticate.go:201.68,203.3 1 0
github.com/zetkey/waka3x/middlewares/authenticate.go:204.2,204.43 1 1
github.com/zetkey/waka3x/middlewares/authenticate.go:207.92,209.16 2 0
github.com/zetkey/waka3x/middlewares/authenticate.go:209.16,211.3 1 0
github.com/zetkey/waka3x/middlewares/authenticate.go:213.2,214.16 2 0
github.com/zetkey/waka3x/middlewares/authenticate.go:214.16,216.3 1 0
github.com/zetkey/waka3x/middlewares/authenticate.go:221.2,221.18 1 0
github.com/zetkey/waka3x/middlewares/authenticate.go:226.93,228.20 2 1
github.com/zetkey/waka3x/middlewares/authenticate.go:228.20,230.3 1 1
github.com/zetkey/waka3x/middlewares/authenticate.go:232.2,232.24 1 1
github.com/zetkey/waka3x/middlewares/authenticate.go:232.24,234.17 2 1
github.com/zetkey/waka3x/middlewares/authenticate.go:234.17,237.4 2 0
github.com/zetkey/waka3x/middlewares/authenticate.go:239.3,239.85 1 1
github.com/zetkey/waka3x/middlewares/authenticate.go:239.85,242.4 2 1
github.com/zetkey/waka3x/middlewares/authenticate.go:244.3,246.14 3 1
github.com/zetkey/waka3x/middlewares/authenticate.go:249.2,249.14 1 1
github.com/zetkey/waka3x/middlewares/filetype.go:13.83,14.43 1 0
github.com/zetkey/waka3x/middlewares/filetype.go:14.43,19.3 1 0
github.com/zetkey/waka3x/middlewares/filetype.go:22.84,24.34 2 0
github.com/zetkey/waka3x/middlewares/filetype.go:24.34,25.50 1 0
github.com/zetkey/waka3x/middlewares/filetype.go:25.50,29.4 3 0
github.com/zetkey/waka3x/middlewares/filetype.go:31.2,31.27 1 0
github.com/zetkey/waka3x/middlewares/logging.go:21.102,22.43 1 0
github.com/zetkey/waka3x/middlewares/logging.go:22.43,28.3 1 0
github.com/zetkey/waka3x/middlewares/logging.go:31.80,40.44 7 0
github.com/zetkey/waka3x/middlewares/logging.go:40.44,41.38 1 0
github.com/zetkey/waka3x/middlewares/logging.go:41.38,43.4 1 0
github.com/zetkey/waka3x/middlewares/logging.go:46.2,54.3 1 0
github.com/zetkey/waka3x/middlewares/logging.go:57.41,59.14 2 0
github.com/zetkey/waka3x/middlewares/logging.go:59.14,61.3 1 0
github.com/zetkey/waka3x/middlewares/logging.go:62.2,62.14 1 0
github.com/zetkey/waka3x/middlewares/logging.go:62.14,64.3 1 0
github.com/zetkey/waka3x/middlewares/logging.go:65.2,65.11 1 0
github.com/zetkey/waka3x/middlewares/logging.go:68.41,69.42 1 0
github.com/zetkey/waka3x/middlewares/logging.go:69.42,71.3 1 0
github.com/zetkey/waka3x/middlewares/logging.go:72.2,72.12 1 0
github.com/zetkey/waka3x/middlewares/logging.go:103.52,105.2 1 0
github.com/zetkey/waka3x/middlewares/logging.go:117.45,118.20 1 0
github.com/zetkey/waka3x/middlewares/logging.go:118.20,122.3 3 0
github.com/zetkey/waka3x/middlewares/logging.go:124.54,127.18 3 0
github.com/zetkey/waka3x/middlewares/logging.go:127.18,130.17 2 0
github.com/zetkey/waka3x/middlewares/logging.go:130.17,132.4 1 0
github.com/zetkey/waka3x/middlewares/logging.go:134.2,135.15 2 0
github.com/zetkey/waka3x/middlewares/logging.go:137.42,138.20 1 0
github.com/zetkey/waka3x/middlewares/logging.go:138.20,140.3 1 0
github.com/zetkey/waka3x/middlewares/logging.go:142.36,144.2 1 0
github.com/zetkey/waka3x/middlewares/logging.go:145.42,147.2 1 0
github.com/zetkey/waka3x/middlewares/logging.go:148.40,150.2 1 0
github.com/zetkey/waka3x/middlewares/logging.go:151.52,153.2 1 0
github.com/zetkey/waka3x/middlewares/principal.go:10.55,12.2 1 0
github.com/zetkey/waka3x/middlewares/principal.go:14.49,16.2 1 0
github.com/zetkey/waka3x/middlewares/security.go:19.62,20.43 1 0
github.com/zetkey/waka3x/middlewares/security.go:20.43,22.3 1 0
github.com/zetkey/waka3x/middlewares/security.go:25.80,26.36 1 0
github.com/zetkey/waka3x/middlewares/security.go:26.36,27.30 1 0
github.com/zetkey/waka3x/middlewares/security.go:27.30,29.4 1 0
github.com/zetkey/waka3x/middlewares/security.go:31.2,31.27 1 0
github.com/zetkey/waka3x/middlewares/sentry.go:15.60,16.43 1 0
github.com/zetkey/waka3x/middlewares/sentry.go:16.43,20.3 1 0
github.com/zetkey/waka3x/middlewares/sentry.go:23.78,26.54 3 0
github.com/zetkey/waka3x/middlewares/sentry.go:26.54,27.43 1 0
github.com/zetkey/waka3x/middlewares/sentry.go:27.43,29.4 1 0
github.com/zetkey/waka3x/middlewares/shared_data.go:32.64,33.43 1 0
github.com/zetkey/waka3x/middlewares/shared_data.go:33.43,35.3 1 0
github.com/zetkey/waka3x/middlewares/shared_data.go:38.82,42.2 3 0
github.com/zetkey/waka3x/utils/auth.go:18.79,20.54 2 0
github.com/zetkey/waka3x/utils/auth.go:20.54,22.3 1 0
github.com/zetkey/waka3x/utils/auth.go:24.2,26.16 3 0
github.com/zetkey/waka3x/utils/auth.go:26.16,28.3 1 0
github.com/zetkey/waka3x/utils/auth.go:30.2,32.45 3 0
github.com/zetkey/waka3x/utils/auth.go:32.45,34.3 1 0
github.com/zetkey/waka3x/utils/auth.go:35.2,36.32 2 0
github.com/zetkey/waka3x/utils/auth.go:39.65,41.85 2 0
github.com/zetkey/waka3x/utils/auth.go:41.85,43.3 1 0
github.com/zetkey/waka3x/utils/auth.go:45.2,46.30 2 0
github.com/zetkey/waka3x/utils/auth.go:51.57,52.34 1 0
github.com/zetkey/waka3x/utils/auth.go:52.34,54.3 1 0
github.com/zetkey/waka3x/utils/auth.go:55.2,55.45 1 0
github.com/zetkey/waka3x/utils/auth.go:58.57,60.2 1 0
github.com/zetkey/waka3x/utils/auth.go:62.55,66.2 3 0
github.com/zetkey/waka3x/utils/auth.go:68.55,71.16 3 0
github.com/zetkey/waka3x/utils/auth.go:71.16,73.3 1 0
github.com/zetkey/waka3x/utils/auth.go:74.2,74.16 1 0
github.com/zetkey/waka3x/utils/auth.go:77.57,81.2 3 0
github.com/zetkey/waka3x/utils/auth.go:83.57,86.29 3 0
github.com/zetkey/waka3x/utils/auth.go:86.29,88.3 1 0
github.com/zetkey/waka3x/utils/auth.go:89.2,90.16 2 0
github.com/zetkey/waka3x/utils/auth.go:90.16,92.3 1 0
github.com/zetkey/waka3x/utils/auth.go:93.2,93.16 1 0
github.com/zetkey/waka3x/utils/collection.go:7.52,8.28 1 0
github.com/zetkey/waka3x/utils/collection.go:8.28,10.3 1 0
github.com/zetkey/waka3x/utils/collection.go:11.2,11.26 1 0
github.com/zetkey/waka3x/utils/collection.go:11.26,13.3 1 0
github.com/zetkey/waka3x/utils/collection.go:14.2,14.28 1 0
github.com/zetkey/waka3x/utils/collection.go:17.78,19.22 2 0
github.com/zetkey/waka3x/utils/collection.go:19.22,20.18 1 0
github.com/zetkey/waka3x/utils/collection.go:20.18,22.4 1 0
github.com/zetkey/waka3x/utils/collection.go:23.3,23.12 1 0
github.com/zetkey/waka3x/utils/collection.go:25.2,25.11 1 0
github.com/zetkey/waka3x/utils/color.go:8.41,11.16 2 0
github.com/zetkey/waka3x/utils/color.go:12.9,13.51 1 0
github.com/zetkey/waka3x/utils/color.go:14.9,18.12 4 0
github.com/zetkey/waka3x/utils/color.go:20.2,20.8 1 0
github.com/zetkey/waka3x/utils/color.go:23.37,25.2 1 0
github.com/zetkey/waka3x/utils/color.go:27.70,28.15 1 0
github.com/zetkey/waka3x/utils/color.go:28.15,30.3 1 0
github.com/zetkey/waka3x/utils/color.go:30.8,30.22 1 0
github.com/zetkey/waka3x/utils/color.go:30.22,32.3 1 0
github.com/zetkey/waka3x/utils/color.go:34.2,39.43 5 0
github.com/zetkey/waka3x/utils/cron.go:5.44,7.21 2 0
github.com/zetkey/waka3x/utils/cron.go:7.21,9.3 1 0
github.com/zetkey/waka3x/utils/cron.go:10.2,10.20 1 0
github.com/zetkey/waka3x/utils/date.go:11.26,13.2 1 0
github.com/zetkey/waka3x/utils/date.go:15.52,18.2 2 0
github.com/zetkey/waka3x/utils/date.go:20.48,22.2 1 0
github.com/zetkey/waka3x/utils/date.go:24.77,26.2 1 0
github.com/zetkey/waka3x/utils/date.go:28.52,30.2 1 0
github.com/zetkey/waka3x/utils/date.go:32.51,34.2 1 0
github.com/zetkey/waka3x/utils/date.go:37.41,39.21 2 0
github.com/zetkey/waka3x/utils/date.go:39.21,41.3 1 0
github.com/zetkey/waka3x/utils/date.go:42.2,42.33 1 0
github.com/zetkey/waka3x/utils/date.go:46.67,49.33 2 1
github.com/zetkey/waka3x/utils/date.go:49.33,52.15 2 1
github.com/zetkey/waka3x/utils/date.go:52.15,54.12 2 1
github.com/zetkey/waka3x/utils/date.go:56.3,56.19 1 1
github.com/zetkey/waka3x/utils/date.go:56.19,58.4 1 1
github.com/zetkey/waka3x/utils/date.go:59.3,60.10 2 1
github.com/zetkey/waka3x/utils/date.go:63.2,63.18 1 1
github.com/zetkey/waka3x/utils/date.go:67.36,70.2 2 0
github.com/zetkey/waka3x/utils/date.go:73.57,75.2 1 0
github.com/zetkey/waka3x/utils/date.go:77.48,78.28 1 0
github.com/zetkey/waka3x/utils/date.go:78.28,80.17 2 0
github.com/zetkey/waka3x/utils/date.go:80.17,81.65 1 0
github.com/zetkey/waka3x/utils/date.go:81.65,83.5 1 0
github.com/zetkey/waka3x/utils/date.go:86.2,86.20 1 0
github.com/zetkey/waka3x/utils/date.go:89.42,90.28 1 0
github.com/zetkey/waka3x/utils/date.go:91.52,92.21 1 0
github.com/zetkey/waka3x/utils/date.go:93.53,94.22 1 0
github.com/zetkey/waka3x/utils/date.go:95.55,96.24 1 0
github.com/zetkey/waka3x/utils/date.go:97.54,98.23 1 0
github.com/zetkey/waka3x/utils/date.go:99.52,100.21 1 0
github.com/zetkey/waka3x/utils/date.go:101.54,102.23 1 0
github.com/zetkey/waka3x/utils/date.go:103.52,104.21 1 0
github.com/zetkey/waka3x/utils/date.go:106.2,106.20 1 0
github.com/zetkey/waka3x/utils/db.go:12.34,13.37 1 0
github.com/zetkey/waka3x/utils/db.go:13.37,15.110 2 0
github.com/zetkey/waka3x/utils/db.go:15.110,18.4 2 0
github.com/zetkey/waka3x/utils/db.go:19.3,19.20 1 0
github.com/zetkey/waka3x/utils/db.go:21.2,22.14 2 0
github.com/zetkey/waka3x/utils/db.go:25.39,26.37 1 0
github.com/zetkey/waka3x/utils/db.go:26.37,28.119 2 0
github.com/zetkey/waka3x/utils/db.go:28.119,31.4 2 0
github.com/zetkey/waka3x/utils/db.go:32.3,32.20 1 0
github.com/zetkey/waka3x/utils/db.go:34.2,35.14 2 0
github.com/zetkey/waka3x/utils/db.go:38.66,39.48 1 0
github.com/zetkey/waka3x/utils/db.go:39.48,41.3 1 0
github.com/zetkey/waka3x/utils/db.go:42.2,42.53 1 0
github.com/zetkey/waka3x/utils/db.go:45.59,46.16 1 0
github.com/zetkey/waka3x/utils/db.go:46.16,48.3 1 0
github.com/zetkey/waka3x/utils/db.go:49.2,49.15 1 0
github.com/zetkey/waka3x/utils/db.go:49.15,51.3 1 0
github.com/zetkey/waka3x/utils/db.go:52.2,52.14 1 0
github.com/zetkey/waka3x/utils/db.go:59.47,61.2 1 0
github.com/zetkey/waka3x/utils/db.go:63.60,65.2 1 0
github.com/zetkey/waka3x/utils/db.go:68.63,72.2 3 0
github.com/zetkey/waka3x/utils/db.go:75.80,77.41 2 0
github.com/zetkey/waka3x/utils/db.go:77.41,79.3 1 0
github.com/zetkey/waka3x/utils/db.go:80.2,80.57 1 0
github.com/zetkey/waka3x/utils/dns.go:9.38,11.21 2 0
github.com/zetkey/waka3x/utils/dns.go:11.21,13.3 1 0
github.com/zetkey/waka3x/utils/dns.go:14.2,15.39 2 0
github.com/zetkey/waka3x/utils/func.go:10.77,11.15 1 0
github.com/zetkey/waka3x/utils/func.go:11.15,12.31 1 0
github.com/zetkey/waka3x/utils/func.go:12.31,16.4 3 0
github.com/zetkey/waka3x/utils/func.go:18.2,19.12 2 0
github.com/zetkey/waka3x/utils/func.go:23.57,24.48 1 0
github.com/zetkey/waka3x/utils/func.go:24.48,26.3 1 0
github.com/zetkey/waka3x/utils/http.go:34.13,36.2 1 1
github.com/zetkey/waka3x/utils/http.go:43.34,44.20 1 0
github.com/zetkey/waka3x/utils/http.go:44.20,46.3 1 0
github.com/zetkey/waka3x/utils/http.go:47.2,47.19 1 0
github.com/zetkey/waka3x/utils/http.go:50.35,51.21 1 0
github.com/zetkey/waka3x/utils/http.go:51.21,53.3 1 0
github.com/zetkey/waka3x/utils/http.go:54.2,54.34 1 0
github.com/zetkey/waka3x/utils/http.go:58.62,60.48 2 0
github.com/zetkey/waka3x/utils/http.go:60.48,62.3 1 0
github.com/zetkey/waka3x/utils/http.go:63.2,63.93 1 0
github.com/zetkey/waka3x/utils/http.go:63.93,64.89 1 0
github.com/zetkey/waka3x/utils/http.go:64.89,66.4 1 0
github.com/zetkey/waka3x/utils/http.go:68.2,68.14 1 0
github.com/zetkey/waka3x/utils/http.go:71.51,75.46 4 0
github.com/zetkey/waka3x/utils/http.go:75.46,77.3 1 0
github.com/zetkey/waka3x/utils/http.go:78.2,78.73 1 0
github.com/zetkey/waka3x/utils/http.go:78.73,80.3 1 0
github.com/zetkey/waka3x/utils/http.go:81.2,81.19 1 0
github.com/zetkey/waka3x/utils/http.go:84.78,86.26 2 0
github.com/zetkey/waka3x/utils/http.go:86.26,88.3 1 0
github.com/zetkey/waka3x/utils/http.go:89.2,89.30 1 0
github.com/zetkey/waka3x/utils/http.go:89.30,91.3 1 0
github.com/zetkey/waka3x/utils/http.go:92.2,92.19 1 0
github.com/zetkey/waka3x/utils/http.go:96.56,98.14 2 1
github.com/zetkey/waka3x/utils/http.go:98.14,100.3 1 1
github.com/zetkey/waka3x/utils/http.go:103.2,103.50 1 1
github.com/zetkey/waka3x/utils/http.go:103.50,109.38 2 1
github.com/zetkey/waka3x/utils/http.go:109.38,112.31 2 1
github.com/zetkey/waka3x/utils/http.go:112.31,114.5 1 1
github.com/zetkey/waka3x/utils/http.go:115.4,115.31 1 1
github.com/zetkey/waka3x/utils/http.go:115.31,117.5 1 1
github.com/zetkey/waka3x/utils/http.go:119.4,120.57 2 1
github.com/zetkey/waka3x/utils/http.go:120.57,122.5 1 1
github.com/zetkey/waka3x/utils/http.go:123.4,123.19 1 1
github.com/zetkey/waka3x/utils/http.go:123.19,125.5 1 1
github.com/zetkey/waka3x/utils/http.go:125.10,125.29 1 1
github.com/zetkey/waka3x/utils/http.go:125.29,127.5 1 1
github.com/zetkey/waka3x/utils/http.go:129.4,130.38 2 1
github.com/zetkey/waka3x/utils/http.go:130.38,133.5 2 1
github.com/zetkey/waka3x/utils/http.go:134.4,136.26 2 1
github.com/zetkey/waka3x/utils/http.go:141.2,141.61 1 1
github.com/zetkey/waka3x/utils/http.go:141.61,142.27 1 1
github.com/zetkey/waka3x/utils/http.go:142.27,144.4 1 1
github.com/zetkey/waka3x/utils/http.go:144.9,144.62 1 1
github.com/zetkey/waka3x/utils/http.go:144.62,146.4 1 1
github.com/zetkey/waka3x/utils/http.go:148.2,148.64 1 0
github.com/zetkey/waka3x/utils/http.go:151.76,152.16 1 0
github.com/zetkey/waka3x/utils/http.go:152.16,154.3 1 0
github.com/zetkey/waka3x/utils/http.go:155.2,155.27 1 0
github.com/zetkey/waka3x/utils/http.go:155.27,158.100 3 0
github.com/zetkey/waka3x/utils/http.go:158.100,163.4 4 0
github.com/zetkey/waka3x/utils/http.go:164.3,164.139 1 0
github.com/zetkey/waka3x/utils/http.go:166.2,166.17 1 0
github.com/zetkey/waka3x/utils/http.go:170.39,171.20 1 1
github.com/zetkey/waka3x/utils/http.go:171.20,173.3 1 0
github.com/zetkey/waka3x/utils/http.go:175.2,177.36 2 1
github.com/zetkey/waka3x/utils/http.go:177.36,183.3 5 1
github.com/zetkey/waka3x/utils/http.go:185.2,185.68 1 1
github.com/zetkey/waka3x/utils/http.go:185.68,188.50 3 1
github.com/zetkey/waka3x/utils/http.go:188.50,190.4 1 1
github.com/zetkey/waka3x/utils/http.go:193.2,193.11 1 1
github.com/zetkey/waka3x/utils/http.go:196.54,198.28 1 1
github.com/zetkey/waka3x/utils/http.go:198.28,199.69 1 1
github.com/zetkey/waka3x/utils/http.go:199.69,201.4 1 1
github.com/zetkey/waka3x/utils/http.go:204.2,208.34 3 1
github.com/zetkey/waka3x/utils/http.go:208.34,210.32 2 1
github.com/zetkey/waka3x/utils/http.go:210.32,211.12 1 1
github.com/zetkey/waka3x/utils/http.go:214.3,217.70 3 1
github.com/zetkey/waka3x/utils/http.go:217.70,218.12 1 1
github.com/zetkey/waka3x/utils/http.go:221.3,221.27 1 1
github.com/zetkey/waka3x/utils/http.go:221.27,222.12 1 0
github.com/zetkey/waka3x/utils/http.go:226.3,226.48 1 1
github.com/zetkey/waka3x/utils/http.go:226.48,228.52 2 1
github.com/zetkey/waka3x/utils/http.go:228.52,230.5 1 1
github.com/zetkey/waka3x/utils/http.go:231.4,231.12 1 1
github.com/zetkey/waka3x/utils/http.go:234.3,234.26 1 1
github.com/zetkey/waka3x/utils/http.go:234.26,236.4 1 1
github.com/zetkey/waka3x/utils/http.go:239.2,239.84 1 1
github.com/zetkey/waka3x/utils/http.go:243.39,244.48 1 1
github.com/zetkey/waka3x/utils/http.go:244.48,246.3 1 0
github.com/zetkey/waka3x/utils/http.go:247.2,247.91 1 1
github.com/zetkey/waka3x/utils/http.go:247.91,249.3 1 0
github.com/zetkey/waka3x/utils/http.go:250.2,250.87 1 1
github.com/zetkey/waka3x/utils/http.go:250.87,252.3 1 0
github.com/zetkey/waka3x/utils/http.go:253.2,253.14 1 1
github.com/zetkey/waka3x/utils/http.go:256.27,258.2 1 1
github.com/zetkey/waka3x/utils/json.go:12.75,18.62 2 0
github.com/zetkey/waka3x/utils/json.go:18.62,20.3 1 0
github.com/zetkey/waka3x/utils/json.go:22.2,22.29 1 0
github.com/zetkey/waka3x/utils/json.go:22.29,24.3 1 0
github.com/zetkey/waka3x/utils/json.go:26.2,26.72 1 0
github.com/zetkey/waka3x/utils/json.go:26.72,28.3 1 0
github.com/zetkey/waka3x/utils/json.go:29.2,29.70 1 0
github.com/zetkey/waka3x/utils/json.go:29.70,31.3 1 0
github.com/zetkey/waka3x/utils/json.go:33.2,33.20 1 0
github.com/zetkey/waka3x/utils/net.go:8.51,10.2 1 0
github.com/zetkey/waka3x/utils/net.go:12.69,14.2 1 0
github.com/zetkey/waka3x/utils/random.go:11.58,13.54 2 0
github.com/zetkey/waka3x/utils/random.go:13.54,15.3 1 0
github.com/zetkey/waka3x/utils/random.go:16.2,16.59 1 0
github.com/zetkey/waka3x/utils/random.go:19.48,21.16 2 0
github.com/zetkey/waka3x/utils/random.go:21.16,23.3 1 0
github.com/zetkey/waka3x/utils/random.go:24.2,26.16 3 0
github.com/zetkey/waka3x/utils/random.go:26.16,28.3 1 0
github.com/zetkey/waka3x/utils/random.go:29.2,29.25 1 0
github.com/zetkey/waka3x/utils/strings.go:7.58,8.49 1 0
github.com/zetkey/waka3x/utils/strings.go:8.49,9.32 1 0
github.com/zetkey/waka3x/utils/strings.go:9.32,10.22 1 0
github.com/zetkey/waka3x/utils/strings.go:10.22,12.5 1 0
github.com/zetkey/waka3x/utils/strings.go:14.3,14.15 1 0
github.com/zetkey/waka3x/utils/strings.go:18.77,19.29 1 0
github.com/zetkey/waka3x/utils/strings.go:19.29,20.18 1 0
github.com/zetkey/waka3x/utils/strings.go:20.18,22.4 1 0
github.com/zetkey/waka3x/utils/strings.go:24.2,24.19 1 0
github.com/zetkey/waka3x/utils/sync.go:11.66,13.12 2 0
github.com/zetkey/waka3x/utils/sync.go:13.12,16.3 2 0
github.com/zetkey/waka3x/utils/sync.go:17.2,17.9 1 0
github.com/zetkey/waka3x/utils/sync.go:18.11,19.15 1 0
github.com/zetkey/waka3x/utils/sync.go:20.29,21.14 1 0
github.com/zetkey/waka3x/utils/system.go:8.20,10.2 1 0
github.com/zetkey/waka3x/utils/system.go:12.21,14.2 1 0
github.com/zetkey/waka3x/utils/template.go:13.41,15.16 2 0
github.com/zetkey/waka3x/utils/template.go:15.16,17.3 1 0
github.com/zetkey/waka3x/utils/template.go:18.2,18.23 1 0
github.com/zetkey/waka3x/utils/template.go:21.37,22.30 1 0
github.com/zetkey/waka3x/utils/template.go:22.30,24.3 1 0
github.com/zetkey/waka3x/utils/template.go:25.2,25.10 1 0
github.com/zetkey/waka3x/utils/template.go:28.83,33.16 4 0
github.com/zetkey/waka3x/utils/template.go:33.16,35.3 1 0
github.com/zetkey/waka3x/utils/template.go:37.2,37.29 1 0
github.com/zetkey/waka3x/utils/template.go:37.29,39.51 2 0
github.com/zetkey/waka3x/utils/template.go:39.51,40.12 1 0
github.com/zetkey/waka3x/utils/template.go:43.3,44.17 2 0
github.com/zetkey/waka3x/utils/template.go:44.17,46.4 1 0
github.com/zetkey/waka3x/utils/template.go:47.3,48.17 2 0
github.com/zetkey/waka3x/utils/template.go:48.17,50.4 1 0
github.com/zetkey/waka3x/utils/template.go:52.3,55.17 3 0
github.com/zetkey/waka3x/utils/template.go:55.17,57.4 1 0
github.com/zetkey/waka3x/utils/template.go:59.3,59.27 1 0
github.com/zetkey/waka3x/utils/template.go:62.2,62.23 1 0
github.com/zetkey/waka3x/models/alias.go:20.32,25.2 1 0
github.com/zetkey/waka3x/models/alias.go:27.37,28.35 1 0
github.com/zetkey/waka3x/models/alias.go:28.35,29.18 1 0
github.com/zetkey/waka3x/models/alias.go:29.18,31.4 1 0
github.com/zetkey/waka3x/models/alias.go:33.2,33.14 1 0
github.com/zetkey/waka3x/models/alias.go:36.41,37.72 1 0
github.com/zetkey/waka3x/models/alias.go:37.72,39.3 1 0
github.com/zetkey/waka3x/models/alias.go:40.2,43.20 4 0
github.com/zetkey/waka3x/models/api_key.go:11.33,13.2 1 0
github.com/zetkey/waka3x/models/canonical_names.go:16.19,23.2 2 0
github.com/zetkey/waka3x/models/canonical_names.go:25.59,26.27 1 0
github.com/zetkey/waka3x/models/canonical_names.go:26.27,28.3 1 0
github.com/zetkey/waka3x/models/canonical_names.go:30.2,30.46 1 0
github.com/zetkey/waka3x/models/canonical_names.go:30.46,32.3 1 0
github.com/zetkey/waka3x/models/canonical_names.go:34.2,35.64 2 0
github.com/zetkey/waka3x/models/canonical_names.go:35.64,37.3 1 0
github.com/zetkey/waka3x/models/canonical_names.go:39.2,39.34 1 0
github.com/zetkey/waka3x/models/duration.go:38.40,40.2 1 0
github.com/zetkey/waka3x/models/duration.go:42.75,43.23 1 0
github.com/zetkey/waka3x/models/duration.go:43.23,45.3 1 0
github.com/zetkey/waka3x/models/duration.go:46.2,52.35 1 0
github.com/zetkey/waka3x/models/duration.go:52.35,54.3 1 0
github.com/zetkey/waka3x/models/duration.go:55.2,55.18 1 0
github.com/zetkey/waka3x/models/duration.go:58.55,60.53 2 0
github.com/zetkey/waka3x/models/duration.go:60.53,62.3 1 0
github.com/zetkey/waka3x/models/duration.go:64.2,65.57 2 0
github.com/zetkey/waka3x/models/duration.go:65.57,67.3 1 0
github.com/zetkey/waka3x/models/duration.go:69.2,71.26 3 0
github.com/zetkey/waka3x/models/duration.go:71.26,76.3 2 0
github.com/zetkey/waka3x/models/duration.go:78.2,94.10 2 0
github.com/zetkey/waka3x/models/duration.go:97.50,100.2 2 0
github.com/zetkey/waka3x/models/duration.go:102.66,105.2 2 0
github.com/zetkey/waka3x/models/duration.go:107.39,109.16 2 0
github.com/zetkey/waka3x/models/duration.go:109.16,111.3 1 0
github.com/zetkey/waka3x/models/duration.go:112.2,113.10 2 0
github.com/zetkey/waka3x/models/duration.go:116.76,118.48 2 0
github.com/zetkey/waka3x/models/duration.go:118.48,122.109 1 0
github.com/zetkey/waka3x/models/duration.go:122.109,125.4 2 0
github.com/zetkey/waka3x/models/duration.go:127.2,127.10 1 0
github.com/zetkey/waka3x/models/duration.go:130.49,131.11 1 0
github.com/zetkey/waka3x/models/duration.go:132.22,133.18 1 0
github.com/zetkey/waka3x/models/duration.go:134.21,135.17 1 0
github.com/zetkey/waka3x/models/duration.go:136.23,137.19 1 0
github.com/zetkey/waka3x/models/duration.go:138.17,139.26 1 0
github.com/zetkey/waka3x/models/duration.go:140.22,141.18 1 0
github.com/zetkey/waka3x/models/duration.go:142.21,143.17 1 0
github.com/zetkey/waka3x/models/duration.go:144.21,145.17 1 0
github.com/zetkey/waka3x/models/duration.go:146.23,147.19 1 0
github.com/zetkey/waka3x/models/duration.go:150.2,150.15 1 0
github.com/zetkey/waka3x/models/duration.go:150.15,152.3 1 0
github.com/zetkey/waka3x/models/duration.go:154.2,154.12 1 0
github.com/zetkey/waka3x/models/durations.go:7.30,9.2 1 0
github.com/zetkey/waka3x/models/durations.go:11.40,13.2 1 0
github.com/zetkey/waka3x/models/durations.go:15.35,17.2 1 0
github.com/zetkey/waka3x/models/durations.go:19.45,21.22 2 0
github.com/zetkey/waka3x/models/durations.go:21.22,23.3 1 0
github.com/zetkey/waka3x/models/durations.go:24.2,24.14 1 0
github.com/zetkey/waka3x/models/durations.go:27.39,30.2 2 0
github.com/zetkey/waka3x/models/durations.go:32.39,34.18 1 0
github.com/zetkey/waka3x/models/durations.go:34.18,36.3 1 0
github.com/zetkey/waka3x/models/durations.go:37.2,37.16 1 0
github.com/zetkey/waka3x/models/durations.go:40.38,42.18 1 0
github.com/zetkey/waka3x/models/durations.go:42.18,44.3 1 0
github.com/zetkey/waka3x/models/durations.go:45.2,45.24 1 0
github.com/zetkey/waka3x/models/durations.go:48.76,49.25 1 0
github.com/zetkey/waka3x/models/durations.go:49.25,51.3 1 0
github.com/zetkey/waka3x/models/durations.go:52.2,52.10 1 0
github.com/zetkey/waka3x/models/filters.go:29.33,31.2 1 1
github.com/zetkey/waka3x/models/filters.go:33.48,34.22 1 1
github.com/zetkey/waka3x/models/filters.go:34.22,35.48 1 1
github.com/zetkey/waka3x/models/filters.go:35.48,37.4 1 1
github.com/zetkey/waka3x/models/filters.go:39.2,39.14 1 1
github.com/zetkey/waka3x/models/filters.go:47.56,49.2 1 1
github.com/zetkey/waka3x/models/filters.go:51.66,54.2 2 1
github.com/zetkey/waka3x/models/filters.go:56.59,58.2 1 1
github.com/zetkey/waka3x/models/filters.go:60.53,63.33 1 0
github.com/zetkey/waka3x/models/filters.go:63.33,65.3 1 0
github.com/zetkey/waka3x/models/filters.go:66.2,66.10 1 0
github.com/zetkey/waka3x/models/filters.go:69.70,70.16 1 1
github.com/zetkey/waka3x/models/filters.go:71.22,72.41 1 1
github.com/zetkey/waka3x/models/filters.go:73.17,74.31 1 0
github.com/zetkey/waka3x/models/filters.go:75.23,76.43 1 1
github.com/zetkey/waka3x/models/filters.go:77.21,78.39 1 0
github.com/zetkey/waka3x/models/filters.go:79.22,80.41 1 0
github.com/zetkey/waka3x/models/filters.go:81.20,82.37 1 1
github.com/zetkey/waka3x/models/filters.go:83.21,84.39 1 0
github.com/zetkey/waka3x/models/filters.go:85.21,86.39 1 0
github.com/zetkey/waka3x/models/filters.go:87.23,88.43 1 0
github.com/zetkey/waka3x/models/filters.go:90.2,90.10 1 1
github.com/zetkey/waka3x/models/filters.go:93.49,94.44 1 1
github.com/zetkey/waka3x/models/filters.go:94.44,96.3 1 1
github.com/zetkey/waka3x/models/filters.go:96.8,96.41 1 1
github.com/zetkey/waka3x/models/filters.go:96.41,98.3 1 0
github.com/zetkey/waka3x/models/filters.go:98.8,98.53 1 1
github.com/zetkey/waka3x/models/filters.go:98.53,100.3 1 1
github.com/zetkey/waka3x/models/filters.go:100.8,100.49 1 1
github.com/zetkey/waka3x/models/filters.go:100.49,102.3 1 0
github.com/zetkey/waka3x/models/filters.go:102.8,102.51 1 1
github.com/zetkey/waka3x/models/filters.go:102.51,104.3 1 0
github.com/zetkey/waka3x/models/filters.go:104.8,104.47 1 1
github.com/zetkey/waka3x/models/filters.go:104.47,106.3 1 0
github.com/zetkey/waka3x/models/filters.go:106.8,106.49 1 1
github.com/zetkey/waka3x/models/filters.go:106.49,108.3 1 0
github.com/zetkey/waka3x/models/filters.go:108.8,108.49 1 1
github.com/zetkey/waka3x/models/filters.go:108.49,110.3 1 0
github.com/zetkey/waka3x/models/filters.go:110.8,110.53 1 1
github.com/zetkey/waka3x/models/filters.go:110.53,112.3 1 0
github.com/zetkey/waka3x/models/filters.go:113.2,113.29 1 1
github.com/zetkey/waka3x/models/filters.go:116.46,117.30 1 1
github.com/zetkey/waka3x/models/filters.go:117.30,119.3 1 1
github.com/zetkey/waka3x/models/filters.go:120.2,120.66 1 0
github.com/zetkey/waka3x/models/filters.go:123.34,126.2 2 1
github.com/zetkey/waka3x/models/filters.go:128.31,130.51 2 0
github.com/zetkey/waka3x/models/filters.go:130.51,132.3 1 0
github.com/zetkey/waka3x/models/filters.go:133.2,133.14 1 0
github.com/zetkey/waka3x/models/filters.go:136.44,138.51 2 0
github.com/zetkey/waka3x/models/filters.go:138.51,139.27 1 0
github.com/zetkey/waka3x/models/filters.go:139.27,141.4 1 0
github.com/zetkey/waka3x/models/filters.go:143.2,143.14 1 0
github.com/zetkey/waka3x/models/filters.go:146.49,148.2 1 1
github.com/zetkey/waka3x/models/filters.go:150.56,151.25 1 1
github.com/zetkey/waka3x/models/filters.go:151.25,153.3 1 1
github.com/zetkey/waka3x/models/filters.go:154.2,154.29 1 1
github.com/zetkey/waka3x/models/filters.go:157.37,159.51 2 1
github.com/zetkey/waka3x/models/filters.go:159.51,160.35 1 1
github.com/zetkey/waka3x/models/filters.go:160.35,162.4 1 1
github.com/zetkey/waka3x/models/filters.go:164.2,164.14 1 1
github.com/zetkey/waka3x/models/filters.go:167.57,168.18 1 1
github.com/zetkey/waka3x/models/filters.go:169.22,170.20 1 1
github.com/zetkey/waka3x/models/filters.go:171.23,172.21 1 1
github.com/zetkey/waka3x/models/filters.go:173.21,174.19 1 1
github.com/zetkey/waka3x/models/filters.go:175.17,176.15 1 1
github.com/zetkey/waka3x/models/filters.go:177.22,178.20 1 1
github.com/zetkey/waka3x/models/filters.go:179.20,180.18 1 1
github.com/zetkey/waka3x/models/filters.go:181.21,182.19 1 1
github.com/zetkey/waka3x/models/filters.go:183.21,184.19 1 1
github.com/zetkey/waka3x/models/filters.go:185.23,186.21 1 0
github.com/zetkey/waka3x/models/filters.go:187.10,188.21 1 0
github.com/zetkey/waka3x/models/filters.go:192.33,194.16 2 0
github.com/zetkey/waka3x/models/filters.go:194.16,196.3 1 0
github.com/zetkey/waka3x/models/filters.go:197.2,197.32 1 0
github.com/zetkey/waka3x/models/filters.go:200.53,207.2 1 1
github.com/zetkey/waka3x/models/filters.go:209.51,216.2 1 0
github.com/zetkey/waka3x/models/filters.go:219.70,220.26 1 1
github.com/zetkey/waka3x/models/filters.go:220.26,222.3 1 0
github.com/zetkey/waka3x/models/filters.go:224.2,224.25 1 1
github.com/zetkey/waka3x/models/filters.go:224.25,226.3 1 1
github.com/zetkey/waka3x/models/filters.go:228.2,228.22 1 1
github.com/zetkey/waka3x/models/filters.go:228.22,230.31 2 1
github.com/zetkey/waka3x/models/filters.go:230.31,233.4 2 1
github.com/zetkey/waka3x/models/filters.go:234.3,235.22 2 1
github.com/zetkey/waka3x/models/filters.go:237.2,237.17 1 1
github.com/zetkey/waka3x/models/filters.go:237.17,239.26 2 0
github.com/zetkey/waka3x/models/filters.go:239.26,242.4 2 0
github.com/zetkey/waka3x/models/filters.go:243.3,244.17 2 0
github.com/zetkey/waka3x/models/filters.go:246.2,246.23 1 1
github.com/zetkey/waka3x/models/filters.go:246.23,248.32 2 1
github.com/zetkey/waka3x/models/filters.go:248.32,251.4 2 1
github.com/zetkey/waka3x/models/filters.go:252.3,253.23 2 1
github.com/zetkey/waka3x/models/filters.go:255.2,255.21 1 1
github.com/zetkey/waka3x/models/filters.go:255.21,257.30 2 0
github.com/zetkey/waka3x/models/filters.go:257.30,260.4 2 0
github.com/zetkey/waka3x/models/filters.go:261.3,262.21 2 0
github.com/zetkey/waka3x/models/filters.go:264.2,264.22 1 1
github.com/zetkey/waka3x/models/filters.go:264.22,266.31 2 0
github.com/zetkey/waka3x/models/filters.go:266.31,269.4 2 0
github.com/zetkey/waka3x/models/filters.go:270.3,271.22 2 0
github.com/zetkey/waka3x/models/filters.go:273.2,273.21 1 1
github.com/zetkey/waka3x/models/filters.go:273.21,275.30 2 0
github.com/zetkey/waka3x/models/filters.go:275.30,278.4 2 0
github.com/zetkey/waka3x/models/filters.go:279.3,280.21 2 0
github.com/zetkey/waka3x/models/filters.go:282.2,282.23 1 1
github.com/zetkey/waka3x/models/filters.go:282.23,284.32 2 0
github.com/zetkey/waka3x/models/filters.go:284.32,287.4 2 0
github.com/zetkey/waka3x/models/filters.go:288.3,289.23 2 0
github.com/zetkey/waka3x/models/filters.go:293.2,294.10 2 1
github.com/zetkey/waka3x/models/filters.go:297.83,298.71 1 1
github.com/zetkey/waka3x/models/filters.go:298.71,300.3 1 0
github.com/zetkey/waka3x/models/filters.go:301.2,301.28 1 1
github.com/zetkey/waka3x/models/filters.go:301.28,303.3 1 1
github.com/zetkey/waka3x/models/filters.go:304.2,305.10 2 1
github.com/zetkey/waka3x/models/filters.go:308.43,310.2 1 0
github.com/zetkey/waka3x/models/heartbeat.go:51.34,53.2 1 1
github.com/zetkey/waka3x/models/heartbeat.go:55.55,58.2 2 0
github.com/zetkey/waka3x/models/heartbeat.go:60.43,64.22 4 0
github.com/zetkey/waka3x/models/heartbeat.go:64.22,65.44 1 0
github.com/zetkey/waka3x/models/heartbeat.go:65.44,67.4 1 0
github.com/zetkey/waka3x/models/heartbeat.go:67.9,67.50 1 0
github.com/zetkey/waka3x/models/heartbeat.go:67.50,69.4 1 0
github.com/zetkey/waka3x/models/heartbeat.go:72.2,72.10 1 0
github.com/zetkey/waka3x/models/heartbeat.go:75.65,77.46 2 1
github.com/zetkey/waka3x/models/heartbeat.go:77.46,78.108 1 1
github.com/zetkey/waka3x/models/heartbeat.go:78.108,81.4 2 1
github.com/zetkey/waka3x/models/heartbeat.go:85.50,86.11 1 1
github.com/zetkey/waka3x/models/heartbeat.go:87.22,88.18 1 1
github.com/zetkey/waka3x/models/heartbeat.go:89.21,90.17 1 1
github.com/zetkey/waka3x/models/heartbeat.go:91.23,92.19 1 1
github.com/zetkey/waka3x/models/heartbeat.go:93.17,94.26 1 1
github.com/zetkey/waka3x/models/heartbeat.go:95.22,96.18 1 1
github.com/zetkey/waka3x/models/heartbeat.go:97.21,98.17 1 0
github.com/zetkey/waka3x/models/heartbeat.go:99.21,100.17 1 0
github.com/zetkey/waka3x/models/heartbeat.go:101.23,102.19 1 1
github.com/zetkey/waka3x/models/heartbeat.go:105.2,105.15 1 1
github.com/zetkey/waka3x/models/heartbeat.go:105.15,107.3 1 1
github.com/zetkey/waka3x/models/heartbeat.go:109.2,109.12 1 1
github.com/zetkey/waka3x/models/heartbeat.go:112.48,114.2 1 0
github.com/zetkey/waka3x/models/heartbeat.go:116.49,118.2 1 0
github.com/zetkey/waka3x/models/heartbeat.go:120.50,122.2 1 0
github.com/zetkey/waka3x/models/heartbeat.go:124.43,126.2 1 0
github.com/zetkey/waka3x/models/heartbeat.go:128.41,129.29 1 0
github.com/zetkey/waka3x/models/heartbeat.go:129.29,131.3 1 0
github.com/zetkey/waka3x/models/heartbeat.go:132.2,132.30 1 0
github.com/zetkey/waka3x/models/heartbeat.go:132.30,134.3 1 0
github.com/zetkey/waka3x/models/heartbeat.go:135.2,135.31 1 0
github.com/zetkey/waka3x/models/heartbeat.go:135.31,137.3 1 0
github.com/zetkey/waka3x/models/heartbeat.go:140.37,156.2 1 0
github.com/zetkey/waka3x/models/heartbeat.go:164.41,166.16 2 1
github.com/zetkey/waka3x/models/heartbeat.go:166.16,168.3 1 0
github.com/zetkey/waka3x/models/heartbeat.go:169.2,170.10 2 1
github.com/zetkey/waka3x/models/heartbeat.go:173.38,185.2 1 0
github.com/zetkey/waka3x/models/heartbeats.go:7.31,9.2 1 0
github.com/zetkey/waka3x/models/heartbeats.go:11.41,13.2 1 0
github.com/zetkey/waka3x/models/heartbeats.go:15.36,17.2 1 0
github.com/zetkey/waka3x/models/heartbeats.go:19.43,22.2 2 0
github.com/zetkey/waka3x/models/heartbeats.go:24.41,26.18 1 0
github.com/zetkey/waka3x/models/heartbeats.go:26.18,28.3 1 0
github.com/zetkey/waka3x/models/heartbeats.go:29.2,29.16 1 0
github.com/zetkey/waka3x/models/heartbeats.go:32.40,34.18 1 0
github.com/zetkey/waka3x/models/heartbeats.go:34.18,36.3 1 0
github.com/zetkey/waka3x/models/heartbeats.go:37.2,37.24 1 0
github.com/zetkey/waka3x/models/interval.go:47.47,48.23 1 0
github.com/zetkey/waka3x/models/interval.go:48.23,49.13 1 0
github.com/zetkey/waka3x/models/interval.go:49.13,51.4 1 0
github.com/zetkey/waka3x/models/interval.go:53.2,53.14 1 0
github.com/zetkey/waka3x/models/interval.go:56.49,57.23 1 0
github.com/zetkey/waka3x/models/interval.go:57.23,58.34 1 0
github.com/zetkey/waka3x/models/interval.go:58.34,60.4 1 0
github.com/zetkey/waka3x/models/interval.go:62.2,62.11 1 0
github.com/zetkey/waka3x/models/language_mapping.go:11.42,13.2 1 0
github.com/zetkey/waka3x/models/language_mapping.go:15.51,17.2 1 0
github.com/zetkey/waka3x/models/language_mapping.go:19.52,21.2 1 0
github.com/zetkey/waka3x/models/leaderboard.go:28.73,30.2 1 0
github.com/zetkey/waka3x/models/leaderboard.go:39.56,40.103 1 0
github.com/zetkey/waka3x/models/leaderboard.go:40.103,42.3 1 0
github.com/zetkey/waka3x/models/leaderboard.go:42.13,44.3 1 0
github.com/zetkey/waka3x/models/leaderboard.go:47.63,48.29 1 0
github.com/zetkey/waka3x/models/leaderboard.go:48.29,50.3 1 0
github.com/zetkey/waka3x/models/leaderboard.go:54.37,55.94 1 0
github.com/zetkey/waka3x/models/leaderboard.go:55.94,57.3 1 0
github.com/zetkey/waka3x/models/leaderboard.go:60.41,61.123 1 0
github.com/zetkey/waka3x/models/leaderboard.go:61.123,63.3 1 0
github.com/zetkey/waka3x/models/leaderboard.go:66.50,68.2 1 0
github.com/zetkey/waka3x/models/leaderboard.go:71.60,72.109 1 0
github.com/zetkey/waka3x/models/leaderboard.go:72.109,74.3 1 0
github.com/zetkey/waka3x/models/leaderboard.go:75.2,75.15 1 0
github.com/zetkey/waka3x/models/leaderboard.go:78.65,79.95 1 0
github.com/zetkey/waka3x/models/leaderboard.go:79.95,81.3 1 0
github.com/zetkey/waka3x/models/leaderboard.go:84.49,85.114 1 0
github.com/zetkey/waka3x/models/leaderboard.go:85.114,87.3 1 0
github.com/zetkey/waka3x/models/leaderboard.go:90.68,93.25 2 0
github.com/zetkey/waka3x/models/leaderboard.go:93.25,94.58 1 0
github.com/zetkey/waka3x/models/leaderboard.go:94.58,95.12 1 0
github.com/zetkey/waka3x/models/leaderboard.go:97.3,98.38 2 0
github.com/zetkey/waka3x/models/leaderboard.go:98.38,100.4 1 0
github.com/zetkey/waka3x/models/leaderboard.go:101.3,101.40 1 0
github.com/zetkey/waka3x/models/leaderboard.go:104.2,104.184 1 0
github.com/zetkey/waka3x/models/leaderboard.go:104.184,106.3 1 0
github.com/zetkey/waka3x/models/leaderboard.go:107.2,107.67 1 0
github.com/zetkey/waka3x/models/leaderboard.go:107.67,109.3 1 0
github.com/zetkey/waka3x/models/leaderboard.go:111.2,111.15 1 0
github.com/zetkey/waka3x/models/leaderboard.go:114.70,115.128 1 0
github.com/zetkey/waka3x/models/leaderboard.go:115.128,117.3 1 0
github.com/zetkey/waka3x/models/leaderboard.go:120.89,121.107 1 0
github.com/zetkey/waka3x/models/leaderboard.go:121.107,123.3 1 0
github.com/zetkey/waka3x/models/leaderboard.go:126.45,128.25 2 0
github.com/zetkey/waka3x/models/leaderboard.go:128.25,129.43 1 0
github.com/zetkey/waka3x/models/leaderboard.go:129.43,131.4 1 0
github.com/zetkey/waka3x/models/leaderboard.go:133.2,133.19 1 0
github.com/zetkey/waka3x/models/mail.go:25.44,29.2 3 0
github.com/zetkey/waka3x/models/mail.go:31.44,35.2 3 0
github.com/zetkey/waka3x/models/mail.go:37.34,38.18 1 0
github.com/zetkey/waka3x/models/mail.go:38.18,40.3 1 0
github.com/zetkey/waka3x/models/mail.go:41.2,41.21 1 0
github.com/zetkey/waka3x/models/mail.go:41.21,43.3 1 0
github.com/zetkey/waka3x/models/mail.go:44.2,44.23 1 0
github.com/zetkey/waka3x/models/mail.go:44.23,46.3 1 0
github.com/zetkey/waka3x/models/mail.go:47.2,47.10 1 0
github.com/zetkey/waka3x/models/mail.go:50.32,67.29 2 0
github.com/zetkey/waka3x/models/mail.go:67.29,69.3 1 0
github.com/zetkey/waka3x/models/mail.go:71.2,71.56 1 0
github.com/zetkey/waka3x/models/mail.go:74.41,76.2 1 0
github.com/zetkey/waka3x/models/mail_address.go:18.13,21.2 2 1
github.com/zetkey/waka3x/models/mail_address.go:27.38,29.2 1 0
github.com/zetkey/waka3x/models/mail_address.go:31.35,33.21 2 1
github.com/zetkey/waka3x/models/mail_address.go:33.21,34.21 1 1
github.com/zetkey/waka3x/models/mail_address.go:34.21,36.4 1 1
github.com/zetkey/waka3x/models/mail_address.go:37.3,37.18 1 1
github.com/zetkey/waka3x/models/mail_address.go:39.2,39.11 1 1
github.com/zetkey/waka3x/models/mail_address.go:42.38,44.21 2 0
github.com/zetkey/waka3x/models/mail_address.go:44.21,46.3 1 0
github.com/zetkey/waka3x/models/mail_address.go:47.2,47.17 1 0
github.com/zetkey/waka3x/models/mail_address.go:50.35,52.2 1 1
github.com/zetkey/waka3x/models/mail_address.go:54.43,56.22 2 0
github.com/zetkey/waka3x/models/mail_address.go:56.22,58.3 1 0
github.com/zetkey/waka3x/models/mail_address.go:59.2,59.12 1 0
github.com/zetkey/waka3x/models/mail_address.go:62.46,64.22 2 1
github.com/zetkey/waka3x/models/mail_address.go:64.22,66.3 1 1
github.com/zetkey/waka3x/models/mail_address.go:67.2,67.12 1 1
github.com/zetkey/waka3x/models/mail_address.go:70.40,71.22 1 1
github.com/zetkey/waka3x/models/mail_address.go:71.22,72.17 1 1
github.com/zetkey/waka3x/models/mail_address.go:72.17,74.4 1 1
github.com/zetkey/waka3x/models/mail_address.go:76.2,76.13 1 1
github.com/zetkey/waka3x/models/models.go:3.14,5.2 0 1
github.com/zetkey/waka3x/models/project_label.go:14.39,16.2 1 0
github.com/zetkey/waka3x/models/shared.go:51.77,54.65 2 0
github.com/zetkey/waka3x/models/shared.go:54.66,56.3 0 0
github.com/zetkey/waka3x/models/shared.go:58.2,58.56 1 0
github.com/zetkey/waka3x/models/shared.go:58.56,59.54 1 0
github.com/zetkey/waka3x/models/shared.go:59.54,61.4 1 0
github.com/zetkey/waka3x/models/shared.go:64.2,64.10 1 0
github.com/zetkey/waka3x/models/shared.go:67.52,69.2 1 0
github.com/zetkey/waka3x/models/shared.go:71.52,74.16 3 1
github.com/zetkey/waka3x/models/shared.go:74.16,76.3 1 0
github.com/zetkey/waka3x/models/shared.go:77.2,79.12 3 1
github.com/zetkey/waka3x/models/shared.go:82.52,88.22 2 0
github.com/zetkey/waka3x/models/shared.go:89.14,93.17 2 0
github.com/zetkey/waka3x/models/shared.go:93.17,95.4 1 0
github.com/zetkey/waka3x/models/shared.go:96.3,96.17 1 0
github.com/zetkey/waka3x/models/shared.go:96.17,98.4 1 0
github.com/zetkey/waka3x/models/shared.go:99.17,101.8 2 0
github.com/zetkey/waka3x/models/shared.go:102.10,103.64 1 0
github.com/zetkey/waka3x/models/shared.go:108.2,108.23 1 0
github.com/zetkey/waka3x/models/shared.go:108.23,111.3 2 0
github.com/zetkey/waka3x/models/shared.go:112.2,112.26 1 0
github.com/zetkey/waka3x/models/shared.go:112.26,114.3 1 0
github.com/zetkey/waka3x/models/shared.go:116.2,119.12 3 0
github.com/zetkey/waka3x/models/shared.go:122.51,124.2 1 0
github.com/zetkey/waka3x/models/shared.go:126.45,128.2 1 1
github.com/zetkey/waka3x/models/shared.go:130.37,132.2 1 0
github.com/zetkey/waka3x/models/shared.go:134.35,136.2 1 1
github.com/zetkey/waka3x/models/shared.go:138.34,140.2 1 0
github.com/zetkey/waka3x/models/summary.go:84.29,86.2 1 1
github.com/zetkey/waka3x/models/summary.go:88.35,90.2 1 0
github.com/zetkey/waka3x/models/summary.go:92.38,94.2 1 0
github.com/zetkey/waka3x/models/summary.go:96.33,108.2 1 0
github.com/zetkey/waka3x/models/summary.go:110.37,121.2 10 1
github.com/zetkey/waka3x/models/summary.go:123.35,125.2 1 1
github.com/zetkey/waka3x/models/summary.go:127.57,139.2 1 1
github.com/zetkey/waka3x/models/summary.go:141.62,142.21 1 1
github.com/zetkey/waka3x/models/summary.go:143.22,144.21 1 1
github.com/zetkey/waka3x/models/summary.go:145.23,146.22 1 1
github.com/zetkey/waka3x/models/summary.go:147.21,148.20 1 1
github.com/zetkey/waka3x/models/summary.go:149.17,150.29 1 1
github.com/zetkey/waka3x/models/summary.go:151.22,152.21 1 1
github.com/zetkey/waka3x/models/summary.go:153.20,154.19 1 1
github.com/zetkey/waka3x/models/summary.go:155.21,156.21 1 1
github.com/zetkey/waka3x/models/summary.go:157.21,158.21 1 1
github.com/zetkey/waka3x/models/summary.go:159.23,160.23 1 1
github.com/zetkey/waka3x/models/summary.go:162.2,162.12 1 0
github.com/zetkey/waka3x/models/summary.go:165.69,166.21 1 1
github.com/zetkey/waka3x/models/summary.go:167.22,169.8 2 1
github.com/zetkey/waka3x/models/summary.go:170.23,172.8 2 0
github.com/zetkey/waka3x/models/summary.go:173.21,175.8 2 0
github.com/zetkey/waka3x/models/summary.go:176.17,178.8 2 0
github.com/zetkey/waka3x/models/summary.go:179.22,181.8 2 0
github.com/zetkey/waka3x/models/summary.go:182.20,184.8 2 0
github.com/zetkey/waka3x/models/summary.go:185.21,187.8 2 0
github.com/zetkey/waka3x/models/summary.go:188.21,190.8 2 0
github.com/zetkey/waka3x/models/summary.go:191.23,193.8 2 0
github.com/zetkey/waka3x/models/summary.go:197.59,198.21 1 1
github.com/zetkey/waka3x/models/summary.go:198.21,200.3 1 1
github.com/zetkey/waka3x/models/summary.go:202.2,202.35 1 1
github.com/zetkey/waka3x/models/summary.go:202.35,203.41 1 1
github.com/zetkey/waka3x/models/summary.go:203.41,205.4 1 1
github.com/zetkey/waka3x/models/summary.go:208.2,208.10 1 1
github.com/zetkey/waka3x/models/summary.go:215.62,216.116 1 1
github.com/zetkey/waka3x/models/summary.go:216.116,218.3 1 1
github.com/zetkey/waka3x/models/summary.go:219.2,220.10 2 1
github.com/zetkey/waka3x/models/summary.go:236.33,241.26 4 1
github.com/zetkey/waka3x/models/summary.go:241.26,242.30 1 1
github.com/zetkey/waka3x/models/summary.go:242.30,244.4 1 1
github.com/zetkey/waka3x/models/summary.go:248.2,248.37 1 1
github.com/zetkey/waka3x/models/summary.go:248.37,250.3 1 0
github.com/zetkey/waka3x/models/summary.go:253.2,254.16 2 1
github.com/zetkey/waka3x/models/summary.go:254.16,256.3 1 0
github.com/zetkey/waka3x/models/summary.go:257.2,257.33 1 1
github.com/zetkey/waka3x/models/summary.go:257.33,259.3 1 1
github.com/zetkey/waka3x/models/summary.go:263.56,269.28 5 1
github.com/zetkey/waka3x/models/summary.go:269.28,271.3 1 1
github.com/zetkey/waka3x/models/summary.go:273.2,274.42 2 1
github.com/zetkey/waka3x/models/summary.go:274.42,275.22 1 0
github.com/zetkey/waka3x/models/summary.go:275.22,277.9 2 0
github.com/zetkey/waka3x/models/summary.go:281.2,282.15 2 1
github.com/zetkey/waka3x/models/summary.go:282.15,283.28 1 1
github.com/zetkey/waka3x/models/summary.go:283.28,285.4 1 0
github.com/zetkey/waka3x/models/summary.go:285.9,291.4 1 1
github.com/zetkey/waka3x/models/summary.go:295.68,297.73 2 1
github.com/zetkey/waka3x/models/summary.go:297.73,299.3 1 1
github.com/zetkey/waka3x/models/summary.go:300.2,300.19 1 1
github.com/zetkey/waka3x/models/summary.go:300.19,302.3 1 0
github.com/zetkey/waka3x/models/summary.go:303.2,303.50 1 1
github.com/zetkey/waka3x/models/summary.go:306.88,308.36 2 1
github.com/zetkey/waka3x/models/summary.go:308.36,309.46 1 1
github.com/zetkey/waka3x/models/summary.go:309.46,310.12 1 1
github.com/zetkey/waka3x/models/summary.go:312.3,312.38 1 1
github.com/zetkey/waka3x/models/summary.go:314.2,314.16 1 1
github.com/zetkey/waka3x/models/summary.go:317.45,319.2 1 1
github.com/zetkey/waka3x/models/summary.go:321.45,326.16 4 1
github.com/zetkey/waka3x/models/summary.go:326.16,328.3 1 0
github.com/zetkey/waka3x/models/summary.go:329.2,329.39 1 1
github.com/zetkey/waka3x/models/summary.go:329.39,331.3 1 1
github.com/zetkey/waka3x/models/summary.go:333.2,333.30 1 1
github.com/zetkey/waka3x/models/summary.go:336.73,338.55 2 1
github.com/zetkey/waka3x/models/summary.go:338.55,339.31 1 1
github.com/zetkey/waka3x/models/summary.go:339.31,341.4 1 1
github.com/zetkey/waka3x/models/summary.go:343.2,343.16 1 1
github.com/zetkey/waka3x/models/summary.go:346.88,348.55 2 1
github.com/zetkey/waka3x/models/summary.go:348.55,349.31 1 1
github.com/zetkey/waka3x/models/summary.go:349.31,350.23 1 1
github.com/zetkey/waka3x/models/summary.go:350.23,351.13 1 1
github.com/zetkey/waka3x/models/summary.go:353.4,353.46 1 1
github.com/zetkey/waka3x/models/summary.go:356.2,356.16 1 1
github.com/zetkey/waka3x/models/summary.go:359.73,361.34 2 1
github.com/zetkey/waka3x/models/summary.go:361.34,363.3 1 1
github.com/zetkey/waka3x/models/summary.go:364.2,364.14 1 1
github.com/zetkey/waka3x/models/summary.go:367.56,370.55 3 0
github.com/zetkey/waka3x/models/summary.go:370.55,371.31 1 0
github.com/zetkey/waka3x/models/summary.go:371.31,372.44 1 0
github.com/zetkey/waka3x/models/summary.go:372.44,374.5 1 0
github.com/zetkey/waka3x/models/summary.go:377.2,377.12 1 0
github.com/zetkey/waka3x/models/summary.go:380.58,382.16 2 0
github.com/zetkey/waka3x/models/summary.go:382.16,384.3 1 0
github.com/zetkey/waka3x/models/summary.go:385.2,385.16 1 0
github.com/zetkey/waka3x/models/summary.go:388.71,389.62 1 1
github.com/zetkey/waka3x/models/summary.go:389.62,390.19 1 1
github.com/zetkey/waka3x/models/summary.go:390.19,392.4 1 1
github.com/zetkey/waka3x/models/summary.go:393.3,395.45 2 1
github.com/zetkey/waka3x/models/summary.go:395.45,396.38 1 1
github.com/zetkey/waka3x/models/summary.go:396.38,397.24 1 1
github.com/zetkey/waka3x/models/summary.go:397.24,399.6 1 1
github.com/zetkey/waka3x/models/summary.go:401.4,401.14 1 1
github.com/zetkey/waka3x/models/summary.go:404.3,404.30 1 1
github.com/zetkey/waka3x/models/summary.go:404.30,406.60 1 1
github.com/zetkey/waka3x/models/summary.go:406.60,408.5 1 1
github.com/zetkey/waka3x/models/summary.go:411.3,411.30 1 1
github.com/zetkey/waka3x/models/summary.go:411.30,413.60 1 1
github.com/zetkey/waka3x/models/summary.go:413.60,414.55 1 1
github.com/zetkey/waka3x/models/summary.go:414.55,416.6 1 1
github.com/zetkey/waka3x/models/summary.go:416.11,424.6 1 1
github.com/zetkey/waka3x/models/summary.go:428.3,428.22 1 1
github.com/zetkey/waka3x/models/summary.go:432.2,442.10 9 1
github.com/zetkey/waka3x/models/summary.go:446.52,451.2 3 0
github.com/zetkey/waka3x/models/summary.go:453.57,454.30 1 1
github.com/zetkey/waka3x/models/summary.go:454.30,455.28 1 1
github.com/zetkey/waka3x/models/summary.go:455.28,457.4 1 1
github.com/zetkey/waka3x/models/summary.go:459.2,459.43 1 0
github.com/zetkey/waka3x/models/summary.go:462.43,464.2 1 1
github.com/zetkey/waka3x/models/summary.go:466.49,467.52 1 1
github.com/zetkey/waka3x/models/summary.go:467.52,469.3 1 1
github.com/zetkey/waka3x/models/summary.go:470.2,471.99 2 1
github.com/zetkey/waka3x/models/summary.go:474.51,475.27 1 0
github.com/zetkey/waka3x/models/summary.go:475.27,477.3 1 0
github.com/zetkey/waka3x/models/summary.go:478.2,479.19 2 0
github.com/zetkey/waka3x/models/summary.go:482.41,484.2 1 0
github.com/zetkey/waka3x/models/summary.go:486.50,490.2 1 1
github.com/zetkey/waka3x/models/summary.go:492.49,493.101 1 0
github.com/zetkey/waka3x/models/summary.go:493.101,495.3 1 0
github.com/zetkey/waka3x/models/summary.go:498.30,500.2 1 0
github.com/zetkey/waka3x/models/summary.go:502.40,504.2 1 0
github.com/zetkey/waka3x/models/summary.go:506.35,508.2 1 0
github.com/zetkey/waka3x/models/summary.go:510.33,512.2 1 1
github.com/zetkey/waka3x/models/summary.go:514.43,516.2 1 1
github.com/zetkey/waka3x/models/summary.go:518.38,520.2 1 1
github.com/zetkey/waka3x/models/user.go:25.13,27.2 1 1
github.com/zetkey/waka3x/models/user.go:126.66,137.2 2 0
github.com/zetkey/waka3x/models/user.go:139.34,141.2 1 0
github.com/zetkey/waka3x/models/user.go:143.36,144.22 1 1
github.com/zetkey/waka3x/models/user.go:144.22,146.3 1 1
github.com/zetkey/waka3x/models/user.go:147.2,148.16 2 1
github.com/zetkey/waka3x/models/user.go:148.16,150.3 1 0
github.com/zetkey/waka3x/models/user.go:151.2,151.11 1 1
github.com/zetkey/waka3x/models/user.go:156.41,159.2 2 1
github.com/zetkey/waka3x/models/user.go:162.46,163.44 1 0
github.com/zetkey/waka3x/models/user.go:163.44,165.3 1 0
github.com/zetkey/waka3x/models/user.go:166.2,166.36 1 0
github.com/zetkey/waka3x/models/user.go:169.53,172.54 3 0
github.com/zetkey/waka3x/models/user.go:172.54,174.3 1 0
github.com/zetkey/waka3x/models/user.go:175.2,175.51 1 0
github.com/zetkey/waka3x/models/user.go:175.51,177.3 1 0
github.com/zetkey/waka3x/models/user.go:178.2,178.20 1 0
github.com/zetkey/waka3x/models/user.go:181.50,182.32 1 0
github.com/zetkey/waka3x/models/user.go:182.32,184.3 1 0
github.com/zetkey/waka3x/models/user.go:185.2,185.33 1 0
github.com/zetkey/waka3x/models/user.go:188.43,190.2 1 0
github.com/zetkey/waka3x/models/user.go:193.52,194.28 1 0
github.com/zetkey/waka3x/models/user.go:194.28,196.3 1 0
github.com/zetkey/waka3x/models/user.go:197.2,197.17 1 0
github.com/zetkey/waka3x/models/user.go:201.45,203.2 1 1
github.com/zetkey/waka3x/models/user.go:205.51,207.2 1 1
github.com/zetkey/waka3x/models/user.go:213.65,215.32 2 0
github.com/zetkey/waka3x/models/user.go:215.32,217.3 1 0
github.com/zetkey/waka3x/models/user.go:218.2,218.30 1 0
github.com/zetkey/waka3x/models/user.go:218.30,220.3 1 0
github.com/zetkey/waka3x/models/user.go:221.2,222.24 2 0
github.com/zetkey/waka3x/models/user.go:225.39,227.55 2 1
github.com/zetkey/waka3x/models/user.go:227.55,229.3 1 1
github.com/zetkey/waka3x/models/user.go:231.2,231.51 1 1
github.com/zetkey/waka3x/models/user.go:234.37,236.2 1 0
github.com/zetkey/waka3x/models/user.go:238.41,240.2 1 0
github.com/zetkey/waka3x/models/user.go:242.43,245.2 1 0
github.com/zetkey/waka3x/models/user.go:247.45,250.2 1 0
github.com/zetkey/waka3x/models/user.go:252.33,256.52 3 0
github.com/zetkey/waka3x/models/user.go:256.52,258.3 1 0
github.com/zetkey/waka3x/models/user.go:260.2,264.15 1 0
github.com/zetkey/waka3x/models/user.go:267.41,269.2 1 0
github.com/zetkey/waka3x/models/user.go:271.45,273.2 1 0
github.com/zetkey/waka3x/models/user.go:275.45,277.2 1 0
github.com/zetkey/waka3x/models/user.go:279.59,281.2 1 0
github.com/zetkey/waka3x/models/user.go:284.39,288.2 3 0
github.com/zetkey/waka3x/models/user.go:290.39,293.2 2 0
github.com/zetkey/waka3x/models/user.go:295.48,297.2 1 0
github.com/zetkey/waka3x/models/user.go:300.36,302.2 1 0
github.com/zetkey/waka3x/models/user.go:305.38,307.2 1 0
github.com/zetkey/waka3x/models/user.go:310.45,312.2 1 0
github.com/zetkey/waka3x/models/user.go:315.60,316.89 1 0
github.com/zetkey/waka3x/models/user.go:316.89,318.3 1 0
github.com/zetkey/waka3x/models/user_agent.go:18.42,21.2 2 0
github.com/zetkey/waka3x/models/webauthn.go:21.59,23.2 1 0
github.com/zetkey/waka3x/models/webauthn.go:29.56,31.2 1 0
github.com/zetkey/waka3x/models/webauthn.go:38.57,39.18 1 0
github.com/zetkey/waka3x/models/webauthn.go:39.18,42.3 2 0
github.com/zetkey/waka3x/models/webauthn.go:44.2,45.27 2 0
github.com/zetkey/waka3x/models/webauthn.go:46.13,47.8 1 0
github.com/zetkey/waka3x/models/webauthn.go:48.13,49.15 1 0
github.com/zetkey/waka3x/models/webauthn.go:50.11,51.15 1 0
github.com/zetkey/waka3x/models/webauthn.go:52.10,53.70 1 0
github.com/zetkey/waka3x/models/webauthn.go:57.2,57.23 1 0
github.com/zetkey/waka3x/models/webauthn.go:57.23,59.3 1 0
github.com/zetkey/waka3x/models/webauthn.go:61.2,63.12 3 0
github.com/zetkey/waka3x/models/webauthn.go:80.48,82.2 1 0
github.com/zetkey/waka3x/models/webauthn.go:84.58,94.2 1 0
github.com/zetkey/waka3x/models/webauthn.go:96.98,108.2 1 0
github.com/zetkey/waka3x/models/webauthn.go:110.84,120.2 1 0
github.com/zetkey/waka3x/routes/api/activity.go:19.13,21.2 1 1
github.com/zetkey/waka3x/routes/api/activity.go:29.126,35.2 1 0
github.com/zetkey/waka3x/routes/api/activity.go:37.64,46.2 4 0
github.com/zetkey/waka3x/routes/api/activity.go:48.87,55.45 3 0
github.com/zetkey/waka3x/routes/api/activity.go:55.45,59.3 3 0
github.com/zetkey/waka3x/routes/api/activity.go:60.2,61.16 2 0
github.com/zetkey/waka3x/routes/api/activity.go:61.16,64.3 2 0
github.com/zetkey/waka3x/routes/api/activity.go:66.2,66.68 1 0
github.com/zetkey/waka3x/routes/api/activity.go:66.68,67.40 1 0
github.com/zetkey/waka3x/routes/api/activity.go:67.40,70.4 2 0
github.com/zetkey/waka3x/routes/api/activity.go:73.2,77.16 4 0
github.com/zetkey/waka3x/routes/api/activity.go:77.16,81.3 3 0
github.com/zetkey/waka3x/routes/api/activity.go:83.2,86.24 4 0
github.com/zetkey/waka3x/routes/api/auth.go:30.196,38.2 1 0
github.com/zetkey/waka3x/routes/api/auth.go:40.60,49.34 8 0
github.com/zetkey/waka3x/routes/api/auth.go:49.34,53.3 3 0
github.com/zetkey/waka3x/routes/api/auth.go:56.84,60.65 3 0
github.com/zetkey/waka3x/routes/api/auth.go:60.65,63.3 2 0
github.com/zetkey/waka3x/routes/api/auth.go:64.2,66.24 2 0
github.com/zetkey/waka3x/routes/api/auth.go:66.24,69.3 2 0
github.com/zetkey/waka3x/routes/api/auth.go:71.2,76.51 5 0
github.com/zetkey/waka3x/routes/api/auth.go:76.51,79.3 2 0
github.com/zetkey/waka3x/routes/api/auth.go:81.2,81.72 1 0
github.com/zetkey/waka3x/routes/api/auth.go:84.72,85.40 1 0
github.com/zetkey/waka3x/routes/api/auth.go:85.40,88.3 2 0
github.com/zetkey/waka3x/routes/api/auth.go:90.2,91.63 2 0
github.com/zetkey/waka3x/routes/api/auth.go:91.63,94.3 2 0
github.com/zetkey/waka3x/routes/api/auth.go:96.2,96.50 1 0
github.com/zetkey/waka3x/routes/api/auth.go:96.50,99.3 2 0
github.com/zetkey/waka3x/routes/api/auth.go:101.2,102.16 2 0
github.com/zetkey/waka3x/routes/api/auth.go:102.16,104.17 2 0
github.com/zetkey/waka3x/routes/api/auth.go:104.17,107.4 2 0
github.com/zetkey/waka3x/routes/api/auth.go:110.2,110.91 1 0
github.com/zetkey/waka3x/routes/api/auth.go:110.91,113.3 2 0
github.com/zetkey/waka3x/routes/api/auth.go:116.2,117.16 2 0
github.com/zetkey/waka3x/routes/api/auth.go:117.16,120.3 2 0
github.com/zetkey/waka3x/routes/api/auth.go:122.2,126.96 4 0
github.com/zetkey/waka3x/routes/api/auth.go:129.73,130.54 1 0
github.com/zetkey/waka3x/routes/api/auth.go:130.54,132.3 1 0
github.com/zetkey/waka3x/routes/api/auth.go:133.2,135.37 3 0
github.com/zetkey/waka3x/routes/api/auth.go:138.73,140.71 2 0
github.com/zetkey/waka3x/routes/api/auth.go:140.71,143.3 2 0
github.com/zetkey/waka3x/routes/api/auth.go:144.2,146.120 2 0
github.com/zetkey/waka3x/routes/api/auth.go:146.120,149.3 2 0
github.com/zetkey/waka3x/routes/api/auth.go:151.2,151.40 1 0
github.com/zetkey/waka3x/routes/api/auth.go:151.40,154.3 2 0
github.com/zetkey/waka3x/routes/api/auth.go:156.2,156.48 1 0
github.com/zetkey/waka3x/routes/api/auth.go:156.48,159.3 2 0
github.com/zetkey/waka3x/routes/api/auth.go:161.2,161.23 1 0
github.com/zetkey/waka3x/routes/api/auth.go:161.23,164.3 2 0
github.com/zetkey/waka3x/routes/api/auth.go:166.2,168.16 3 0
github.com/zetkey/waka3x/routes/api/auth.go:168.16,171.3 2 0
github.com/zetkey/waka3x/routes/api/auth.go:173.2,173.14 1 0
github.com/zetkey/waka3x/routes/api/auth.go:173.14,176.3 2 0
github.com/zetkey/waka3x/routes/api/auth.go:179.2,182.101 3 0
github.com/zetkey/waka3x/routes/api/auth.go:185.81,188.2 2 0
github.com/zetkey/waka3x/routes/api/auth.go:190.80,191.28 1 0
github.com/zetkey/waka3x/routes/api/auth.go:191.28,194.3 2 0
github.com/zetkey/waka3x/routes/api/auth.go:196.2,197.65 2 0
github.com/zetkey/waka3x/routes/api/auth.go:197.65,200.3 2 0
github.com/zetkey/waka3x/routes/api/auth.go:202.2,202.86 1 0
github.com/zetkey/waka3x/routes/api/auth.go:202.86,203.31 1 0
github.com/zetkey/waka3x/routes/api/auth.go:203.31,206.4 2 0
github.com/zetkey/waka3x/routes/api/auth.go:208.3,209.17 2 0
github.com/zetkey/waka3x/routes/api/auth.go:209.17,212.4 2 0
github.com/zetkey/waka3x/routes/api/auth.go:214.3,214.47 1 0
github.com/zetkey/waka3x/routes/api/auth.go:214.47,216.67 2 0
github.com/zetkey/waka3x/routes/api/auth.go:216.67,218.5 1 0
github.com/zetkey/waka3x/routes/api/auth.go:222.2,222.125 1 0
github.com/zetkey/waka3x/routes/api/auth.go:225.78,227.65 2 0
github.com/zetkey/waka3x/routes/api/auth.go:227.65,230.3 2 0
github.com/zetkey/waka3x/routes/api/auth.go:232.2,239.16 3 0
github.com/zetkey/waka3x/routes/api/auth.go:239.16,242.3 2 0
github.com/zetkey/waka3x/routes/api/auth.go:244.2,244.24 1 0
github.com/zetkey/waka3x/routes/api/auth.go:244.24,247.3 2 0
github.com/zetkey/waka3x/routes/api/auth.go:249.2,250.16 2 0
github.com/zetkey/waka3x/routes/api/auth.go:250.16,253.3 2 0
github.com/zetkey/waka3x/routes/api/auth.go:255.2,257.51 3 0
github.com/zetkey/waka3x/routes/api/auth.go:257.51,260.3 2 0
github.com/zetkey/waka3x/routes/api/auth.go:262.2,262.101 1 0
github.com/zetkey/waka3x/routes/api/auth.go:265.85,266.39 1 0
github.com/zetkey/waka3x/routes/api/auth.go:266.39,269.3 2 0
github.com/zetkey/waka3x/routes/api/auth.go:271.2,272.16 2 0
github.com/zetkey/waka3x/routes/api/auth.go:272.16,275.3 2 0
github.com/zetkey/waka3x/routes/api/auth.go:276.2,276.61 1 0
github.com/zetkey/waka3x/routes/api/auth.go:276.61,279.3 2 0
github.com/zetkey/waka3x/routes/api/auth.go:280.2,280.51 1 0
github.com/zetkey/waka3x/routes/api/auth.go:283.80,284.39 1 0
github.com/zetkey/waka3x/routes/api/auth.go:284.39,287.3 2 0
github.com/zetkey/waka3x/routes/api/auth.go:289.2,290.96 2 0
github.com/zetkey/waka3x/routes/api/auth.go:290.96,293.3 2 0
github.com/zetkey/waka3x/routes/api/auth.go:295.2,296.16 2 0
github.com/zetkey/waka3x/routes/api/auth.go:296.16,299.3 2 0
github.com/zetkey/waka3x/routes/api/auth.go:301.2,302.16 2 0
github.com/zetkey/waka3x/routes/api/auth.go:302.16,305.3 2 0
github.com/zetkey/waka3x/routes/api/auth.go:307.2,307.71 1 0
github.com/zetkey/waka3x/routes/api/auth.go:307.71,310.32 3 0
github.com/zetkey/waka3x/routes/api/auth.go:310.32,312.4 1 0
github.com/zetkey/waka3x/routes/api/auth.go:313.3,313.69 1 0
github.com/zetkey/waka3x/routes/api/auth.go:313.69,315.4 1 0
github.com/zetkey/waka3x/routes/api/auth.go:316.3,316.19 1 0
github.com/zetkey/waka3x/routes/api/auth.go:319.2,320.16 2 0
github.com/zetkey/waka3x/routes/api/auth.go:320.16,323.3 2 0
github.com/zetkey/waka3x/routes/api/auth.go:325.2,326.30 2 0
github.com/zetkey/waka3x/routes/api/auth.go:326.30,329.3 2 0
github.com/zetkey/waka3x/routes/api/auth.go:330.2,330.68 1 0
github.com/zetkey/waka3x/routes/api/auth.go:330.68,333.3 2 0
github.com/zetkey/waka3x/routes/api/auth.go:335.2,336.96 2 0
github.com/zetkey/waka3x/routes/api/auth.go:339.79,341.21 2 0
github.com/zetkey/waka3x/routes/api/auth.go:341.21,343.3 1 0
github.com/zetkey/waka3x/routes/api/auth.go:344.2,345.75 2 0
github.com/zetkey/waka3x/routes/api/auth.go:348.82,350.21 2 0
github.com/zetkey/waka3x/routes/api/auth.go:350.21,352.3 1 0
github.com/zetkey/waka3x/routes/api/auth.go:354.2,358.82 4 0
github.com/zetkey/waka3x/routes/api/auth.go:358.82,361.3 2 0
github.com/zetkey/waka3x/routes/api/auth.go:362.2,365.16 3 0
github.com/zetkey/waka3x/routes/api/auth.go:365.16,368.3 2 0
github.com/zetkey/waka3x/routes/api/auth.go:370.2,371.9 2 0
github.com/zetkey/waka3x/routes/api/auth.go:371.9,374.3 2 0
github.com/zetkey/waka3x/routes/api/auth.go:376.2,377.41 2 0
github.com/zetkey/waka3x/routes/api/auth.go:377.41,380.3 2 0
github.com/zetkey/waka3x/routes/api/auth.go:382.2,383.16 2 0
github.com/zetkey/waka3x/routes/api/auth.go:383.16,384.62 1 0
github.com/zetkey/waka3x/routes/api/auth.go:384.62,387.4 2 0
github.com/zetkey/waka3x/routes/api/auth.go:389.3,390.24 2 0
github.com/zetkey/waka3x/routes/api/auth.go:390.24,393.4 2 0
github.com/zetkey/waka3x/routes/api/auth.go:394.3,394.93 1 0
github.com/zetkey/waka3x/routes/api/auth.go:394.93,396.4 1 0
github.com/zetkey/waka3x/routes/api/auth.go:398.3,399.29 2 0
github.com/zetkey/waka3x/routes/api/auth.go:399.29,402.4 2 0
github.com/zetkey/waka3x/routes/api/auth.go:403.3,403.17 1 0
github.com/zetkey/waka3x/routes/api/auth.go:406.2,408.94 3 0
github.com/zetkey/waka3x/routes/api/auth.go:411.69,412.29 1 0
github.com/zetkey/waka3x/routes/api/auth.go:412.29,414.3 1 0
github.com/zetkey/waka3x/routes/api/auth.go:416.2,418.33 3 0
github.com/zetkey/waka3x/routes/api/auth.go:418.33,420.3 1 0
github.com/zetkey/waka3x/routes/api/auth.go:422.2,423.21 2 0
github.com/zetkey/waka3x/routes/api/auth.go:423.21,425.3 1 0
github.com/zetkey/waka3x/routes/api/auth.go:427.2,428.44 2 0
github.com/zetkey/waka3x/routes/api/auth.go:428.44,430.3 1 0
github.com/zetkey/waka3x/routes/api/auth.go:432.2,433.67 2 0
github.com/zetkey/waka3x/routes/api/auth.go:433.67,435.3 1 0
github.com/zetkey/waka3x/routes/api/auth.go:436.2,436.12 1 0
github.com/zetkey/waka3x/routes/api/auth.go:439.89,441.16 2 0
github.com/zetkey/waka3x/routes/api/auth.go:441.16,444.3 2 0
github.com/zetkey/waka3x/routes/api/auth.go:446.2,449.13 4 0
github.com/zetkey/waka3x/routes/api/auth.go:452.101,455.16 3 0
github.com/zetkey/waka3x/routes/api/auth.go:455.16,458.3 2 0
github.com/zetkey/waka3x/routes/api/auth.go:459.2,459.17 1 0
github.com/zetkey/waka3x/routes/api/auth.go:462.71,463.56 1 0
github.com/zetkey/waka3x/routes/api/auth.go:463.56,465.3 1 0
github.com/zetkey/waka3x/routes/api/auth.go:466.2,466.17 1 0
github.com/zetkey/waka3x/routes/api/avatar.go:19.40,21.16 2 0
github.com/zetkey/waka3x/routes/api/avatar.go:21.16,22.13 1 0
github.com/zetkey/waka3x/routes/api/avatar.go:25.2,28.3 1 0
github.com/zetkey/waka3x/routes/api/avatar.go:31.59,36.2 4 0
github.com/zetkey/waka3x/routes/api/avatar.go:38.69,41.37 2 0
github.com/zetkey/waka3x/routes/api/avatar.go:41.37,43.3 1 0
github.com/zetkey/waka3x/routes/api/avatar.go:45.2,45.29 1 0
github.com/zetkey/waka3x/routes/api/avatar.go:45.29,47.3 1 0
github.com/zetkey/waka3x/routes/api/avatar.go:48.2,53.32 5 0
github.com/zetkey/waka3x/routes/api/badge.go:28.112,35.2 1 1
github.com/zetkey/waka3x/routes/api/badge.go:37.58,42.2 4 1
github.com/zetkey/waka3x/routes/api/badge.go:44.68,47.16 3 1
github.com/zetkey/waka3x/routes/api/badge.go:47.16,50.3 2 0
github.com/zetkey/waka3x/routes/api/badge.go:52.2,53.16 2 1
github.com/zetkey/waka3x/routes/api/badge.go:53.16,57.3 3 1
github.com/zetkey/waka3x/routes/api/badge.go:58.2,62.62 4 1
github.com/zetkey/waka3x/routes/api/badge.go:62.62,65.3 2 0
github.com/zetkey/waka3x/routes/api/badge.go:67.2,75.16 3 1
github.com/zetkey/waka3x/routes/api/badge.go:75.16,79.3 3 0
github.com/zetkey/waka3x/routes/api/badge.go:81.2,82.66 2 1
github.com/zetkey/waka3x/routes/api/badge.go:82.66,84.3 1 0
github.com/zetkey/waka3x/routes/api/badge.go:85.2,85.66 1 1
github.com/zetkey/waka3x/routes/api/badge.go:85.66,87.3 1 0
github.com/zetkey/waka3x/routes/api/badge.go:89.2,89.101 1 1
github.com/zetkey/waka3x/routes/api/badge.go:89.101,91.3 1 1
github.com/zetkey/waka3x/routes/api/badge.go:93.2,95.25 3 1
github.com/zetkey/waka3x/routes/api/badge.go:98.53,103.2 4 1
github.com/zetkey/waka3x/routes/api/captcha.go:16.42,20.2 1 0
github.com/zetkey/waka3x/routes/api/captcha.go:22.60,25.2 2 0
github.com/zetkey/waka3x/routes/api/captcha.go:27.70,33.2 2 0
github.com/zetkey/waka3x/routes/api/diagnostics.go:20.138,26.2 1 0
github.com/zetkey/waka3x/routes/api/diagnostics.go:28.67,30.2 1 0
github.com/zetkey/waka3x/routes/api/diagnostics.go:39.78,42.69 2 0
github.com/zetkey/waka3x/routes/api/diagnostics.go:42.69,47.3 4 0
github.com/zetkey/waka3x/routes/api/diagnostics.go:49.2,49.66 1 0
github.com/zetkey/waka3x/routes/api/diagnostics.go:49.66,54.3 4 0
github.com/zetkey/waka3x/routes/api/diagnostics.go:56.2,56.59 1 0
github.com/zetkey/waka3x/routes/api/dto.go:26.49,28.26 2 0
github.com/zetkey/waka3x/routes/api/dto.go:28.26,30.3 1 0
github.com/zetkey/waka3x/routes/api/dto.go:32.2,41.3 1 0
github.com/zetkey/waka3x/routes/api/dto.go:52.67,60.2 1 0
github.com/zetkey/waka3x/routes/api/dto.go:91.69,92.17 1 0
github.com/zetkey/waka3x/routes/api/dto.go:92.17,94.3 1 0
github.com/zetkey/waka3x/routes/api/dto.go:96.2,124.3 2 0
github.com/zetkey/waka3x/routes/api/dto.go:139.79,147.2 1 0
github.com/zetkey/waka3x/routes/api/dto.go:155.67,156.17 1 0
github.com/zetkey/waka3x/routes/api/dto.go:156.17,158.3 1 0
github.com/zetkey/waka3x/routes/api/dto.go:160.2,164.3 1 0
github.com/zetkey/waka3x/routes/api/dto.go:178.93,189.2 1 0
github.com/zetkey/waka3x/routes/api/health.go:22.57,24.2 1 0
github.com/zetkey/waka3x/routes/api/health.go:26.62,28.2 1 0
github.com/zetkey/waka3x/routes/api/health.go:36.72,38.41 2 0
github.com/zetkey/waka3x/routes/api/health.go:38.41,39.38 1 0
github.com/zetkey/waka3x/routes/api/health.go:39.38,41.4 1 0
github.com/zetkey/waka3x/routes/api/health.go:44.2,44.72 1 0
github.com/zetkey/waka3x/routes/api/health.go:44.72,47.3 2 0
github.com/zetkey/waka3x/routes/api/health.go:49.2,50.56 2 0
github.com/zetkey/waka3x/routes/api/heartbeat.go:28.187,35.2 1 1
github.com/zetkey/waka3x/routes/api/heartbeat.go:37.65,38.34 1 1
github.com/zetkey/waka3x/routes/api/heartbeat.go:38.34,54.36 10 1
github.com/zetkey/waka3x/routes/api/heartbeat.go:54.36,56.4 1 1
github.com/zetkey/waka3x/routes/api/heartbeat.go:68.76,70.16 2 1
github.com/zetkey/waka3x/routes/api/heartbeat.go:70.16,72.3 1 0
github.com/zetkey/waka3x/routes/api/heartbeat.go:74.2,76.16 3 1
github.com/zetkey/waka3x/routes/api/heartbeat.go:76.16,81.3 4 0
github.com/zetkey/waka3x/routes/api/heartbeat.go:83.2,90.32 6 1
github.com/zetkey/waka3x/routes/api/heartbeat.go:90.32,91.16 1 1
github.com/zetkey/waka3x/routes/api/heartbeat.go:91.16,96.12 2 0
github.com/zetkey/waka3x/routes/api/heartbeat.go:99.3,104.25 5 1
github.com/zetkey/waka3x/routes/api/heartbeat.go:104.25,109.4 4 0
github.com/zetkey/waka3x/routes/api/heartbeat.go:110.3,110.23 1 1
github.com/zetkey/waka3x/routes/api/heartbeat.go:110.23,112.4 1 0
github.com/zetkey/waka3x/routes/api/heartbeat.go:114.3,123.65 8 1
github.com/zetkey/waka3x/routes/api/heartbeat.go:123.65,128.12 2 1
github.com/zetkey/waka3x/routes/api/heartbeat.go:131.3,133.48 3 1
github.com/zetkey/waka3x/routes/api/heartbeat.go:136.2,136.30 1 1
github.com/zetkey/waka3x/routes/api/heartbeat.go:136.30,137.70 1 1
github.com/zetkey/waka3x/routes/api/heartbeat.go:137.70,142.4 4 0
github.com/zetkey/waka3x/routes/api/heartbeat.go:144.3,144.20 1 1
github.com/zetkey/waka3x/routes/api/heartbeat.go:144.20,146.53 2 0
github.com/zetkey/waka3x/routes/api/heartbeat.go:146.53,151.5 4 0
github.com/zetkey/waka3x/routes/api/heartbeat.go:155.2,155.28 1 1
github.com/zetkey/waka3x/routes/api/heartbeat.go:155.28,159.3 3 0
github.com/zetkey/waka3x/routes/api/heartbeat.go:161.2,161.82 1 1
github.com/zetkey/waka3x/routes/api/heartbeat.go:165.93,169.28 2 1
github.com/zetkey/waka3x/routes/api/heartbeat.go:169.28,171.3 1 1
github.com/zetkey/waka3x/routes/api/heartbeat.go:172.2,172.11 1 1
github.com/zetkey/waka3x/routes/api/heartbeat.go:176.114,182.45 1 1
github.com/zetkey/waka3x/routes/api/heartbeat.go:182.45,184.3 1 1
github.com/zetkey/waka3x/routes/api/heartbeat.go:186.2,186.31 1 1
github.com/zetkey/waka3x/routes/api/heartbeat.go:186.31,188.76 1 1
github.com/zetkey/waka3x/routes/api/heartbeat.go:188.76,190.4 1 1
github.com/zetkey/waka3x/routes/api/heartbeat.go:193.2,193.32 1 1
github.com/zetkey/waka3x/routes/api/heartbeat.go:193.32,195.137 1 1
github.com/zetkey/waka3x/routes/api/heartbeat.go:195.137,197.4 1 1
github.com/zetkey/waka3x/routes/api/heartbeat.go:200.2,200.30 1 1
github.com/zetkey/waka3x/routes/api/heartbeat.go:200.30,202.137 1 1
github.com/zetkey/waka3x/routes/api/heartbeat.go:202.137,204.4 1 1
github.com/zetkey/waka3x/routes/api/heartbeat.go:207.2,208.11 2 1
github.com/zetkey/waka3x/routes/api/heartbeat.go:222.45,222.46 0 0
github.com/zetkey/waka3x/routes/api/heartbeat.go:233.45,233.46 0 0
github.com/zetkey/waka3x/routes/api/heartbeat.go:244.45,244.46 0 0
github.com/zetkey/waka3x/routes/api/heartbeat.go:254.45,254.46 0 0
github.com/zetkey/waka3x/routes/api/heartbeat.go:265.45,265.46 0 0
github.com/zetkey/waka3x/routes/api/heartbeat.go:276.45,276.46 0 0
github.com/zetkey/waka3x/routes/api/heartbeat.go:287.45,287.46 0 0
github.com/zetkey/waka3x/routes/api/leaderboard.go:24.138,30.2 1 0
github.com/zetkey/waka3x/routes/api/leaderboard.go:36.67,38.41 2 0
github.com/zetkey/waka3x/routes/api/leaderboard.go:38.41,40.3 1 0
github.com/zetkey/waka3x/routes/api/leaderboard.go:40.8,42.3 1 0
github.com/zetkey/waka3x/routes/api/leaderboard.go:43.2,45.33 2 0
github.com/zetkey/waka3x/routes/api/leaderboard.go:48.77,49.33 1 0
github.com/zetkey/waka3x/routes/api/leaderboard.go:49.33,52.3 2 0
github.com/zetkey/waka3x/routes/api/leaderboard.go:54.2,64.19 9 0
github.com/zetkey/waka3x/routes/api/leaderboard.go:64.19,66.65 2 0
github.com/zetkey/waka3x/routes/api/leaderboard.go:66.65,67.109 1 0
github.com/zetkey/waka3x/routes/api/leaderboard.go:67.109,68.167 1 0
github.com/zetkey/waka3x/routes/api/leaderboard.go:68.167,70.6 1 0
github.com/zetkey/waka3x/routes/api/leaderboard.go:73.8,75.10 2 0
github.com/zetkey/waka3x/routes/api/leaderboard.go:75.10,78.4 2 0
github.com/zetkey/waka3x/routes/api/leaderboard.go:80.3,81.32 2 0
github.com/zetkey/waka3x/routes/api/leaderboard.go:81.32,82.109 1 0
github.com/zetkey/waka3x/routes/api/leaderboard.go:82.109,83.155 1 0
github.com/zetkey/waka3x/routes/api/leaderboard.go:83.155,85.6 1 0
github.com/zetkey/waka3x/routes/api/leaderboard.go:89.3,89.139 1 0
github.com/zetkey/waka3x/routes/api/leaderboard.go:89.139,91.4 1 0
github.com/zetkey/waka3x/routes/api/leaderboard.go:92.3,93.47 2 0
github.com/zetkey/waka3x/routes/api/leaderboard.go:93.47,95.4 1 0
github.com/zetkey/waka3x/routes/api/leaderboard.go:97.3,98.23 2 0
github.com/zetkey/waka3x/routes/api/leaderboard.go:98.23,99.22 1 0
github.com/zetkey/waka3x/routes/api/leaderboard.go:99.22,101.5 1 0
github.com/zetkey/waka3x/routes/api/leaderboard.go:102.4,102.52 1 0
github.com/zetkey/waka3x/routes/api/leaderboard.go:106.2,106.16 1 0
github.com/zetkey/waka3x/routes/api/leaderboard.go:106.16,109.3 2 0
github.com/zetkey/waka3x/routes/api/leaderboard.go:111.2,114.35 3 0
github.com/zetkey/waka3x/routes/api/leaderboard.go:114.35,116.3 1 0
github.com/zetkey/waka3x/routes/api/leaderboard.go:118.2,126.4 1 0
github.com/zetkey/waka3x/routes/api/meta.go:24.118,30.2 1 0
github.com/zetkey/waka3x/routes/api/meta.go:32.60,38.2 5 0
github.com/zetkey/waka3x/routes/api/meta.go:40.76,42.69 2 0
github.com/zetkey/waka3x/routes/api/meta.go:42.69,44.17 2 0
github.com/zetkey/waka3x/routes/api/meta.go:44.17,45.12 1 0
github.com/zetkey/waka3x/routes/api/meta.go:47.3,51.5 1 0
github.com/zetkey/waka3x/routes/api/meta.go:54.2,78.4 1 0
github.com/zetkey/waka3x/routes/api/meta.go:81.74,89.109 2 0
github.com/zetkey/waka3x/routes/api/meta.go:89.109,90.57 1 0
github.com/zetkey/waka3x/routes/api/meta.go:90.57,92.4 1 0
github.com/zetkey/waka3x/routes/api/meta.go:94.2,94.110 1 0
github.com/zetkey/waka3x/routes/api/meta.go:94.110,95.51 1 0
github.com/zetkey/waka3x/routes/api/meta.go:95.51,97.4 1 0
github.com/zetkey/waka3x/routes/api/meta.go:99.2,99.101 1 0
github.com/zetkey/waka3x/routes/api/meta.go:99.101,101.3 1 0
github.com/zetkey/waka3x/routes/api/meta.go:102.2,102.61 1 0
github.com/zetkey/waka3x/routes/api/meta.go:102.61,104.3 1 0
github.com/zetkey/waka3x/routes/api/meta.go:106.2,111.4 1 0
github.com/zetkey/waka3x/routes/api/meta.go:114.77,116.89 2 0
github.com/zetkey/waka3x/routes/api/meta.go:116.89,118.3 1 0
github.com/zetkey/waka3x/routes/api/meta.go:119.2,119.71 1 0
github.com/zetkey/waka3x/routes/api/meta.go:122.75,128.92 2 0
github.com/zetkey/waka3x/routes/api/meta.go:128.92,129.80 1 0
github.com/zetkey/waka3x/routes/api/meta.go:129.80,133.4 3 0
github.com/zetkey/waka3x/routes/api/meta.go:136.2,136.52 1 0
github.com/zetkey/waka3x/routes/api/meta.go:139.82,143.88 2 0
github.com/zetkey/waka3x/routes/api/meta.go:143.88,146.3 2 0
github.com/zetkey/waka3x/routes/api/meta.go:148.2,149.16 2 0
github.com/zetkey/waka3x/routes/api/meta.go:149.16,152.3 2 0
github.com/zetkey/waka3x/routes/api/meta.go:154.2,155.51 2 0
github.com/zetkey/waka3x/routes/api/meta.go:155.51,158.3 2 0
github.com/zetkey/waka3x/routes/api/meta.go:160.2,160.117 1 0
github.com/zetkey/waka3x/routes/api/metrics.go:74.298,84.2 1 0
github.com/zetkey/waka3x/routes/api/metrics.go:86.60,87.38 1 0
github.com/zetkey/waka3x/routes/api/metrics.go:87.38,89.3 1 0
github.com/zetkey/waka3x/routes/api/metrics.go:91.2,97.29 5 0
github.com/zetkey/waka3x/routes/api/metrics.go:100.70,102.20 2 0
github.com/zetkey/waka3x/routes/api/metrics.go:102.20,106.3 3 0
github.com/zetkey/waka3x/routes/api/metrics.go:108.2,110.63 2 0
github.com/zetkey/waka3x/routes/api/metrics.go:110.63,115.3 4 0
github.com/zetkey/waka3x/routes/api/metrics.go:115.8,116.34 1 0
github.com/zetkey/waka3x/routes/api/metrics.go:116.34,118.4 1 0
github.com/zetkey/waka3x/routes/api/metrics.go:121.2,121.21 1 0
github.com/zetkey/waka3x/routes/api/metrics.go:121.21,122.66 1 0
github.com/zetkey/waka3x/routes/api/metrics.go:122.66,127.4 4 0
github.com/zetkey/waka3x/routes/api/metrics.go:127.9,128.36 1 0
github.com/zetkey/waka3x/routes/api/metrics.go:128.36,130.5 1 0
github.com/zetkey/waka3x/routes/api/metrics.go:134.2,137.34 3 0
github.com/zetkey/waka3x/routes/api/metrics.go:140.81,144.16 3 0
github.com/zetkey/waka3x/routes/api/metrics.go:144.16,147.3 2 0
github.com/zetkey/waka3x/routes/api/metrics.go:149.2,152.16 3 0
github.com/zetkey/waka3x/routes/api/metrics.go:152.16,155.3 2 0
github.com/zetkey/waka3x/routes/api/metrics.go:157.2,158.16 2 0
github.com/zetkey/waka3x/routes/api/metrics.go:158.16,161.3 2 0
github.com/zetkey/waka3x/routes/api/metrics.go:163.2,164.37 2 0
github.com/zetkey/waka3x/routes/api/metrics.go:164.37,166.17 2 0
github.com/zetkey/waka3x/routes/api/metrics.go:166.17,169.4 2 0
github.com/zetkey/waka3x/routes/api/metrics.go:174.2,195.42 4 0
github.com/zetkey/waka3x/routes/api/metrics.go:195.42,202.3 1 0
github.com/zetkey/waka3x/routes/api/metrics.go:204.2,204.43 1 0
github.com/zetkey/waka3x/routes/api/metrics.go:204.43,211.3 1 0
github.com/zetkey/waka3x/routes/api/metrics.go:213.2,213.41 1 0
github.com/zetkey/waka3x/routes/api/metrics.go:213.41,220.3 1 0
github.com/zetkey/waka3x/routes/api/metrics.go:222.2,222.50 1 0
github.com/zetkey/waka3x/routes/api/metrics.go:222.50,229.3 1 0
github.com/zetkey/waka3x/routes/api/metrics.go:231.2,231.42 1 0
github.com/zetkey/waka3x/routes/api/metrics.go:231.42,238.3 1 0
github.com/zetkey/waka3x/routes/api/metrics.go:240.2,240.40 1 0
github.com/zetkey/waka3x/routes/api/metrics.go:240.40,247.3 1 0
github.com/zetkey/waka3x/routes/api/metrics.go:249.2,249.44 1 0
github.com/zetkey/waka3x/routes/api/metrics.go:249.44,256.3 1 0
github.com/zetkey/waka3x/routes/api/metrics.go:258.2,259.34 2 0
github.com/zetkey/waka3x/routes/api/metrics.go:259.34,261.3 1 0
github.com/zetkey/waka3x/routes/api/metrics.go:262.2,352.16 16 0
github.com/zetkey/waka3x/routes/api/metrics.go:352.16,354.3 1 0
github.com/zetkey/waka3x/routes/api/metrics.go:356.2,364.44 2 0
github.com/zetkey/waka3x/routes/api/metrics.go:364.44,378.3 2 0
github.com/zetkey/waka3x/routes/api/metrics.go:380.2,380.22 1 0
github.com/zetkey/waka3x/routes/api/metrics.go:383.82,389.19 4 0
github.com/zetkey/waka3x/routes/api/metrics.go:389.19,391.3 1 0
github.com/zetkey/waka3x/routes/api/metrics.go:393.2,394.106 2 0
github.com/zetkey/waka3x/routes/api/metrics.go:394.106,395.56 1 0
github.com/zetkey/waka3x/routes/api/metrics.go:395.56,397.4 1 0
github.com/zetkey/waka3x/routes/api/metrics.go:400.2,405.16 5 0
github.com/zetkey/waka3x/routes/api/metrics.go:405.16,408.3 2 0
github.com/zetkey/waka3x/routes/api/metrics.go:409.2,442.16 7 0
github.com/zetkey/waka3x/routes/api/metrics.go:442.16,445.3 2 0
github.com/zetkey/waka3x/routes/api/metrics.go:447.2,447.32 1 0
github.com/zetkey/waka3x/routes/api/metrics.go:447.32,454.3 1 0
github.com/zetkey/waka3x/routes/api/metrics.go:455.2,465.29 6 0
github.com/zetkey/waka3x/routes/api/metrics.go:465.29,466.20 1 0
github.com/zetkey/waka3x/routes/api/metrics.go:466.20,468.18 2 0
github.com/zetkey/waka3x/routes/api/metrics.go:468.18,471.5 2 0
github.com/zetkey/waka3x/routes/api/metrics.go:472.4,479.6 3 0
github.com/zetkey/waka3x/routes/api/metrics.go:483.2,486.22 3 0
github.com/zetkey/waka3x/routes/api/projects.go:22.128,28.2 1 0
github.com/zetkey/waka3x/routes/api/projects.go:30.64,36.2 4 0
github.com/zetkey/waka3x/routes/api/projects.go:38.74,44.16 5 0
github.com/zetkey/waka3x/routes/api/projects.go:44.16,47.3 2 0
github.com/zetkey/waka3x/routes/api/projects.go:49.2,50.35 2 0
github.com/zetkey/waka3x/routes/api/projects.go:50.35,52.3 1 0
github.com/zetkey/waka3x/routes/api/projects.go:54.2,54.52 1 0
github.com/zetkey/waka3x/routes/api/root.go:13.42,15.2 1 1
github.com/zetkey/waka3x/routes/api/root.go:17.60,19.2 1 1
github.com/zetkey/waka3x/routes/api/root.go:21.70,23.88 2 1
github.com/zetkey/waka3x/routes/api/root.go:23.88,26.3 2 1
github.com/zetkey/waka3x/routes/api/root.go:27.2,27.21 1 1
github.com/zetkey/waka3x/routes/api/settings.go:61.23,79.2 1 0
github.com/zetkey/waka3x/routes/api/settings.go:81.64,113.2 29 0
github.com/zetkey/waka3x/routes/api/settings.go:156.74,159.16 3 0
github.com/zetkey/waka3x/routes/api/settings.go:159.16,162.3 2 0
github.com/zetkey/waka3x/routes/api/settings.go:163.2,163.52 1 0
github.com/zetkey/waka3x/routes/api/settings.go:166.85,168.30 2 0
github.com/zetkey/waka3x/routes/api/settings.go:168.30,171.3 2 0
github.com/zetkey/waka3x/routes/api/settings.go:173.2,178.33 2 0
github.com/zetkey/waka3x/routes/api/settings.go:178.33,180.3 1 0
github.com/zetkey/waka3x/routes/api/settings.go:182.2,182.100 1 0
github.com/zetkey/waka3x/routes/api/settings.go:182.100,185.3 2 0
github.com/zetkey/waka3x/routes/api/settings.go:186.2,186.96 1 0
github.com/zetkey/waka3x/routes/api/settings.go:186.96,189.3 2 0
github.com/zetkey/waka3x/routes/api/settings.go:191.2,192.16 2 0
github.com/zetkey/waka3x/routes/api/settings.go:192.16,195.3 2 0
github.com/zetkey/waka3x/routes/api/settings.go:196.2,197.51 2 0
github.com/zetkey/waka3x/routes/api/settings.go:197.51,200.3 2 0
github.com/zetkey/waka3x/routes/api/settings.go:201.2,201.141 1 0
github.com/zetkey/waka3x/routes/api/settings.go:204.83,209.33 3 0
github.com/zetkey/waka3x/routes/api/settings.go:209.33,211.3 1 0
github.com/zetkey/waka3x/routes/api/settings.go:212.2,213.65 2 0
github.com/zetkey/waka3x/routes/api/settings.go:213.65,216.3 2 0
github.com/zetkey/waka3x/routes/api/settings.go:217.2,217.71 1 0
github.com/zetkey/waka3x/routes/api/settings.go:217.71,220.3 2 0
github.com/zetkey/waka3x/routes/api/settings.go:221.2,221.68 1 0
github.com/zetkey/waka3x/routes/api/settings.go:221.68,224.3 2 0
github.com/zetkey/waka3x/routes/api/settings.go:225.2,226.108 2 0
github.com/zetkey/waka3x/routes/api/settings.go:229.82,231.56 2 0
github.com/zetkey/waka3x/routes/api/settings.go:231.56,234.3 2 0
github.com/zetkey/waka3x/routes/api/settings.go:235.2,235.121 1 0
github.com/zetkey/waka3x/routes/api/settings.go:238.80,243.33 2 0
github.com/zetkey/waka3x/routes/api/settings.go:243.33,245.3 1 0
github.com/zetkey/waka3x/routes/api/settings.go:247.2,253.17 2 0
github.com/zetkey/waka3x/routes/api/settings.go:253.17,256.3 2 0
github.com/zetkey/waka3x/routes/api/settings.go:257.2,257.113 1 0
github.com/zetkey/waka3x/routes/api/settings.go:260.83,265.33 3 0
github.com/zetkey/waka3x/routes/api/settings.go:265.33,267.3 1 0
github.com/zetkey/waka3x/routes/api/settings.go:268.2,268.34 1 0
github.com/zetkey/waka3x/routes/api/settings.go:268.34,271.3 2 0
github.com/zetkey/waka3x/routes/api/settings.go:272.2,273.16 2 0
github.com/zetkey/waka3x/routes/api/settings.go:273.16,276.3 2 0
github.com/zetkey/waka3x/routes/api/settings.go:277.2,277.30 1 0
github.com/zetkey/waka3x/routes/api/settings.go:277.30,278.34 1 0
github.com/zetkey/waka3x/routes/api/settings.go:278.34,279.51 1 0
github.com/zetkey/waka3x/routes/api/settings.go:279.51,282.5 2 0
github.com/zetkey/waka3x/routes/api/settings.go:283.4,284.10 2 0
github.com/zetkey/waka3x/routes/api/settings.go:287.2,287.74 1 0
github.com/zetkey/waka3x/routes/api/settings.go:290.85,296.17 3 0
github.com/zetkey/waka3x/routes/api/settings.go:296.17,299.3 2 0
github.com/zetkey/waka3x/routes/api/settings.go:300.2,303.4 1 0
github.com/zetkey/waka3x/routes/api/settings.go:306.92,311.33 3 0
github.com/zetkey/waka3x/routes/api/settings.go:311.33,313.3 1 0
github.com/zetkey/waka3x/routes/api/settings.go:314.2,314.36 1 0
github.com/zetkey/waka3x/routes/api/settings.go:314.36,317.3 2 0
github.com/zetkey/waka3x/routes/api/settings.go:318.2,319.51 2 0
github.com/zetkey/waka3x/routes/api/settings.go:319.51,322.3 2 0
github.com/zetkey/waka3x/routes/api/settings.go:323.2,324.130 2 0
github.com/zetkey/waka3x/routes/api/settings.go:327.94,332.33 3 0
github.com/zetkey/waka3x/routes/api/settings.go:332.33,334.3 1 0
github.com/zetkey/waka3x/routes/api/settings.go:335.2,336.76 2 0
github.com/zetkey/waka3x/routes/api/settings.go:336.76,339.3 2 0
github.com/zetkey/waka3x/routes/api/settings.go:340.2,341.51 2 0
github.com/zetkey/waka3x/routes/api/settings.go:341.51,344.3 2 0
github.com/zetkey/waka3x/routes/api/settings.go:345.2,345.123 1 0
github.com/zetkey/waka3x/routes/api/settings.go:348.95,353.33 3 0
github.com/zetkey/waka3x/routes/api/settings.go:353.33,355.3 1 0
github.com/zetkey/waka3x/routes/api/settings.go:356.2,357.51 2 0
github.com/zetkey/waka3x/routes/api/settings.go:357.51,360.3 2 0
github.com/zetkey/waka3x/routes/api/settings.go:361.2,361.123 1 0
github.com/zetkey/waka3x/routes/api/settings.go:364.88,369.33 3 0
github.com/zetkey/waka3x/routes/api/settings.go:369.33,371.3 1 0
github.com/zetkey/waka3x/routes/api/settings.go:372.2,373.51 2 0
github.com/zetkey/waka3x/routes/api/settings.go:373.51,376.3 2 0
github.com/zetkey/waka3x/routes/api/settings.go:377.2,377.123 1 0
github.com/zetkey/waka3x/routes/api/settings.go:380.84,392.33 3 0
github.com/zetkey/waka3x/routes/api/settings.go:392.33,394.3 1 0
github.com/zetkey/waka3x/routes/api/settings.go:395.2,403.51 9 0
github.com/zetkey/waka3x/routes/api/settings.go:403.51,406.3 2 0
github.com/zetkey/waka3x/routes/api/settings.go:407.2,407.123 1 0
github.com/zetkey/waka3x/routes/api/settings.go:410.79,417.33 3 0
github.com/zetkey/waka3x/routes/api/settings.go:417.33,419.3 1 0
github.com/zetkey/waka3x/routes/api/settings.go:420.2,421.53 2 0
github.com/zetkey/waka3x/routes/api/settings.go:421.53,424.3 2 0
github.com/zetkey/waka3x/routes/api/settings.go:425.2,425.101 1 0
github.com/zetkey/waka3x/routes/api/settings.go:428.82,434.33 3 0
github.com/zetkey/waka3x/routes/api/settings.go:434.33,436.3 1 0
github.com/zetkey/waka3x/routes/api/settings.go:437.2,438.37 2 0
github.com/zetkey/waka3x/routes/api/settings.go:438.37,441.3 2 0
github.com/zetkey/waka3x/routes/api/settings.go:442.2,442.57 1 0
github.com/zetkey/waka3x/routes/api/settings.go:442.57,445.3 2 0
github.com/zetkey/waka3x/routes/api/settings.go:446.2,446.100 1 0
github.com/zetkey/waka3x/routes/api/settings.go:449.79,455.33 3 0
github.com/zetkey/waka3x/routes/api/settings.go:455.33,457.3 1 0
github.com/zetkey/waka3x/routes/api/settings.go:458.2,458.35 1 0
github.com/zetkey/waka3x/routes/api/settings.go:458.35,460.23 2 0
github.com/zetkey/waka3x/routes/api/settings.go:460.23,463.4 2 0
github.com/zetkey/waka3x/routes/api/settings.go:464.3,464.61 1 0
github.com/zetkey/waka3x/routes/api/settings.go:464.61,467.4 2 0
github.com/zetkey/waka3x/routes/api/settings.go:469.2,469.101 1 0
github.com/zetkey/waka3x/routes/api/settings.go:472.82,478.33 3 0
github.com/zetkey/waka3x/routes/api/settings.go:478.33,480.3 1 0
github.com/zetkey/waka3x/routes/api/settings.go:481.2,482.16 2 0
github.com/zetkey/waka3x/routes/api/settings.go:482.16,485.3 2 0
github.com/zetkey/waka3x/routes/api/settings.go:486.2,486.31 1 0
github.com/zetkey/waka3x/routes/api/settings.go:486.31,487.70 1 0
github.com/zetkey/waka3x/routes/api/settings.go:487.70,488.59 1 0
github.com/zetkey/waka3x/routes/api/settings.go:488.59,491.5 2 0
github.com/zetkey/waka3x/routes/api/settings.go:492.4,493.10 2 0
github.com/zetkey/waka3x/routes/api/settings.go:496.2,496.72 1 0
github.com/zetkey/waka3x/routes/api/settings.go:499.89,505.33 3 0
github.com/zetkey/waka3x/routes/api/settings.go:505.33,507.3 1 0
github.com/zetkey/waka3x/routes/api/settings.go:508.2,510.65 3 0
github.com/zetkey/waka3x/routes/api/settings.go:510.65,513.3 2 0
github.com/zetkey/waka3x/routes/api/settings.go:514.2,514.103 1 0
github.com/zetkey/waka3x/routes/api/settings.go:517.92,522.33 3 0
github.com/zetkey/waka3x/routes/api/settings.go:522.33,524.3 1 0
github.com/zetkey/waka3x/routes/api/settings.go:525.2,526.34 2 0
github.com/zetkey/waka3x/routes/api/settings.go:526.34,529.3 2 0
github.com/zetkey/waka3x/routes/api/settings.go:530.2,530.31 1 0
github.com/zetkey/waka3x/routes/api/settings.go:530.31,533.3 2 0
github.com/zetkey/waka3x/routes/api/settings.go:534.2,534.62 1 0
github.com/zetkey/waka3x/routes/api/settings.go:534.62,537.3 2 0
github.com/zetkey/waka3x/routes/api/settings.go:538.2,538.100 1 0
github.com/zetkey/waka3x/routes/api/settings.go:541.85,547.33 3 0
github.com/zetkey/waka3x/routes/api/settings.go:547.33,549.3 1 0
github.com/zetkey/waka3x/routes/api/settings.go:550.2,550.67 1 0
github.com/zetkey/waka3x/routes/api/settings.go:550.67,552.3 1 0
github.com/zetkey/waka3x/routes/api/settings.go:553.2,553.83 1 0
github.com/zetkey/waka3x/routes/api/settings.go:553.83,556.3 2 0
github.com/zetkey/waka3x/routes/api/settings.go:557.2,557.113 1 0
github.com/zetkey/waka3x/routes/api/settings.go:557.113,560.3 2 0
github.com/zetkey/waka3x/routes/api/settings.go:561.2,561.102 1 0
github.com/zetkey/waka3x/routes/api/settings.go:561.102,564.3 2 0
github.com/zetkey/waka3x/routes/api/settings.go:565.2,565.132 1 0
github.com/zetkey/waka3x/routes/api/settings.go:568.85,569.33 1 0
github.com/zetkey/waka3x/routes/api/settings.go:569.33,572.3 2 0
github.com/zetkey/waka3x/routes/api/settings.go:573.2,574.31 2 0
github.com/zetkey/waka3x/routes/api/settings.go:574.31,577.3 2 0
github.com/zetkey/waka3x/routes/api/settings.go:579.2,582.33 2 0
github.com/zetkey/waka3x/routes/api/settings.go:582.33,584.3 1 0
github.com/zetkey/waka3x/routes/api/settings.go:586.2,590.48 4 0
github.com/zetkey/waka3x/routes/api/settings.go:590.48,593.3 2 0
github.com/zetkey/waka3x/routes/api/settings.go:595.2,595.23 1 0
github.com/zetkey/waka3x/routes/api/settings.go:595.23,597.88 2 0
github.com/zetkey/waka3x/routes/api/settings.go:597.88,600.4 2 0
github.com/zetkey/waka3x/routes/api/settings.go:602.3,603.90 2 0
github.com/zetkey/waka3x/routes/api/settings.go:603.90,606.4 2 0
github.com/zetkey/waka3x/routes/api/settings.go:609.2,616.124 3 0
github.com/zetkey/waka3x/routes/api/settings.go:619.90,621.36 2 0
github.com/zetkey/waka3x/routes/api/settings.go:621.36,624.3 2 0
github.com/zetkey/waka3x/routes/api/settings.go:625.2,626.109 2 0
github.com/zetkey/waka3x/routes/api/settings.go:629.80,631.46 2 0
github.com/zetkey/waka3x/routes/api/settings.go:631.46,632.61 1 0
github.com/zetkey/waka3x/routes/api/settings.go:632.61,634.4 1 0
github.com/zetkey/waka3x/routes/api/settings.go:635.3,635.59 1 0
github.com/zetkey/waka3x/routes/api/settings.go:635.59,637.4 1 0
github.com/zetkey/waka3x/routes/api/settings.go:638.3,638.60 1 0
github.com/zetkey/waka3x/routes/api/settings.go:638.60,640.4 1 0
github.com/zetkey/waka3x/routes/api/settings.go:641.3,642.52 2 0
github.com/zetkey/waka3x/routes/api/settings.go:642.52,644.4 1 0
github.com/zetkey/waka3x/routes/api/settings.go:646.2,646.98 1 0
github.com/zetkey/waka3x/routes/api/settings.go:649.84,651.46 2 0
github.com/zetkey/waka3x/routes/api/settings.go:651.46,652.49 1 0
github.com/zetkey/waka3x/routes/api/settings.go:652.49,654.4 1 0
github.com/zetkey/waka3x/routes/api/settings.go:656.2,658.101 3 0
github.com/zetkey/waka3x/routes/api/settings.go:661.89,662.39 1 0
github.com/zetkey/waka3x/routes/api/settings.go:662.39,665.3 2 0
github.com/zetkey/waka3x/routes/api/settings.go:666.2,667.30 2 0
github.com/zetkey/waka3x/routes/api/settings.go:667.30,670.3 2 0
github.com/zetkey/waka3x/routes/api/settings.go:671.2,671.68 1 0
github.com/zetkey/waka3x/routes/api/settings.go:671.68,674.3 2 0
github.com/zetkey/waka3x/routes/api/settings.go:675.2,678.16 2 0
github.com/zetkey/waka3x/routes/api/settings.go:678.16,681.3 2 0
github.com/zetkey/waka3x/routes/api/settings.go:682.2,682.68 1 0
github.com/zetkey/waka3x/routes/api/settings.go:682.68,685.3 2 0
github.com/zetkey/waka3x/routes/api/settings.go:686.2,686.59 1 0
github.com/zetkey/waka3x/routes/api/settings.go:689.82,690.39 1 0
github.com/zetkey/waka3x/routes/api/settings.go:690.39,693.3 2 0
github.com/zetkey/waka3x/routes/api/settings.go:694.2,695.30 2 0
github.com/zetkey/waka3x/routes/api/settings.go:695.30,698.3 2 0
github.com/zetkey/waka3x/routes/api/settings.go:699.2,703.33 2 0
github.com/zetkey/waka3x/routes/api/settings.go:703.33,705.3 1 0
github.com/zetkey/waka3x/routes/api/settings.go:706.2,706.56 1 0
github.com/zetkey/waka3x/routes/api/settings.go:706.56,709.3 2 0
github.com/zetkey/waka3x/routes/api/settings.go:710.2,710.68 1 0
github.com/zetkey/waka3x/routes/api/settings.go:710.68,713.3 2 0
github.com/zetkey/waka3x/routes/api/settings.go:714.2,714.37 1 0
github.com/zetkey/waka3x/routes/api/settings.go:714.37,715.42 1 0
github.com/zetkey/waka3x/routes/api/settings.go:715.42,718.4 2 0
github.com/zetkey/waka3x/routes/api/settings.go:720.2,721.16 2 0
github.com/zetkey/waka3x/routes/api/settings.go:721.16,724.3 2 0
github.com/zetkey/waka3x/routes/api/settings.go:725.2,726.16 2 0
github.com/zetkey/waka3x/routes/api/settings.go:726.16,729.3 2 0
github.com/zetkey/waka3x/routes/api/settings.go:730.2,731.16 2 0
github.com/zetkey/waka3x/routes/api/settings.go:731.16,734.3 2 0
github.com/zetkey/waka3x/routes/api/settings.go:735.2,735.104 1 0
github.com/zetkey/waka3x/routes/api/settings.go:735.104,738.3 2 0
github.com/zetkey/waka3x/routes/api/settings.go:739.2,739.118 1 0
github.com/zetkey/waka3x/routes/api/settings.go:742.85,743.39 1 0
github.com/zetkey/waka3x/routes/api/settings.go:743.39,746.3 2 0
github.com/zetkey/waka3x/routes/api/settings.go:747.2,751.33 3 0
github.com/zetkey/waka3x/routes/api/settings.go:751.33,753.3 1 0
github.com/zetkey/waka3x/routes/api/settings.go:754.2,755.37 2 0
github.com/zetkey/waka3x/routes/api/settings.go:755.37,758.3 2 0
github.com/zetkey/waka3x/routes/api/settings.go:759.2,759.68 1 0
github.com/zetkey/waka3x/routes/api/settings.go:759.68,762.3 2 0
github.com/zetkey/waka3x/routes/api/settings.go:763.2,763.115 1 0
github.com/zetkey/waka3x/routes/api/settings.go:766.117,769.16 3 0
github.com/zetkey/waka3x/routes/api/settings.go:769.16,771.3 1 0
github.com/zetkey/waka3x/routes/api/settings.go:772.2,773.16 2 0
github.com/zetkey/waka3x/routes/api/settings.go:773.16,775.3 1 0
github.com/zetkey/waka3x/routes/api/settings.go:776.2,777.16 2 0
github.com/zetkey/waka3x/routes/api/settings.go:777.16,779.3 1 0
github.com/zetkey/waka3x/routes/api/settings.go:780.2,782.16 3 0
github.com/zetkey/waka3x/routes/api/settings.go:782.16,784.3 1 0
github.com/zetkey/waka3x/routes/api/settings.go:785.2,788.85 3 0
github.com/zetkey/waka3x/routes/api/settings.go:788.85,790.3 1 0
github.com/zetkey/waka3x/routes/api/settings.go:792.2,809.8 1 0
github.com/zetkey/waka3x/routes/api/settings.go:812.70,814.32 2 0
github.com/zetkey/waka3x/routes/api/settings.go:814.32,816.33 2 0
github.com/zetkey/waka3x/routes/api/settings.go:816.33,818.4 1 0
github.com/zetkey/waka3x/routes/api/settings.go:819.3,819.65 1 0
github.com/zetkey/waka3x/routes/api/settings.go:821.2,822.32 2 0
github.com/zetkey/waka3x/routes/api/settings.go:822.32,825.3 2 0
github.com/zetkey/waka3x/routes/api/settings.go:826.2,826.41 1 0
github.com/zetkey/waka3x/routes/api/settings.go:826.41,827.39 1 0
github.com/zetkey/waka3x/routes/api/settings.go:827.39,829.4 1 0
github.com/zetkey/waka3x/routes/api/settings.go:830.3,830.41 1 0
github.com/zetkey/waka3x/routes/api/settings.go:832.2,832.15 1 0
github.com/zetkey/waka3x/routes/api/settings.go:835.86,837.31 2 0
github.com/zetkey/waka3x/routes/api/settings.go:837.31,838.22 1 0
github.com/zetkey/waka3x/routes/api/settings.go:838.22,839.12 1 0
github.com/zetkey/waka3x/routes/api/settings.go:841.3,842.31 2 0
github.com/zetkey/waka3x/routes/api/settings.go:842.31,844.4 1 0
github.com/zetkey/waka3x/routes/api/settings.go:845.3,846.32 2 0
github.com/zetkey/waka3x/routes/api/settings.go:848.2,848.41 1 0
github.com/zetkey/waka3x/routes/api/settings.go:848.41,848.81 1 0
github.com/zetkey/waka3x/routes/api/settings.go:849.2,849.15 1 0
github.com/zetkey/waka3x/routes/api/settings.go:852.91,859.30 2 0
github.com/zetkey/waka3x/routes/api/settings.go:859.30,861.3 1 0
github.com/zetkey/waka3x/routes/api/settings.go:862.2,862.15 1 0
github.com/zetkey/waka3x/routes/api/settings.go:865.104,867.41 2 0
github.com/zetkey/waka3x/routes/api/settings.go:867.41,869.3 1 0
github.com/zetkey/waka3x/routes/api/settings.go:870.2,870.15 1 0
github.com/zetkey/waka3x/routes/api/settings.go:873.86,874.19 1 0
github.com/zetkey/waka3x/routes/api/settings.go:874.19,876.3 1 0
github.com/zetkey/waka3x/routes/api/settings.go:878.2,879.16 2 0
github.com/zetkey/waka3x/routes/api/settings.go:879.16,881.3 1 0
github.com/zetkey/waka3x/routes/api/settings.go:882.2,889.73 2 0
github.com/zetkey/waka3x/routes/api/settings.go:889.73,891.3 1 0
github.com/zetkey/waka3x/routes/api/settings.go:892.2,892.13 1 0
github.com/zetkey/waka3x/routes/api/settings.go:895.148,903.120 4 0
github.com/zetkey/waka3x/routes/api/settings.go:903.120,905.3 1 0
github.com/zetkey/waka3x/routes/api/settings.go:905.8,907.3 1 0
github.com/zetkey/waka3x/routes/api/settings.go:908.2,908.24 1 0
github.com/zetkey/waka3x/routes/api/settings.go:908.24,911.3 2 0
github.com/zetkey/waka3x/routes/api/settings.go:913.2,920.44 4 0
github.com/zetkey/waka3x/routes/api/settings.go:920.44,921.60 1 0
github.com/zetkey/waka3x/routes/api/settings.go:921.60,923.4 1 0
github.com/zetkey/waka3x/routes/api/settings.go:926.2,926.32 1 0
github.com/zetkey/waka3x/routes/api/settings.go:926.32,929.49 3 0
github.com/zetkey/waka3x/routes/api/settings.go:929.49,932.4 2 0
github.com/zetkey/waka3x/routes/api/settings.go:934.2,934.20 1 0
github.com/zetkey/waka3x/routes/api/settings.go:934.20,936.3 1 0
github.com/zetkey/waka3x/routes/api/settings.go:938.2,941.52 3 0
github.com/zetkey/waka3x/routes/api/settings.go:941.52,943.3 1 0
github.com/zetkey/waka3x/routes/api/settings.go:945.2,945.19 1 0
github.com/zetkey/waka3x/routes/api/settings.go:945.19,947.52 2 0
github.com/zetkey/waka3x/routes/api/settings.go:947.52,949.4 1 0
github.com/zetkey/waka3x/routes/api/settings.go:952.2,952.43 1 0
github.com/zetkey/waka3x/routes/api/settings.go:952.43,953.113 1 0
github.com/zetkey/waka3x/routes/api/settings.go:953.113,955.4 1 0
github.com/zetkey/waka3x/routes/api/settings.go:959.75,960.60 1 0
github.com/zetkey/waka3x/routes/api/settings.go:960.60,963.3 2 0
github.com/zetkey/waka3x/routes/api/settings.go:964.2,964.89 1 0
github.com/zetkey/waka3x/routes/api/settings.go:964.89,967.3 2 0
github.com/zetkey/waka3x/routes/api/settings.go:968.2,968.12 1 0
github.com/zetkey/waka3x/routes/api/settings.go:971.91,972.46 1 0
github.com/zetkey/waka3x/routes/api/settings.go:972.46,975.53 3 0
github.com/zetkey/waka3x/routes/api/settings.go:975.53,977.4 1 0
github.com/zetkey/waka3x/routes/api/settings.go:981.80,985.2 3 0
github.com/zetkey/waka3x/routes/api/settings.go:987.70,991.2 3 0
github.com/zetkey/waka3x/routes/api/settings.go:993.82,994.63 1 0
github.com/zetkey/waka3x/routes/api/settings.go:994.63,997.3 2 0
github.com/zetkey/waka3x/routes/api/settings.go:998.2,998.13 1 0
github.com/zetkey/waka3x/routes/api/summary.go:33.248,42.2 1 0
github.com/zetkey/waka3x/routes/api/summary.go:44.63,51.2 5 0
github.com/zetkey/waka3x/routes/api/summary.go:70.73,72.16 2 0
github.com/zetkey/waka3x/routes/api/summary.go:72.16,75.3 2 0
github.com/zetkey/waka3x/routes/api/summary.go:77.2,77.51 1 0
github.com/zetkey/waka3x/routes/api/summary.go:80.80,82.16 2 0
github.com/zetkey/waka3x/routes/api/summary.go:82.16,85.3 2 0
github.com/zetkey/waka3x/routes/api/summary.go:87.2,88.16 2 0
github.com/zetkey/waka3x/routes/api/summary.go:88.16,91.3 2 0
github.com/zetkey/waka3x/routes/api/summary.go:93.2,94.16 2 0
github.com/zetkey/waka3x/routes/api/summary.go:94.16,97.3 2 0
github.com/zetkey/waka3x/routes/api/summary.go:99.2,101.16 3 0
github.com/zetkey/waka3x/routes/api/summary.go:101.16,104.3 2 0
github.com/zetkey/waka3x/routes/api/summary.go:106.2,107.120 2 0
github.com/zetkey/waka3x/routes/api/summary.go:107.120,108.83 1 0
github.com/zetkey/waka3x/routes/api/summary.go:108.83,110.4 1 0
github.com/zetkey/waka3x/routes/api/summary.go:113.2,115.35 3 0
github.com/zetkey/waka3x/routes/api/summary.go:115.35,117.3 1 0
github.com/zetkey/waka3x/routes/api/summary.go:118.2,118.173 1 0
github.com/zetkey/waka3x/routes/api/summary.go:118.173,119.90 1 0
github.com/zetkey/waka3x/routes/api/summary.go:119.90,122.4 2 0
github.com/zetkey/waka3x/routes/api/summary.go:125.2,126.147 2 0
github.com/zetkey/waka3x/routes/api/summary.go:126.147,128.3 1 0
github.com/zetkey/waka3x/routes/api/summary.go:130.2,150.4 1 0
github.com/zetkey/waka3x/routes/api/summary.go:153.85,155.37 2 0
github.com/zetkey/waka3x/routes/api/summary.go:155.37,157.3 1 0
github.com/zetkey/waka3x/routes/api/summary.go:159.2,160.37 2 0
github.com/zetkey/waka3x/routes/api/summary.go:160.37,165.3 1 0
github.com/zetkey/waka3x/routes/api/summary.go:166.2,166.17 1 0
github.com/zetkey/waka3x/routes/api/summary.go:169.106,172.37 3 0
github.com/zetkey/waka3x/routes/api/summary.go:172.37,174.17 2 0
github.com/zetkey/waka3x/routes/api/summary.go:174.17,176.4 1 0
github.com/zetkey/waka3x/routes/api/summary.go:177.3,177.44 1 0
github.com/zetkey/waka3x/routes/api/summary.go:179.2,179.23 1 0
github.com/zetkey/waka3x/routes/api/summary.go:182.84,184.88 1 0
github.com/zetkey/waka3x/routes/api/summary.go:184.88,184.107 1 0
github.com/zetkey/waka3x/routes/api/summary.go:185.89,185.108 1 0
github.com/zetkey/waka3x/routes/api/summary.go:186.88,186.107 1 0
github.com/zetkey/waka3x/routes/api/summary.go:187.86,187.105 1 0
github.com/zetkey/waka3x/routes/api/summary.go:188.90,188.109 1 0
github.com/zetkey/waka3x/routes/api/summary.go:214.65,216.36 2 0
github.com/zetkey/waka3x/routes/api/summary.go:216.36,218.44 2 0
github.com/zetkey/waka3x/routes/api/summary.go:218.44,223.4 1 0
github.com/zetkey/waka3x/routes/api/summary.go:224.3,227.5 1 0
github.com/zetkey/waka3x/routes/api/summary.go:229.2,229.17 1 0
github.com/zetkey/waka3x/routes/api/summary.go:232.116,234.37 2 0
github.com/zetkey/waka3x/routes/api/summary.go:234.37,243.3 3 0
github.com/zetkey/waka3x/routes/api/summary.go:245.2,246.38 2 0
github.com/zetkey/waka3x/routes/api/summary.go:246.38,247.59 1 0
github.com/zetkey/waka3x/routes/api/summary.go:247.59,249.4 1 0
github.com/zetkey/waka3x/routes/api/summary.go:250.3,253.5 1 0
github.com/zetkey/waka3x/routes/api/summary.go:255.2,255.17 1 0
github.com/zetkey/waka3x/routes/api/summary.go:258.69,260.31 2 0
github.com/zetkey/waka3x/routes/api/summary.go:260.31,262.40 2 0
github.com/zetkey/waka3x/routes/api/summary.go:262.40,267.4 1 0
github.com/zetkey/waka3x/routes/api/summary.go:268.3,271.5 1 0
github.com/zetkey/waka3x/routes/api/summary.go:273.2,273.17 1 0
github.com/zetkey/waka3x/routes/api/summary.go:276.102,278.36 2 0
github.com/zetkey/waka3x/routes/api/summary.go:278.36,280.38 2 0
github.com/zetkey/waka3x/routes/api/summary.go:280.38,286.4 1 0
github.com/zetkey/waka3x/routes/api/summary.go:287.3,290.5 1 0
github.com/zetkey/waka3x/routes/api/summary.go:292.2,292.17 1 0
github.com/zetkey/waka3x/routes/utils/badge_utils.go:21.13,24.2 2 1
github.com/zetkey/waka3x/routes/utils/badge_utils.go:26.129,30.76 3 0
github.com/zetkey/waka3x/routes/utils/badge_utils.go:30.76,32.3 1 0
github.com/zetkey/waka3x/routes/utils/badge_utils.go:34.2,35.72 2 0
github.com/zetkey/waka3x/routes/utils/badge_utils.go:35.72,36.61 1 0
github.com/zetkey/waka3x/routes/utils/badge_utils.go:36.61,38.4 1 0
github.com/zetkey/waka3x/routes/utils/badge_utils.go:41.2,49.86 4 0
github.com/zetkey/waka3x/routes/utils/badge_utils.go:49.86,51.3 1 0
github.com/zetkey/waka3x/routes/utils/badge_utils.go:53.2,55.22 3 0
github.com/zetkey/waka3x/routes/utils/badge_utils.go:56.17,58.68 2 0
github.com/zetkey/waka3x/routes/utils/badge_utils.go:59.12,61.63 2 0
github.com/zetkey/waka3x/routes/utils/badge_utils.go:62.16,64.67 2 0
github.com/zetkey/waka3x/routes/utils/badge_utils.go:65.18,67.69 2 0
github.com/zetkey/waka3x/routes/utils/badge_utils.go:68.17,70.68 2 0
github.com/zetkey/waka3x/routes/utils/badge_utils.go:71.15,73.66 2 0
github.com/zetkey/waka3x/routes/utils/badge_utils.go:75.10,78.30 2 0
github.com/zetkey/waka3x/routes/utils/badge_utils.go:81.2,81.34 1 0
github.com/zetkey/waka3x/routes/utils/badge_utils.go:81.34,83.3 1 0
github.com/zetkey/waka3x/routes/utils/badge_utils.go:85.2,85.31 1 0
github.com/zetkey/waka3x/routes/utils/heartbeat_utils.go:11.68,13.16 2 0
github.com/zetkey/waka3x/routes/utils/heartbeat_utils.go:13.16,15.3 1 0
github.com/zetkey/waka3x/routes/utils/heartbeat_utils.go:17.2,18.16 2 0
github.com/zetkey/waka3x/routes/utils/heartbeat_utils.go:18.16,20.3 1 0
github.com/zetkey/waka3x/routes/utils/heartbeat_utils.go:22.2,22.35 1 0
github.com/zetkey/waka3x/routes/utils/heartbeat_utils.go:25.65,33.48 6 0
github.com/zetkey/waka3x/routes/utils/heartbeat_utils.go:33.48,35.3 1 0
github.com/zetkey/waka3x/routes/utils/heartbeat_utils.go:37.2,37.24 1 0
github.com/zetkey/waka3x/routes/utils/heartbeat_utils.go:40.67,48.47 6 0
github.com/zetkey/waka3x/routes/utils/heartbeat_utils.go:48.47,50.3 1 0
github.com/zetkey/waka3x/routes/utils/heartbeat_utils.go:52.2,52.45 1 0
github.com/zetkey/waka3x/routes/utils/json.go:9.71,13.2 3 0
github.com/zetkey/waka3x/routes/utils/json.go:16.74,18.2 1 0
github.com/zetkey/waka3x/routes/utils/messages.go:9.71,11.2 1 0
github.com/zetkey/waka3x/routes/utils/messages.go:13.73,15.2 1 0
github.com/zetkey/waka3x/routes/utils/messages.go:17.78,21.2 3 0
github.com/zetkey/waka3x/routes/utils/oidc.go:13.73,17.2 3 0
github.com/zetkey/waka3x/routes/utils/oidc.go:19.69,23.2 3 0
github.com/zetkey/waka3x/routes/utils/oidc.go:25.43,28.9 3 0
github.com/zetkey/waka3x/routes/utils/oidc.go:28.9,30.3 1 0
github.com/zetkey/waka3x/routes/utils/oidc.go:31.2,31.23 1 0
github.com/zetkey/waka3x/routes/utils/oidc.go:34.61,38.2 3 0
github.com/zetkey/waka3x/routes/utils/oidc.go:40.98,42.16 2 0
github.com/zetkey/waka3x/routes/utils/oidc.go:42.16,45.3 2 0
github.com/zetkey/waka3x/routes/utils/oidc.go:47.2,49.20 3 0
github.com/zetkey/waka3x/routes/utils/oidc.go:52.66,56.9 3 0
github.com/zetkey/waka3x/routes/utils/oidc.go:56.9,58.3 1 0
github.com/zetkey/waka3x/routes/utils/oidc.go:60.2,61.75 2 0
github.com/zetkey/waka3x/routes/utils/oidc.go:61.75,64.3 2 0
github.com/zetkey/waka3x/routes/utils/oidc.go:66.2,66.17 1 0
github.com/zetkey/waka3x/routes/utils/oidc.go:69.70,73.2 3 0
github.com/zetkey/waka3x/routes/utils/oidc.go:75.118,77.16 2 0
github.com/zetkey/waka3x/routes/utils/oidc.go:77.16,79.3 1 0
github.com/zetkey/waka3x/routes/utils/oidc.go:81.2,82.49 2 0
github.com/zetkey/waka3x/routes/utils/oidc.go:82.49,84.3 1 0
github.com/zetkey/waka3x/routes/utils/oidc.go:84.8,84.31 1 0
github.com/zetkey/waka3x/routes/utils/oidc.go:84.31,86.3 1 0
github.com/zetkey/waka3x/routes/utils/oidc.go:87.2,90.51 3 0
github.com/zetkey/waka3x/routes/utils/oidc.go:90.51,92.3 1 0
github.com/zetkey/waka3x/routes/utils/oidc.go:94.2,95.22 2 0
github.com/zetkey/waka3x/routes/utils/principal.go:10.55,11.81 1 0
github.com/zetkey/waka3x/routes/utils/principal.go:11.81,14.3 2 0
github.com/zetkey/waka3x/routes/utils/principal.go:17.49,19.23 2 1
github.com/zetkey/waka3x/routes/utils/principal.go:19.23,21.3 1 0
github.com/zetkey/waka3x/routes/utils/principal.go:22.2,22.52 1 1
github.com/zetkey/waka3x/routes/utils/principal.go:22.52,24.17 2 1
github.com/zetkey/waka3x/routes/utils/principal.go:24.17,26.4 1 1
github.com/zetkey/waka3x/routes/utils/principal.go:27.3,27.28 1 1
github.com/zetkey/waka3x/routes/utils/principal.go:29.2,29.12 1 0
github.com/zetkey/waka3x/routes/utils/project_utils.go:15.144,18.16 2 0
github.com/zetkey/waka3x/routes/utils/project_utils.go:18.16,20.3 1 0
github.com/zetkey/waka3x/routes/utils/project_utils.go:23.2,24.16 2 0
github.com/zetkey/waka3x/routes/utils/project_utils.go:24.16,26.3 1 0
github.com/zetkey/waka3x/routes/utils/project_utils.go:28.2,32.35 2 0
github.com/zetkey/waka3x/routes/utils/project_utils.go:32.35,35.3 2 0
github.com/zetkey/waka3x/routes/utils/project_utils.go:37.2,39.20 3 0
github.com/zetkey/waka3x/routes/utils/session.go:9.59,13.2 3 0
github.com/zetkey/waka3x/routes/utils/summary_utils.go:13.98,15.16 2 0
github.com/zetkey/waka3x/routes/utils/summary_utils.go:15.16,17.3 1 0
github.com/zetkey/waka3x/routes/utils/summary_utils.go:18.2,18.51 1 0
github.com/zetkey/waka3x/routes/utils/summary_utils.go:21.119,23.22 2 0
github.com/zetkey/waka3x/routes/utils/summary_utils.go:23.22,25.3 1 0
github.com/zetkey/waka3x/routes/utils/summary_utils.go:27.2,36.16 2 0
github.com/zetkey/waka3x/routes/utils/summary_utils.go:36.16,38.3 1 0
github.com/zetkey/waka3x/routes/utils/summary_utils.go:40.2,44.36 4 0
github.com/zetkey/waka3x/routes/utils/summary_utils.go:47.124,49.22 2 0
github.com/zetkey/waka3x/routes/utils/summary_utils.go:49.22,51.3 1 0
github.com/zetkey/waka3x/routes/utils/summary_utils.go:53.2,62.16 2 0
github.com/zetkey/waka3x/routes/utils/summary_utils.go:62.16,64.3 1 0
github.com/zetkey/waka3x/routes/utils/summary_utils.go:66.2,70.36 4 0
github.com/zetkey/waka3x/routes/utils/summary_utils.go:73.90,75.32 2 0
github.com/zetkey/waka3x/routes/utils/summary_utils.go:75.32,76.50 1 0
github.com/zetkey/waka3x/routes/utils/summary_utils.go:76.50,78.4 1 0
github.com/zetkey/waka3x/routes/utils/summary_utils.go:80.2,80.15 1 0
github.com/zetkey/waka3x/routes/utils/user_utils.go:15.139,16.68 1 1
github.com/zetkey/waka3x/routes/utils/user_utils.go:16.68,21.3 4 1
github.com/zetkey/waka3x/routes/utils/user_utils.go:23.2,24.21 2 1
github.com/zetkey/waka3x/routes/utils/user_utils.go:24.21,26.3 1 1
github.com/zetkey/waka3x/routes/utils/user_utils.go:28.2,29.27 2 1
github.com/zetkey/waka3x/routes/utils/user_utils.go:29.27,31.3 1 1
github.com/zetkey/waka3x/routes/utils/user_utils.go:31.8,31.35 1 1
github.com/zetkey/waka3x/routes/utils/user_utils.go:31.35,33.3 1 1
github.com/zetkey/waka3x/routes/utils/user_utils.go:35.2,35.63 1 1
github.com/zetkey/waka3x/routes/utils/user_utils.go:35.63,37.3 1 1
github.com/zetkey/waka3x/routes/utils/user_utils.go:39.2,40.16 2 1
github.com/zetkey/waka3x/routes/utils/user_utils.go:40.16,42.3 1 0
github.com/zetkey/waka3x/routes/utils/user_utils.go:44.2,44.27 1 1
github.com/zetkey/waka3x/routes/utils/wakatime_utils.go:11.48,14.19 2 1
github.com/zetkey/waka3x/routes/utils/wakatime_utils.go:14.19,16.3 1 1
github.com/zetkey/waka3x/routes/utils/wakatime_utils.go:19.2,20.16 2 1
github.com/zetkey/waka3x/routes/utils/wakatime_utils.go:20.16,22.3 1 1
github.com/zetkey/waka3x/routes/utils/wakatime_utils.go:24.2,24.53 1 1
github.com/zetkey/waka3x/routes/utils/wakatime_utils.go:24.53,26.3 1 1
github.com/zetkey/waka3x/routes/utils/wakatime_utils.go:28.2,28.56 1 1
github.com/zetkey/waka3x/routes/utils/wakatime_utils.go:28.56,30.3 1 1
github.com/zetkey/waka3x/routes/utils/wakatime_utils.go:33.2,34.16 2 1
github.com/zetkey/waka3x/routes/utils/wakatime_utils.go:34.16,36.3 1 0
github.com/zetkey/waka3x/routes/utils/wakatime_utils.go:38.2,38.18 1 1
github.com/zetkey/waka3x/routes/utils/wakatime_utils.go:38.18,39.26 1 1
github.com/zetkey/waka3x/routes/utils/wakatime_utils.go:39.26,40.83 1 1
github.com/zetkey/waka3x/routes/utils/wakatime_utils.go:40.83,42.5 1 1
github.com/zetkey/waka3x/routes/utils/wakatime_utils.go:43.4,43.47 1 1
github.com/zetkey/waka3x/routes/utils/wakatime_utils.go:43.47,45.5 1 1
github.com/zetkey/waka3x/routes/utils/wakatime_utils.go:49.2,49.12 1 1
github.com/zetkey/waka3x/routes/utils/webauthn.go:12.102,16.47 3 0
github.com/zetkey/waka3x/routes/utils/webauthn.go:16.47,18.3 1 0
github.com/zetkey/waka3x/routes/utils/webauthn.go:20.2,20.25 1 0
github.com/zetkey/waka3x/routes/utils/webauthn.go:20.25,22.3 1 0
github.com/zetkey/waka3x/routes/utils/webauthn.go:24.2,24.24 1 0
github.com/zetkey/waka3x/routes/utils/webauthn.go:27.73,30.9 3 0
github.com/zetkey/waka3x/routes/utils/webauthn.go:30.9,32.3 1 0
github.com/zetkey/waka3x/routes/utils/webauthn.go:33.2,34.9 2 0
github.com/zetkey/waka3x/routes/utils/webauthn.go:34.9,37.3 2 0
github.com/zetkey/waka3x/routes/utils/webauthn.go:39.2,39.47 1 0
github.com/zetkey/waka3x/routes/utils/webauthn.go:39.47,41.10 2 0
github.com/zetkey/waka3x/routes/utils/webauthn.go:41.10,43.4 1 0
github.com/zetkey/waka3x/routes/utils/webauthn.go:45.3,46.10 2 0
github.com/zetkey/waka3x/routes/utils/webauthn.go:46.10,48.4 1 0
github.com/zetkey/waka3x/routes/utils/webauthn.go:50.3,50.36 1 0
github.com/zetkey/waka3x/routes/utils/webauthn.go:50.36,52.4 1 0
github.com/zetkey/waka3x/routes/utils/webauthn.go:55.2,55.21 1 0
github.com/zetkey/waka3x/config/config.go:250.46,251.25 1 1
github.com/zetkey/waka3x/config/config.go:251.25,253.3 1 1
github.com/zetkey/waka3x/config/config.go:254.2,254.35 1 1
github.com/zetkey/waka3x/config/config.go:257.47,261.38 3 1
github.com/zetkey/waka3x/config/config.go:261.38,263.3 1 1
github.com/zetkey/waka3x/config/config.go:264.2,264.22 1 1
github.com/zetkey/waka3x/config/config.go:264.22,266.3 1 1
github.com/zetkey/waka3x/config/config.go:267.2,267.26 1 1
github.com/zetkey/waka3x/config/config.go:267.26,269.3 1 1
github.com/zetkey/waka3x/config/config.go:270.2,270.46 1 1
github.com/zetkey/waka3x/config/config.go:270.46,272.3 1 1
github.com/zetkey/waka3x/config/config.go:273.2,273.12 1 1
github.com/zetkey/waka3x/config/config.go:276.45,278.2 1 0
github.com/zetkey/waka3x/config/config.go:280.64,282.2 1 0
github.com/zetkey/waka3x/config/config.go:284.59,286.2 1 0
github.com/zetkey/waka3x/config/config.go:288.82,289.16 1 0
github.com/zetkey/waka3x/config/config.go:289.16,291.3 1 0
github.com/zetkey/waka3x/config/config.go:293.2,301.3 1 0
github.com/zetkey/waka3x/config/config.go:304.31,306.2 1 0
github.com/zetkey/waka3x/config/config.go:308.32,310.2 1 0
github.com/zetkey/waka3x/config/config.go:312.60,314.2 1 0
github.com/zetkey/waka3x/config/config.go:316.67,317.37 1 0
github.com/zetkey/waka3x/config/config.go:317.37,319.3 1 0
github.com/zetkey/waka3x/config/config.go:320.2,320.62 1 0
github.com/zetkey/waka3x/config/config.go:323.59,325.2 1 0
github.com/zetkey/waka3x/config/config.go:327.57,329.2 1 0
github.com/zetkey/waka3x/config/config.go:331.53,333.2 1 0
github.com/zetkey/waka3x/config/config.go:335.53,336.46 1 1
github.com/zetkey/waka3x/config/config.go:336.46,340.17 3 0
github.com/zetkey/waka3x/config/config.go:340.17,342.4 1 0
github.com/zetkey/waka3x/config/config.go:344.3,345.17 2 0
github.com/zetkey/waka3x/config/config.go:345.17,347.4 1 0
github.com/zetkey/waka3x/config/config.go:349.3,349.44 1 0
github.com/zetkey/waka3x/config/config.go:352.2,352.51 1 1
github.com/zetkey/waka3x/config/config.go:355.50,356.47 1 1
github.com/zetkey/waka3x/config/config.go:356.47,363.17 5 0
github.com/zetkey/waka3x/config/config.go:363.17,365.4 1 0
github.com/zetkey/waka3x/config/config.go:367.3,368.17 2 0
github.com/zetkey/waka3x/config/config.go:368.17,370.4 1 0
github.com/zetkey/waka3x/config/config.go:372.3,372.54 1 0
github.com/zetkey/waka3x/config/config.go:375.2,375.52 1 1
github.com/zetkey/waka3x/config/config.go:378.65,383.56 3 1
github.com/zetkey/waka3x/config/config.go:383.56,385.33 1 0
github.com/zetkey/waka3x/config/config.go:385.33,388.18 3 0
github.com/zetkey/waka3x/config/config.go:388.18,390.5 1 0
github.com/zetkey/waka3x/config/config.go:392.4,393.18 2 0
github.com/zetkey/waka3x/config/config.go:393.18,395.5 1 0
github.com/zetkey/waka3x/config/config.go:397.4,397.45 1 0
github.com/zetkey/waka3x/config/config.go:399.8,400.33 1 1
github.com/zetkey/waka3x/config/config.go:400.33,402.4 1 1
github.com/zetkey/waka3x/config/config.go:405.2,405.76 1 1
github.com/zetkey/waka3x/config/config.go:405.76,407.3 1 1
github.com/zetkey/waka3x/config/config.go:409.2,409.14 1 1
github.com/zetkey/waka3x/config/config.go:412.54,415.2 2 0
github.com/zetkey/waka3x/config/config.go:417.63,418.38 1 1
github.com/zetkey/waka3x/config/config.go:418.38,420.3 1 1
github.com/zetkey/waka3x/config/config.go:421.2,421.43 1 1
github.com/zetkey/waka3x/config/config.go:421.43,422.46 1 1
github.com/zetkey/waka3x/config/config.go:422.46,424.4 1 1
github.com/zetkey/waka3x/config/config.go:426.2,426.14 1 1
github.com/zetkey/waka3x/config/config.go:429.54,432.64 2 1
github.com/zetkey/waka3x/config/config.go:432.64,434.15 1 1
github.com/zetkey/waka3x/config/config.go:434.15,435.12 1 1
github.com/zetkey/waka3x/config/config.go:439.3,440.17 2 0
github.com/zetkey/waka3x/config/config.go:440.17,442.12 2 0
github.com/zetkey/waka3x/config/config.go:446.3,447.22 2 0
github.com/zetkey/waka3x/config/config.go:447.22,449.29 2 0
github.com/zetkey/waka3x/config/config.go:449.29,451.5 1 0
github.com/zetkey/waka3x/config/config.go:452.4,454.12 3 0
github.com/zetkey/waka3x/config/config.go:457.3,457.55 1 0
github.com/zetkey/waka3x/config/config.go:461.61,463.2 1 0
github.com/zetkey/waka3x/config/config.go:465.66,467.2 1 0
github.com/zetkey/waka3x/config/config.go:469.65,471.2 1 0
github.com/zetkey/waka3x/config/config.go:473.73,475.2 1 0
github.com/zetkey/waka3x/config/config.go:477.78,479.2 1 0
github.com/zetkey/waka3x/config/config.go:481.55,482.112 1 0
github.com/zetkey/waka3x/config/config.go:482.112,484.3 1 0
github.com/zetkey/waka3x/config/config.go:487.70,490.23 3 0
github.com/zetkey/waka3x/config/config.go:490.23,492.3 1 0
github.com/zetkey/waka3x/config/config.go:494.2,498.20 4 0
github.com/zetkey/waka3x/config/config.go:499.11,500.28 1 0
github.com/zetkey/waka3x/config/config.go:501.11,502.28 1 0
github.com/zetkey/waka3x/config/config.go:503.11,504.26 1 0
github.com/zetkey/waka3x/config/config.go:507.2,507.51 1 0
github.com/zetkey/waka3x/config/config.go:510.36,512.2 1 1
github.com/zetkey/waka3x/config/config.go:514.35,516.2 1 0
github.com/zetkey/waka3x/config/config.go:518.38,520.2 1 0
github.com/zetkey/waka3x/config/config.go:522.35,524.2 1 1
github.com/zetkey/waka3x/config/config.go:526.46,528.2 1 1
github.com/zetkey/waka3x/config/config.go:530.43,532.2 1 0
github.com/zetkey/waka3x/config/config.go:534.29,536.2 1 1
github.com/zetkey/waka3x/config/config.go:538.48,549.16 2 1
github.com/zetkey/waka3x/config/config.go:549.16,550.48 1 1
github.com/zetkey/waka3x/config/config.go:550.48,552.4 1 0
github.com/zetkey/waka3x/config/config.go:552.9,554.4 1 1
github.com/zetkey/waka3x/config/config.go:557.2,558.53 2 1
github.com/zetkey/waka3x/config/config.go:558.53,560.3 1 0
github.com/zetkey/waka3x/config/config.go:562.2,562.15 1 1
github.com/zetkey/waka3x/config/config.go:565.45,566.27 1 1
github.com/zetkey/waka3x/config/config.go:566.27,568.3 1 0
github.com/zetkey/waka3x/config/config.go:569.2,569.24 1 1
github.com/zetkey/waka3x/config/config.go:569.24,571.3 1 0
github.com/zetkey/waka3x/config/config.go:572.2,572.25 1 1
github.com/zetkey/waka3x/config/config.go:572.25,574.3 1 0
github.com/zetkey/waka3x/config/config.go:575.2,575.15 1 1
github.com/zetkey/waka3x/config/config.go:578.26,580.2 1 1
github.com/zetkey/waka3x/config/config.go:582.20,584.2 1 1
github.com/zetkey/waka3x/config/config.go:586.54,592.101 5 1
github.com/zetkey/waka3x/config/config.go:592.101,594.3 1 0
github.com/zetkey/waka3x/config/config.go:596.2,602.21 5 1
github.com/zetkey/waka3x/config/config.go:602.21,604.3 1 0
github.com/zetkey/waka3x/config/config.go:606.2,609.35 4 1
github.com/zetkey/waka3x/config/config.go:609.35,611.3 1 0
github.com/zetkey/waka3x/config/config.go:612.2,612.25 1 1
github.com/zetkey/waka3x/config/config.go:612.25,615.3 2 0
github.com/zetkey/waka3x/config/config.go:617.2,621.16 4 1
github.com/zetkey/waka3x/config/config.go:621.16,625.3 3 1
github.com/zetkey/waka3x/config/config.go:626.2,626.37 1 1
github.com/zetkey/waka3x/config/config.go:626.37,628.3 1 0
github.com/zetkey/waka3x/config/config.go:630.2,635.81 5 1
github.com/zetkey/waka3x/config/config.go:635.81,637.3 1 1
github.com/zetkey/waka3x/config/config.go:637.8,639.3 1 0
github.com/zetkey/waka3x/config/config.go:641.2,641.47 1 1
github.com/zetkey/waka3x/config/config.go:641.47,642.14 1 0
github.com/zetkey/waka3x/config/config.go:642.14,644.4 1 0
github.com/zetkey/waka3x/config/config.go:647.2,647.29 1 1
github.com/zetkey/waka3x/config/config.go:647.29,648.38 1 0
github.com/zetkey/waka3x/config/config.go:648.38,650.4 1 0
github.com/zetkey/waka3x/config/config.go:651.3,652.60 2 0
github.com/zetkey/waka3x/config/config.go:655.2,655.70 1 1
github.com/zetkey/waka3x/config/config.go:655.70,657.50 2 1
github.com/zetkey/waka3x/config/config.go:657.50,659.4 1 1
github.com/zetkey/waka3x/config/config.go:662.2,662.41 1 1
github.com/zetkey/waka3x/config/config.go:662.41,664.3 1 1
github.com/zetkey/waka3x/config/config.go:664.8,666.35 2 0
github.com/zetkey/waka3x/config/config.go:666.35,668.4 1 0
github.com/zetkey/waka3x/config/config.go:669.3,669.34 1 0
github.com/zetkey/waka3x/config/config.go:673.2,673.108 1 1
github.com/zetkey/waka3x/config/config.go:673.108,675.3 1 0
github.com/zetkey/waka3x/config/config.go:676.2,676.52 1 1
github.com/zetkey/waka3x/config/config.go:676.52,678.3 1 0
github.com/zetkey/waka3x/config/config.go:679.2,679.51 1 1
github.com/zetkey/waka3x/config/config.go:679.51,682.3 2 1
github.com/zetkey/waka3x/config/config.go:683.2,683.100 1 1
github.com/zetkey/waka3x/config/config.go:683.100,685.3 1 0
github.com/zetkey/waka3x/config/config.go:686.2,686.53 1 1
github.com/zetkey/waka3x/config/config.go:686.53,688.3 1 0
github.com/zetkey/waka3x/config/config.go:689.2,689.74 1 1
github.com/zetkey/waka3x/config/config.go:689.74,691.3 1 0
github.com/zetkey/waka3x/config/config.go:692.2,692.95 1 1
github.com/zetkey/waka3x/config/config.go:692.95,694.3 1 0
github.com/zetkey/waka3x/config/config.go:695.2,695.156 1 1
github.com/zetkey/waka3x/config/config.go:695.156,697.3 1 0
github.com/zetkey/waka3x/config/config.go:698.2,698.165 1 1
github.com/zetkey/waka3x/config/config.go:698.165,700.3 1 0
github.com/zetkey/waka3x/config/config.go:701.2,701.57 1 1
github.com/zetkey/waka3x/config/config.go:701.57,702.45 1 1
github.com/zetkey/waka3x/config/config.go:702.45,704.4 1 0
github.com/zetkey/waka3x/config/config.go:707.2,709.78 2 1
github.com/zetkey/waka3x/config/config.go:709.78,711.3 1 0
github.com/zetkey/waka3x/config/config.go:712.2,712.81 1 1
github.com/zetkey/waka3x/config/config.go:712.81,714.3 1 0
github.com/zetkey/waka3x/config/config.go:715.2,715.66 1 1
github.com/zetkey/waka3x/config/config.go:715.66,716.48 1 1
github.com/zetkey/waka3x/config/config.go:716.48,718.4 1 0
github.com/zetkey/waka3x/config/config.go:722.2,722.76 1 1
github.com/zetkey/waka3x/config/config.go:722.76,724.3 1 0
github.com/zetkey/waka3x/config/config.go:727.2,727.55 1 1
github.com/zetkey/waka3x/config/config.go:727.55,729.3 1 0
github.com/zetkey/waka3x/config/config.go:730.2,730.56 1 1
github.com/zetkey/waka3x/config/config.go:730.56,732.3 1 0
github.com/zetkey/waka3x/config/config.go:733.2,733.65 1 1
github.com/zetkey/waka3x/config/config.go:733.65,735.3 1 0
github.com/zetkey/waka3x/config/config.go:737.2,743.14 4 1
github.com/zetkey/waka3x/config/config.go:746.22,756.2 1 1
github.com/zetkey/waka3x/config/config.go:758.38,761.2 2 0
github.com/zetkey/waka3x/config/config.go:763.40,765.50 1 1
github.com/zetkey/waka3x/config/config.go:765.50,768.3 2 1
github.com/zetkey/waka3x/config/config.go:771.35,775.16 3 1
github.com/zetkey/waka3x/config/config.go:775.16,777.3 1 0
github.com/zetkey/waka3x/config/config.go:779.2,786.16 3 1
github.com/zetkey/waka3x/config/config.go:786.16,788.3 1 0
github.com/zetkey/waka3x/config/config.go:791.22,803.33 2 1
github.com/zetkey/waka3x/config/config.go:803.33,805.22 2 1
github.com/zetkey/waka3x/config/config.go:805.22,806.12 1 0
github.com/zetkey/waka3x/config/config.go:808.3,811.69 2 1
github.com/zetkey/waka3x/config/config.go:811.69,815.135 3 1
github.com/zetkey/waka3x/config/config.go:815.135,818.5 2 0
github.com/zetkey/waka3x/config/config.go:819.4,819.18 1 1
github.com/zetkey/waka3x/config/config.go:824.26,825.33 1 1
github.com/zetkey/waka3x/config/config.go:825.33,827.22 2 1
github.com/zetkey/waka3x/config/config.go:827.22,828.12 1 0
github.com/zetkey/waka3x/config/config.go:831.3,832.39 2 1
github.com/zetkey/waka3x/config/config.go:832.39,833.12 1 1
github.com/zetkey/waka3x/config/config.go:836.3,837.47 2 1
github.com/zetkey/waka3x/config/config.go:837.47,838.12 1 1
github.com/zetkey/waka3x/config/config.go:841.3,841.45 1 1
github.com/zetkey/waka3x/config/config.go:841.45,844.4 2 0
github.com/zetkey/waka3x/config/config.go:854.24,855.33 1 1
github.com/zetkey/waka3x/config/config.go:855.33,857.22 2 1
github.com/zetkey/waka3x/config/config.go:857.22,858.12 1 0
github.com/zetkey/waka3x/config/config.go:860.3,862.36 2 1
github.com/zetkey/waka3x/config/config.go:862.36,864.28 2 1
github.com/zetkey/waka3x/config/config.go:864.28,867.5 2 0
github.com/zetkey/waka3x/config/config.go:869.4,870.18 2 1
github.com/zetkey/waka3x/config/config.go:870.18,873.5 2 0
github.com/zetkey/waka3x/config/config.go:875.4,876.18 2 1
github.com/zetkey/waka3x/config/db.go:53.50,54.19 1 0
github.com/zetkey/waka3x/config/db.go:55.23,59.5 1 0
github.com/zetkey/waka3x/config/db.go:60.26,63.5 1 0
github.com/zetkey/waka3x/config/db.go:64.24,65.48 1 0
github.com/zetkey/waka3x/config/db.go:68.2,68.12 1 0
github.com/zetkey/waka3x/config/db.go:71.53,72.25 1 1
github.com/zetkey/waka3x/config/db.go:72.25,74.3 1 0
github.com/zetkey/waka3x/config/db.go:76.2,78.25 2 1
github.com/zetkey/waka3x/config/db.go:78.25,80.3 1 1
github.com/zetkey/waka3x/config/db.go:82.2,90.3 1 1
github.com/zetkey/waka3x/config/db.go:93.56,94.25 1 1
github.com/zetkey/waka3x/config/db.go:94.25,96.3 1 0
github.com/zetkey/waka3x/config/db.go:98.2,99.16 2 1
github.com/zetkey/waka3x/config/db.go:99.16,101.3 1 0
github.com/zetkey/waka3x/config/db.go:106.2,113.3 1 1
github.com/zetkey/waka3x/config/db.go:116.54,118.2 1 1
github.com/zetkey/waka3x/config/db_opts.go:11.56,13.2 1 0
github.com/zetkey/waka3x/config/db_opts.go:15.59,17.2 1 0
github.com/zetkey/waka3x/config/db_opts.go:19.61,21.39 1 0
github.com/zetkey/waka3x/config/db_opts.go:21.39,23.100 1 0
github.com/zetkey/waka3x/config/db_opts.go:23.100,25.4 1 0
github.com/zetkey/waka3x/config/db_opts.go:28.2,28.30 1 0
github.com/zetkey/waka3x/config/db_opts.go:28.30,29.68 1 0
github.com/zetkey/waka3x/config/db_opts.go:29.68,31.4 1 0
github.com/zetkey/waka3x/config/db_opts.go:34.2,34.12 1 0
github.com/zetkey/waka3x/config/eventbus.go:30.13,32.2 1 1
github.com/zetkey/waka3x/config/eventbus.go:34.26,36.2 1 0
github.com/zetkey/waka3x/config/eventbus.go:38.37,40.2 1 0
github.com/zetkey/waka3x/config/fs.go:9.56,10.19 1 0
github.com/zetkey/waka3x/config/fs.go:10.19,11.46 1 0
github.com/zetkey/waka3x/config/fs.go:11.46,13.4 1 0
github.com/zetkey/waka3x/config/fs.go:14.3,14.98 1 0
github.com/zetkey/waka3x/config/fs.go:16.2,16.19 1 0
github.com/zetkey/waka3x/config/jobqueue.go:29.13,31.2 1 1
github.com/zetkey/waka3x/config/jobqueue.go:33.18,41.2 7 0
github.com/zetkey/waka3x/config/jobqueue.go:43.48,44.34 1 0
github.com/zetkey/waka3x/config/jobqueue.go:44.34,46.3 1 0
github.com/zetkey/waka3x/config/jobqueue.go:47.2,50.12 4 0
github.com/zetkey/waka3x/config/jobqueue.go:53.44,55.2 1 0
github.com/zetkey/waka3x/config/jobqueue.go:57.48,58.35 1 0
github.com/zetkey/waka3x/config/jobqueue.go:58.35,60.3 1 0
github.com/zetkey/waka3x/config/jobqueue.go:61.2,61.24 1 0
github.com/zetkey/waka3x/config/jobqueue.go:64.43,66.37 2 0
github.com/zetkey/waka3x/config/jobqueue.go:66.37,72.3 1 0
github.com/zetkey/waka3x/config/jobqueue.go:73.2,73.16 1 0
github.com/zetkey/waka3x/config/jobqueue.go:76.20,77.30 1 0
github.com/zetkey/waka3x/config/jobqueue.go:77.30,79.3 1 0
github.com/zetkey/waka3x/config/key_utils.go:10.58,14.44 2 1
github.com/zetkey/waka3x/config/key_utils.go:14.44,16.17 2 1
github.com/zetkey/waka3x/config/key_utils.go:16.17,18.4 1 0
github.com/zetkey/waka3x/config/key_utils.go:19.3,22.17 3 1
github.com/zetkey/waka3x/config/key_utils.go:22.17,24.4 1 0
github.com/zetkey/waka3x/config/key_utils.go:25.3,25.46 1 1
github.com/zetkey/waka3x/config/key_utils.go:29.2,30.16 2 0
github.com/zetkey/waka3x/config/key_utils.go:30.16,32.3 1 0
github.com/zetkey/waka3x/config/key_utils.go:33.2,36.51 3 0
github.com/zetkey/waka3x/config/key_utils.go:36.51,38.3 1 0
github.com/zetkey/waka3x/config/key_utils.go:39.2,39.45 1 0
github.com/zetkey/waka3x/config/logging.go:11.35,13.25 2 1
github.com/zetkey/waka3x/config/logging.go:13.25,16.62 1 0
github.com/zetkey/waka3x/config/logging.go:16.62,17.44 1 0
github.com/zetkey/waka3x/config/logging.go:17.44,21.6 1 0
github.com/zetkey/waka3x/config/logging.go:22.5,22.13 1 0
github.com/zetkey/waka3x/config/logging.go:24.8,29.3 1 1
github.com/zetkey/waka3x/config/logging.go:30.2,30.36 1 1
github.com/zetkey/waka3x/config/oidc.go:37.46,39.2 1 0
github.com/zetkey/waka3x/config/oidc.go:41.45,43.2 1 0
github.com/zetkey/waka3x/config/oidc.go:45.48,47.31 1 1
github.com/zetkey/waka3x/config/oidc.go:47.31,48.65 1 1
github.com/zetkey/waka3x/config/oidc.go:48.65,50.4 1 1
github.com/zetkey/waka3x/config/oidc.go:54.2,54.62 1 1
github.com/zetkey/waka3x/config/oidc.go:54.62,56.3 1 1
github.com/zetkey/waka3x/config/oidc.go:57.2,57.53 1 1
github.com/zetkey/waka3x/config/oidc.go:57.53,59.3 1 1
github.com/zetkey/waka3x/config/oidc.go:60.2,60.52 1 1
github.com/zetkey/waka3x/config/oidc.go:60.52,62.3 1 1
github.com/zetkey/waka3x/config/oidc.go:63.2,63.11 1 1
github.com/zetkey/waka3x/config/oidc.go:66.69,67.28 1 1
github.com/zetkey/waka3x/config/oidc.go:67.28,68.48 1 1
github.com/zetkey/waka3x/config/oidc.go:68.48,69.38 1 1
github.com/zetkey/waka3x/config/oidc.go:69.38,71.5 1 1
github.com/zetkey/waka3x/config/oidc.go:74.2,74.11 1 1
github.com/zetkey/waka3x/config/oidc.go:79.58,88.2 4 1
github.com/zetkey/waka3x/config/oidc.go:90.60,94.16 3 1
github.com/zetkey/waka3x/config/oidc.go:94.16,97.3 2 0
github.com/zetkey/waka3x/config/oidc.go:99.2,100.39 2 1
github.com/zetkey/waka3x/config/oidc.go:100.39,101.62 1 0
github.com/zetkey/waka3x/config/oidc.go:101.62,103.4 1 0
github.com/zetkey/waka3x/config/oidc.go:106.2,120.3 2 1
github.com/zetkey/waka3x/config/oidc.go:123.58,125.9 2 1
github.com/zetkey/waka3x/config/oidc.go:125.9,127.3 1 0
github.com/zetkey/waka3x/config/oidc.go:128.2,128.22 1 1
github.com/zetkey/waka3x/config/oidc.go:131.53,134.2 2 0
github.com/zetkey/waka3x/config/sentry.go:27.26,29.16 2 1
github.com/zetkey/waka3x/config/sentry.go:29.16,31.3 1 1
github.com/zetkey/waka3x/config/sentry.go:33.2,33.136 1 1
github.com/zetkey/waka3x/config/sentry.go:33.136,35.30 2 0
github.com/zetkey/waka3x/config/sentry.go:35.30,36.29 1 0
github.com/zetkey/waka3x/config/sentry.go:36.29,38.5 1 0
github.com/zetkey/waka3x/config/sentry.go:40.3,40.24 1 0
github.com/zetkey/waka3x/config/sentry.go:43.2,48.4 1 1
github.com/zetkey/waka3x/config/sentry.go:51.26,53.25 1 1
github.com/zetkey/waka3x/config/sentry.go:53.25,55.3 1 1
github.com/zetkey/waka3x/config/sentry.go:56.2,57.21 2 1
github.com/zetkey/waka3x/config/sentry.go:60.55,64.2 3 0
github.com/zetkey/waka3x/config/sentry.go:66.63,69.39 3 0
github.com/zetkey/waka3x/config/sentry.go:69.39,71.3 1 0
github.com/zetkey/waka3x/config/sentry.go:72.2,72.11 1 0
github.com/zetkey/waka3x/config/sentry.go:83.73,91.59 1 0
github.com/zetkey/waka3x/config/sentry.go:91.59,93.38 2 0
github.com/zetkey/waka3x/config/sentry.go:93.38,94.38 1 0
github.com/zetkey/waka3x/config/sentry.go:94.38,96.6 1 0
github.com/zetkey/waka3x/config/sentry.go:98.4,98.50 1 0
github.com/zetkey/waka3x/config/sentry.go:98.50,100.5 1 0
github.com/zetkey/waka3x/config/sentry.go:101.4,101.37 1 0
github.com/zetkey/waka3x/config/sentry.go:103.79,106.4 1 0
github.com/zetkey/waka3x/config/sentry.go:107.17,109.3 1 0
github.com/zetkey/waka3x/config/sentry.go:113.43,115.23 2 0
github.com/zetkey/waka3x/config/sentry.go:115.23,118.3 2 0
github.com/zetkey/waka3x/config/sentry.go:119.2,120.16 2 0
github.com/zetkey/waka3x/config/sentry.go:120.16,122.3 1 0
github.com/zetkey/waka3x/config/sentry.go:123.2,123.21 1 0
github.com/zetkey/waka3x/config/session.go:13.46,19.36 2 0
github.com/zetkey/waka3x/config/session.go:19.36,22.3 2 0
github.com/zetkey/waka3x/config/session.go:24.2,24.14 1 0
github.com/zetkey/waka3x/config/session.go:27.46,28.25 1 0
github.com/zetkey/waka3x/config/session.go:28.25,30.3 1 0
github.com/zetkey/waka3x/config/session.go:31.2,31.21 1 0
github.com/zetkey/waka3x/config/session.go:34.26,36.2 1 0
github.com/zetkey/waka3x/config/shared_data.go:18.34,20.2 1 0
github.com/zetkey/waka3x/config/testutils.go:3.111,5.2 1 0
github.com/zetkey/waka3x/config/testutils.go:7.137,20.2 4 0
github.com/zetkey/waka3x/services/activity.go:42.74,48.2 1 0
github.com/zetkey/waka3x/services/activity.go:52.145,54.65 2 0
github.com/zetkey/waka3x/services/activity.go:54.65,56.3 1 0
github.com/zetkey/waka3x/services/activity.go:58.2,58.18 1 0
github.com/zetkey/waka3x/services/activity.go:59.35,61.17 2 0
github.com/zetkey/waka3x/services/activity.go:61.17,63.4 1 0
github.com/zetkey/waka3x/services/activity.go:64.3,64.20 1 0
github.com/zetkey/waka3x/services/activity.go:65.10,66.48 1 0
github.com/zetkey/waka3x/services/activity.go:70.112,74.16 3 0
github.com/zetkey/waka3x/services/activity.go:74.16,76.3 1 0
github.com/zetkey/waka3x/services/activity.go:78.2,85.37 5 0
github.com/zetkey/waka3x/services/activity.go:85.37,89.20 3 0
github.com/zetkey/waka3x/services/activity.go:89.20,91.18 2 0
github.com/zetkey/waka3x/services/activity.go:91.18,98.5 6 0
github.com/zetkey/waka3x/services/activity.go:100.4,102.16 3 0
github.com/zetkey/waka3x/services/activity.go:106.2,132.30 9 0
github.com/zetkey/waka3x/services/activity.go:132.30,140.3 6 0
github.com/zetkey/waka3x/services/activity.go:142.2,142.22 1 0
github.com/zetkey/waka3x/services/activity.go:142.22,147.3 4 0
github.com/zetkey/waka3x/services/activity.go:149.2,151.26 2 0
github.com/zetkey/waka3x/services/aggregation.go:34.176,46.2 1 0
github.com/zetkey/waka3x/services/aggregation.go:55.43,58.52 2 0
github.com/zetkey/waka3x/services/aggregation.go:58.52,59.77 1 0
github.com/zetkey/waka3x/services/aggregation.go:59.77,61.4 1 0
github.com/zetkey/waka3x/services/aggregation.go:62.58,64.3 1 0
github.com/zetkey/waka3x/services/aggregation.go:67.92,68.47 1 0
github.com/zetkey/waka3x/services/aggregation.go:68.47,70.3 1 0
github.com/zetkey/waka3x/services/aggregation.go:71.2,77.16 4 0
github.com/zetkey/waka3x/services/aggregation.go:77.16,80.3 2 0
github.com/zetkey/waka3x/services/aggregation.go:83.2,84.16 2 0
github.com/zetkey/waka3x/services/aggregation.go:84.16,87.3 2 0
github.com/zetkey/waka3x/services/aggregation.go:90.2,91.44 2 0
github.com/zetkey/waka3x/services/aggregation.go:91.44,93.3 1 0
github.com/zetkey/waka3x/services/aggregation.go:96.2,97.42 2 0
github.com/zetkey/waka3x/services/aggregation.go:97.42,99.3 1 0
github.com/zetkey/waka3x/services/aggregation.go:99.8,101.3 1 0
github.com/zetkey/waka3x/services/aggregation.go:102.2,102.16 1 0
github.com/zetkey/waka3x/services/aggregation.go:102.16,104.3 1 0
github.com/zetkey/waka3x/services/aggregation.go:107.2,107.29 1 0
github.com/zetkey/waka3x/services/aggregation.go:107.29,115.45 5 0
github.com/zetkey/waka3x/services/aggregation.go:115.45,119.4 3 0
github.com/zetkey/waka3x/services/aggregation.go:122.3,122.42 1 0
github.com/zetkey/waka3x/services/aggregation.go:122.42,123.25 1 0
github.com/zetkey/waka3x/services/aggregation.go:123.25,124.13 1 0
github.com/zetkey/waka3x/services/aggregation.go:127.4,127.22 1 0
github.com/zetkey/waka3x/services/aggregation.go:127.22,132.5 2 0
github.com/zetkey/waka3x/services/aggregation.go:132.10,132.63 1 0
github.com/zetkey/waka3x/services/aggregation.go:132.63,137.5 2 0
github.com/zetkey/waka3x/services/aggregation.go:137.10,141.5 1 0
github.com/zetkey/waka3x/services/aggregation.go:145.3,145.31 1 0
github.com/zetkey/waka3x/services/aggregation.go:145.31,147.54 2 0
github.com/zetkey/waka3x/services/aggregation.go:147.54,150.5 2 0
github.com/zetkey/waka3x/services/aggregation.go:150.19,152.5 1 0
github.com/zetkey/waka3x/services/aggregation.go:156.2,156.12 1 0
github.com/zetkey/waka3x/services/aggregation.go:159.98,160.47 1 0
github.com/zetkey/waka3x/services/aggregation.go:160.47,162.3 1 0
github.com/zetkey/waka3x/services/aggregation.go:163.2,169.42 4 0
github.com/zetkey/waka3x/services/aggregation.go:169.42,171.3 1 0
github.com/zetkey/waka3x/services/aggregation.go:171.8,173.3 1 0
github.com/zetkey/waka3x/services/aggregation.go:174.2,174.16 1 0
github.com/zetkey/waka3x/services/aggregation.go:174.16,176.3 1 0
github.com/zetkey/waka3x/services/aggregation.go:178.2,178.26 1 0
github.com/zetkey/waka3x/services/aggregation.go:178.26,180.45 2 0
github.com/zetkey/waka3x/services/aggregation.go:180.45,182.4 1 0
github.com/zetkey/waka3x/services/aggregation.go:185.2,185.12 1 0
github.com/zetkey/waka3x/services/aggregation.go:188.60,191.100 2 0
github.com/zetkey/waka3x/services/aggregation.go:191.100,193.3 1 0
github.com/zetkey/waka3x/services/aggregation.go:193.8,195.60 2 0
github.com/zetkey/waka3x/services/aggregation.go:195.60,197.4 1 0
github.com/zetkey/waka3x/services/aggregation.go:201.83,216.41 5 0
github.com/zetkey/waka3x/services/aggregation.go:216.41,226.3 3 0
github.com/zetkey/waka3x/services/aggregation.go:228.2,228.13 1 0
github.com/zetkey/waka3x/services/aggregation.go:231.83,234.27 3 0
github.com/zetkey/waka3x/services/aggregation.go:234.27,235.34 1 0
github.com/zetkey/waka3x/services/aggregation.go:235.34,237.4 1 0
github.com/zetkey/waka3x/services/aggregation.go:239.2,240.12 2 0
github.com/zetkey/waka3x/services/aggregation.go:243.79,246.27 3 0
github.com/zetkey/waka3x/services/aggregation.go:246.27,248.3 1 0
github.com/zetkey/waka3x/services/aggregation.go:251.34,254.2 2 0
github.com/zetkey/waka3x/services/alias.go:20.77,25.2 1 1
github.com/zetkey/waka3x/services/alias.go:29.60,30.43 1 1
github.com/zetkey/waka3x/services/alias.go:30.43,32.3 1 1
github.com/zetkey/waka3x/services/alias.go:33.2,33.14 1 1
github.com/zetkey/waka3x/services/alias.go:36.62,38.16 2 1
github.com/zetkey/waka3x/services/alias.go:38.16,40.3 1 1
github.com/zetkey/waka3x/services/alias.go:41.2,41.12 1 1
github.com/zetkey/waka3x/services/alias.go:44.59,45.51 1 1
github.com/zetkey/waka3x/services/alias.go:45.51,47.3 1 0
github.com/zetkey/waka3x/services/alias.go:50.76,51.32 1 0
github.com/zetkey/waka3x/services/alias.go:51.32,53.3 1 0
github.com/zetkey/waka3x/services/alias.go:54.2,54.49 1 0
github.com/zetkey/waka3x/services/alias.go:54.49,56.3 1 0
github.com/zetkey/waka3x/services/alias.go:56.8,58.3 1 0
github.com/zetkey/waka3x/services/alias.go:61.102,62.38 1 0
github.com/zetkey/waka3x/services/alias.go:62.38,64.3 1 0
github.com/zetkey/waka3x/services/alias.go:65.2,65.39 1 0
github.com/zetkey/waka3x/services/alias.go:68.113,69.38 1 0
github.com/zetkey/waka3x/services/alias.go:69.38,71.3 1 0
github.com/zetkey/waka3x/services/alias.go:72.2,72.39 1 0
github.com/zetkey/waka3x/services/alias.go:75.108,76.32 1 1
github.com/zetkey/waka3x/services/alias.go:76.32,78.3 1 1
github.com/zetkey/waka3x/services/alias.go:80.2,82.56 2 1
github.com/zetkey/waka3x/services/alias.go:82.56,84.3 1 1
github.com/zetkey/waka3x/services/alias.go:86.2,86.49 1 1
github.com/zetkey/waka3x/services/alias.go:86.49,87.47 1 1
github.com/zetkey/waka3x/services/alias.go:87.47,88.54 1 1
github.com/zetkey/waka3x/services/alias.go:88.54,90.5 1 1
github.com/zetkey/waka3x/services/alias.go:94.2,94.19 1 1
github.com/zetkey/waka3x/services/alias.go:97.77,98.22 1 0
github.com/zetkey/waka3x/services/alias.go:98.22,100.3 1 0
github.com/zetkey/waka3x/services/alias.go:101.2,102.16 2 0
github.com/zetkey/waka3x/services/alias.go:102.16,104.3 1 0
github.com/zetkey/waka3x/services/alias.go:106.2,110.20 3 0
github.com/zetkey/waka3x/services/alias.go:113.60,114.24 1 0
github.com/zetkey/waka3x/services/alias.go:114.24,116.3 1 0
github.com/zetkey/waka3x/services/alias.go:117.2,120.16 2 0
github.com/zetkey/waka3x/services/alias.go:120.16,122.3 1 0
github.com/zetkey/waka3x/services/alias.go:124.2,126.12 2 0
github.com/zetkey/waka3x/services/alias.go:129.69,133.28 3 0
github.com/zetkey/waka3x/services/alias.go:133.28,134.21 1 0
github.com/zetkey/waka3x/services/alias.go:134.21,136.4 1 0
github.com/zetkey/waka3x/services/alias.go:137.3,138.16 2 0
github.com/zetkey/waka3x/services/alias.go:141.2,144.16 2 0
github.com/zetkey/waka3x/services/alias.go:144.16,145.29 1 0
github.com/zetkey/waka3x/services/alias.go:145.29,147.4 1 0
github.com/zetkey/waka3x/services/alias.go:150.2,150.31 1 0
github.com/zetkey/waka3x/services/alias.go:150.31,152.3 1 0
github.com/zetkey/waka3x/services/alias.go:154.2,154.12 1 0
github.com/zetkey/waka3x/services/alias.go:157.74,158.14 1 0
github.com/zetkey/waka3x/services/alias.go:158.14,159.57 1 0
github.com/zetkey/waka3x/services/alias.go:159.57,163.4 3 0
github.com/zetkey/waka3x/services/alias.go:164.8,165.57 1 0
github.com/zetkey/waka3x/services/alias.go:165.57,167.48 2 0
github.com/zetkey/waka3x/services/alias.go:167.48,168.26 1 0
github.com/zetkey/waka3x/services/alias.go:168.26,170.6 1 0
github.com/zetkey/waka3x/services/alias.go:172.4,172.52 1 0
github.com/zetkey/waka3x/services/alias.go:177.116,178.32 1 0
github.com/zetkey/waka3x/services/alias.go:178.32,180.3 1 0
github.com/zetkey/waka3x/services/alias.go:181.2,181.49 1 0
github.com/zetkey/waka3x/services/alias.go:181.49,183.47 2 0
github.com/zetkey/waka3x/services/alias.go:183.47,184.16 1 0
github.com/zetkey/waka3x/services/alias.go:184.16,186.5 1 0
github.com/zetkey/waka3x/services/alias.go:188.3,188.30 1 0
github.com/zetkey/waka3x/services/alias.go:189.8,191.3 1 0
github.com/zetkey/waka3x/services/api_key.go:23.87,32.33 3 0
github.com/zetkey/waka3x/services/api_key.go:32.33,33.31 1 0
github.com/zetkey/waka3x/services/api_key.go:33.31,35.4 1 0
github.com/zetkey/waka3x/services/api_key.go:38.2,39.33 2 0
github.com/zetkey/waka3x/services/api_key.go:39.33,40.31 1 0
github.com/zetkey/waka3x/services/api_key.go:40.31,42.4 1 0
github.com/zetkey/waka3x/services/api_key.go:45.2,45.12 1 0
github.com/zetkey/waka3x/services/api_key.go:48.105,50.2 1 0
github.com/zetkey/waka3x/services/api_key.go:52.78,53.56 1 0
github.com/zetkey/waka3x/services/api_key.go:53.56,55.3 1 0
github.com/zetkey/waka3x/services/api_key.go:57.2,58.16 2 0
github.com/zetkey/waka3x/services/api_key.go:58.16,60.3 1 0
github.com/zetkey/waka3x/services/api_key.go:61.2,62.25 2 0
github.com/zetkey/waka3x/services/api_key.go:65.81,67.16 2 0
github.com/zetkey/waka3x/services/api_key.go:67.16,69.3 1 0
github.com/zetkey/waka3x/services/api_key.go:71.2,73.20 3 0
github.com/zetkey/waka3x/services/api_key.go:76.63,77.25 1 0
github.com/zetkey/waka3x/services/api_key.go:77.25,79.3 1 0
github.com/zetkey/waka3x/services/api_key.go:80.2,83.12 4 0
github.com/zetkey/waka3x/services/api_key.go:86.78,88.14 2 0
github.com/zetkey/waka3x/services/api_key.go:88.14,90.3 1 0
github.com/zetkey/waka3x/services/api_key.go:91.2,94.4 1 0
github.com/zetkey/waka3x/services/api_key.go:97.62,98.37 1 0
github.com/zetkey/waka3x/services/api_key.go:98.37,99.36 1 0
github.com/zetkey/waka3x/services/api_key.go:99.36,101.4 1 0
github.com/zetkey/waka3x/services/diagnostics.go:14.101,19.2 1 0
github.com/zetkey/waka3x/services/diagnostics.go:21.101,24.2 2 0
github.com/zetkey/waka3x/services/duration.go:36.205,51.33 3 1
github.com/zetkey/waka3x/services/duration.go:51.33,52.31 1 1
github.com/zetkey/waka3x/services/duration.go:52.31,56.95 3 0
github.com/zetkey/waka3x/services/duration.go:56.95,57.31 1 0
github.com/zetkey/waka3x/services/duration.go:57.31,59.6 1 0
github.com/zetkey/waka3x/services/duration.go:60.5,60.42 1 0
github.com/zetkey/waka3x/services/duration.go:65.2,65.12 1 1
github.com/zetkey/waka3x/services/duration.go:68.183,76.15 3 1
github.com/zetkey/waka3x/services/duration.go:76.15,78.17 2 1
github.com/zetkey/waka3x/services/duration.go:78.17,80.4 1 0
github.com/zetkey/waka3x/services/duration.go:82.3,83.79 2 1
github.com/zetkey/waka3x/services/duration.go:87.2,88.16 2 1
github.com/zetkey/waka3x/services/duration.go:88.16,91.3 2 0
github.com/zetkey/waka3x/services/duration.go:95.2,95.60 1 1
github.com/zetkey/waka3x/services/duration.go:95.60,97.22 2 1
github.com/zetkey/waka3x/services/duration.go:97.22,99.4 1 1
github.com/zetkey/waka3x/services/duration.go:101.3,102.17 2 1
github.com/zetkey/waka3x/services/duration.go:102.17,104.4 1 0
github.com/zetkey/waka3x/services/duration.go:106.3,108.17 3 1
github.com/zetkey/waka3x/services/duration.go:108.17,110.4 1 0
github.com/zetkey/waka3x/services/duration.go:111.8,113.3 1 0
github.com/zetkey/waka3x/services/duration.go:115.2,115.50 1 1
github.com/zetkey/waka3x/services/duration.go:118.74,119.34 1 0
github.com/zetkey/waka3x/services/duration.go:119.34,122.3 2 0
github.com/zetkey/waka3x/services/duration.go:123.2,128.46 5 0
github.com/zetkey/waka3x/services/duration.go:128.46,130.3 1 0
github.com/zetkey/waka3x/services/duration.go:132.2,135.16 3 0
github.com/zetkey/waka3x/services/duration.go:135.16,138.3 2 0
github.com/zetkey/waka3x/services/duration.go:139.2,139.75 1 0
github.com/zetkey/waka3x/services/duration.go:139.75,141.3 1 0
github.com/zetkey/waka3x/services/duration.go:143.2,143.14 1 0
github.com/zetkey/waka3x/services/duration.go:143.14,144.59 1 0
github.com/zetkey/waka3x/services/duration.go:144.59,147.4 2 0
github.com/zetkey/waka3x/services/duration.go:150.2,150.62 1 0
github.com/zetkey/waka3x/services/duration.go:150.62,153.3 2 0
github.com/zetkey/waka3x/services/duration.go:156.45,160.16 3 0
github.com/zetkey/waka3x/services/duration.go:160.16,163.3 2 0
github.com/zetkey/waka3x/services/duration.go:165.2,165.26 1 0
github.com/zetkey/waka3x/services/duration.go:165.26,166.29 1 0
github.com/zetkey/waka3x/services/duration.go:166.29,168.4 1 0
github.com/zetkey/waka3x/services/duration.go:172.67,174.2 1 0
github.com/zetkey/waka3x/services/duration.go:176.129,178.16 2 1
github.com/zetkey/waka3x/services/duration.go:178.16,180.3 1 0
github.com/zetkey/waka3x/services/duration.go:181.2,182.16 2 1
github.com/zetkey/waka3x/services/duration.go:182.16,184.3 1 0
github.com/zetkey/waka3x/services/duration.go:185.2,185.78 1 1
github.com/zetkey/waka3x/services/duration.go:188.148,192.16 3 1
github.com/zetkey/waka3x/services/duration.go:192.16,194.3 1 0
github.com/zetkey/waka3x/services/duration.go:201.2,207.28 5 1
github.com/zetkey/waka3x/services/duration.go:207.28,208.20 1 1
github.com/zetkey/waka3x/services/duration.go:208.20,210.4 1 1
github.com/zetkey/waka3x/services/duration.go:212.3,213.23 2 1
github.com/zetkey/waka3x/services/duration.go:213.23,215.4 1 1
github.com/zetkey/waka3x/services/duration.go:216.3,219.62 2 1
github.com/zetkey/waka3x/services/duration.go:219.62,221.4 1 1
github.com/zetkey/waka3x/services/duration.go:224.3,224.20 1 1
github.com/zetkey/waka3x/services/duration.go:224.20,227.12 3 1
github.com/zetkey/waka3x/services/duration.go:233.3,241.79 4 1
github.com/zetkey/waka3x/services/duration.go:241.79,244.4 2 1
github.com/zetkey/waka3x/services/duration.go:244.9,254.4 2 1
github.com/zetkey/waka3x/services/duration.go:256.3,256.10 1 1
github.com/zetkey/waka3x/services/duration.go:259.2,261.49 2 1
github.com/zetkey/waka3x/services/duration.go:261.49,263.3 1 0
github.com/zetkey/waka3x/services/duration.go:266.2,266.50 1 1
github.com/zetkey/waka3x/services/duration.go:269.127,272.30 2 1
github.com/zetkey/waka3x/services/duration.go:272.30,277.50 1 1
github.com/zetkey/waka3x/services/duration.go:277.50,278.12 1 1
github.com/zetkey/waka3x/services/duration.go:280.3,280.53 1 1
github.com/zetkey/waka3x/services/duration.go:280.53,281.12 1 0
github.com/zetkey/waka3x/services/duration.go:284.3,284.33 1 1
github.com/zetkey/waka3x/services/duration.go:287.2,287.17 1 1
github.com/zetkey/waka3x/services/duration.go:290.105,291.18 1 1
github.com/zetkey/waka3x/services/duration.go:291.18,293.3 1 0
github.com/zetkey/waka3x/services/duration.go:294.2,294.18 1 1
github.com/zetkey/waka3x/services/duration.go:294.18,296.3 1 1
github.com/zetkey/waka3x/services/duration.go:299.2,300.55 2 1
github.com/zetkey/waka3x/services/duration.go:300.55,302.3 1 0
github.com/zetkey/waka3x/services/duration.go:304.2,307.93 3 1
github.com/zetkey/waka3x/services/duration.go:307.93,308.52 1 1
github.com/zetkey/waka3x/services/duration.go:308.52,314.4 5 1
github.com/zetkey/waka3x/services/duration.go:314.9,318.4 3 0
github.com/zetkey/waka3x/services/duration.go:319.8,321.3 1 0
github.com/zetkey/waka3x/services/duration.go:323.2,323.17 1 1
github.com/zetkey/waka3x/services/duration.go:323.17,325.3 1 0
github.com/zetkey/waka3x/services/duration.go:326.2,326.20 1 1
github.com/zetkey/waka3x/services/duration.go:329.93,332.20 2 1
github.com/zetkey/waka3x/services/duration.go:332.20,334.3 1 1
github.com/zetkey/waka3x/services/duration.go:336.2,336.48 1 0
github.com/zetkey/waka3x/services/duration.go:336.48,338.18 2 0
github.com/zetkey/waka3x/services/duration.go:338.18,340.4 1 0
github.com/zetkey/waka3x/services/duration.go:343.2,343.18 1 0
github.com/zetkey/waka3x/services/duration.go:346.91,347.28 1 1
github.com/zetkey/waka3x/services/duration.go:347.28,349.3 1 1
github.com/zetkey/waka3x/services/duration.go:350.2,350.25 1 1
github.com/zetkey/waka3x/services/duration.go:353.149,358.41 3 1
github.com/zetkey/waka3x/services/duration.go:358.41,360.3 1 1
github.com/zetkey/waka3x/services/duration.go:361.2,364.17 4 1
github.com/zetkey/waka3x/services/duration.go:364.17,366.3 1 1
github.com/zetkey/waka3x/services/duration.go:367.2,367.10 1 1
github.com/zetkey/waka3x/services/heartbeat.go:30.141,44.33 3 0
github.com/zetkey/waka3x/services/heartbeat.go:44.33,45.31 1 0
github.com/zetkey/waka3x/services/heartbeat.go:45.31,51.4 5 0
github.com/zetkey/waka3x/services/heartbeat.go:54.2,54.12 1 0
github.com/zetkey/waka3x/services/heartbeat.go:57.72,60.2 2 0
github.com/zetkey/waka3x/services/heartbeat.go:62.80,63.26 1 0
github.com/zetkey/waka3x/services/heartbeat.go:63.26,65.3 1 0
github.com/zetkey/waka3x/services/heartbeat.go:67.2,71.32 3 0
github.com/zetkey/waka3x/services/heartbeat.go:71.32,72.31 1 0
github.com/zetkey/waka3x/services/heartbeat.go:72.31,76.4 3 0
github.com/zetkey/waka3x/services/heartbeat.go:77.3,77.46 1 0
github.com/zetkey/waka3x/services/heartbeat.go:80.2,81.16 2 0
github.com/zetkey/waka3x/services/heartbeat.go:81.16,83.3 1 0
github.com/zetkey/waka3x/services/heartbeat.go:84.2,84.12 1 0
github.com/zetkey/waka3x/services/heartbeat.go:87.69,89.8 2 0
github.com/zetkey/waka3x/services/heartbeat.go:89.8,91.3 1 0
github.com/zetkey/waka3x/services/heartbeat.go:92.2,93.16 2 0
github.com/zetkey/waka3x/services/heartbeat.go:93.16,95.3 1 0
github.com/zetkey/waka3x/services/heartbeat.go:96.2,96.19 1 0
github.com/zetkey/waka3x/services/heartbeat.go:99.76,102.8 3 0
github.com/zetkey/waka3x/services/heartbeat.go:102.8,104.3 1 0
github.com/zetkey/waka3x/services/heartbeat.go:105.2,106.16 2 0
github.com/zetkey/waka3x/services/heartbeat.go:106.16,108.3 1 0
github.com/zetkey/waka3x/services/heartbeat.go:109.2,109.19 1 0
github.com/zetkey/waka3x/services/heartbeat.go:112.96,116.26 3 0
github.com/zetkey/waka3x/services/heartbeat.go:116.26,119.9 3 0
github.com/zetkey/waka3x/services/heartbeat.go:119.9,121.4 1 0
github.com/zetkey/waka3x/services/heartbeat.go:121.9,123.4 1 0
github.com/zetkey/waka3x/services/heartbeat.go:126.2,127.16 2 0
github.com/zetkey/waka3x/services/heartbeat.go:127.16,129.3 1 0
github.com/zetkey/waka3x/services/heartbeat.go:131.2,131.28 1 0
github.com/zetkey/waka3x/services/heartbeat.go:131.28,135.3 3 0
github.com/zetkey/waka3x/services/heartbeat.go:137.2,137.24 1 0
github.com/zetkey/waka3x/services/heartbeat.go:140.111,142.16 2 0
github.com/zetkey/waka3x/services/heartbeat.go:142.16,144.3 1 0
github.com/zetkey/waka3x/services/heartbeat.go:145.2,145.43 1 0
github.com/zetkey/waka3x/services/heartbeat.go:148.117,150.16 2 0
github.com/zetkey/waka3x/services/heartbeat.go:150.16,152.3 1 0
github.com/zetkey/waka3x/services/heartbeat.go:154.2,155.16 2 0
github.com/zetkey/waka3x/services/heartbeat.go:155.16,157.3 1 0
github.com/zetkey/waka3x/services/heartbeat.go:158.2,158.47 1 0
github.com/zetkey/waka3x/services/heartbeat.go:161.120,163.2 1 0
github.com/zetkey/waka3x/services/heartbeat.go:165.145,167.16 2 0
github.com/zetkey/waka3x/services/heartbeat.go:167.16,169.3 1 0
github.com/zetkey/waka3x/services/heartbeat.go:170.2,170.43 1 0
github.com/zetkey/waka3x/services/heartbeat.go:173.151,175.16 2 0
github.com/zetkey/waka3x/services/heartbeat.go:175.16,177.3 1 0
github.com/zetkey/waka3x/services/heartbeat.go:179.2,180.16 2 0
github.com/zetkey/waka3x/services/heartbeat.go:180.16,182.3 1 0
github.com/zetkey/waka3x/services/heartbeat.go:183.2,183.47 1 0
github.com/zetkey/waka3x/services/heartbeat.go:186.92,188.2 1 0
github.com/zetkey/waka3x/services/heartbeat.go:190.116,192.2 1 0
github.com/zetkey/waka3x/services/heartbeat.go:194.120,196.2 1 0
github.com/zetkey/waka3x/services/heartbeat.go:198.74,200.2 1 0
github.com/zetkey/waka3x/services/heartbeat.go:202.73,204.2 1 0
github.com/zetkey/waka3x/services/heartbeat.go:206.83,208.53 2 0
github.com/zetkey/waka3x/services/heartbeat.go:208.53,210.3 1 0
github.com/zetkey/waka3x/services/heartbeat.go:212.2,213.16 2 0
github.com/zetkey/waka3x/services/heartbeat.go:213.16,215.3 1 0
github.com/zetkey/waka3x/services/heartbeat.go:217.2,218.30 2 0
github.com/zetkey/waka3x/services/heartbeat.go:221.82,223.53 2 0
github.com/zetkey/waka3x/services/heartbeat.go:223.53,225.3 1 0
github.com/zetkey/waka3x/services/heartbeat.go:227.2,228.16 2 0
github.com/zetkey/waka3x/services/heartbeat.go:228.16,230.3 1 0
github.com/zetkey/waka3x/services/heartbeat.go:232.2,233.29 2 0
github.com/zetkey/waka3x/services/heartbeat.go:236.93,238.2 1 0
github.com/zetkey/waka3x/services/heartbeat.go:240.100,242.54 2 0
github.com/zetkey/waka3x/services/heartbeat.go:242.54,246.3 3 0
github.com/zetkey/waka3x/services/heartbeat.go:248.2,249.16 2 0
github.com/zetkey/waka3x/services/heartbeat.go:249.16,251.3 1 0
github.com/zetkey/waka3x/services/heartbeat.go:253.2,254.28 2 0
github.com/zetkey/waka3x/services/heartbeat.go:254.28,255.33 1 0
github.com/zetkey/waka3x/services/heartbeat.go:255.33,257.4 1 0
github.com/zetkey/waka3x/services/heartbeat.go:260.2,261.22 2 0
github.com/zetkey/waka3x/services/heartbeat.go:264.62,267.2 2 0
github.com/zetkey/waka3x/services/heartbeat.go:269.68,272.2 2 0
github.com/zetkey/waka3x/services/heartbeat.go:274.87,277.2 2 0
github.com/zetkey/waka3x/services/heartbeat.go:279.182,287.23 2 0
github.com/zetkey/waka3x/services/heartbeat.go:287.23,290.3 2 0
github.com/zetkey/waka3x/services/heartbeat.go:292.2,293.68 2 0
github.com/zetkey/waka3x/services/heartbeat.go:293.68,295.3 1 0
github.com/zetkey/waka3x/services/heartbeat.go:295.8,295.25 1 0
github.com/zetkey/waka3x/services/heartbeat.go:295.25,296.156 1 0
github.com/zetkey/waka3x/services/heartbeat.go:296.156,298.4 1 0
github.com/zetkey/waka3x/services/heartbeat.go:301.2,301.17 1 0
github.com/zetkey/waka3x/services/heartbeat.go:301.17,303.3 1 0
github.com/zetkey/waka3x/services/heartbeat.go:305.2,306.16 2 0
github.com/zetkey/waka3x/services/heartbeat.go:306.16,308.3 1 0
github.com/zetkey/waka3x/services/heartbeat.go:310.2,312.21 2 0
github.com/zetkey/waka3x/services/heartbeat.go:316.98,318.16 2 0
github.com/zetkey/waka3x/services/heartbeat.go:318.16,320.3 1 0
github.com/zetkey/waka3x/services/heartbeat.go:321.2,321.32 1 0
github.com/zetkey/waka3x/services/heartbeat.go:321.32,323.3 1 0
github.com/zetkey/waka3x/services/heartbeat.go:324.2,324.24 1 0
github.com/zetkey/waka3x/services/heartbeat.go:327.116,329.16 2 0
github.com/zetkey/waka3x/services/heartbeat.go:329.16,331.3 1 0
github.com/zetkey/waka3x/services/heartbeat.go:332.2,332.28 1 0
github.com/zetkey/waka3x/services/heartbeat.go:332.28,334.3 1 0
github.com/zetkey/waka3x/services/heartbeat.go:335.2,335.24 1 0
github.com/zetkey/waka3x/services/heartbeat.go:338.139,341.42 2 0
github.com/zetkey/waka3x/services/heartbeat.go:341.42,343.22 2 0
github.com/zetkey/waka3x/services/heartbeat.go:343.22,346.4 2 0
github.com/zetkey/waka3x/services/heartbeat.go:348.2,348.17 1 0
github.com/zetkey/waka3x/services/heartbeat.go:351.92,353.2 1 0
github.com/zetkey/waka3x/services/heartbeat.go:355.76,357.2 1 0
github.com/zetkey/waka3x/services/heartbeat.go:359.73,361.2 1 0
github.com/zetkey/waka3x/services/heartbeat.go:363.72,365.2 1 0
github.com/zetkey/waka3x/services/heartbeat.go:367.103,369.55 2 0
github.com/zetkey/waka3x/services/heartbeat.go:369.55,375.36 4 0
github.com/zetkey/waka3x/services/heartbeat.go:375.36,380.4 2 0
github.com/zetkey/waka3x/services/heartbeat.go:384.85,393.2 8 0
github.com/zetkey/waka3x/services/heartbeat.go:395.74,396.32 1 0
github.com/zetkey/waka3x/services/heartbeat.go:396.32,401.3 1 0
github.com/zetkey/waka3x/services/heartbeat.go:404.72,406.2 1 0
github.com/zetkey/waka3x/services/heartbeat.go:408.58,410.2 1 0
github.com/zetkey/waka3x/services/heartbeat.go:412.60,414.2 1 0
github.com/zetkey/waka3x/services/heartbeat.go:416.94,418.48 2 0
github.com/zetkey/waka3x/services/heartbeat.go:418.48,420.18 2 0
github.com/zetkey/waka3x/services/heartbeat.go:420.18,422.4 1 0
github.com/zetkey/waka3x/services/heartbeat.go:424.2,424.18 1 0
github.com/zetkey/waka3x/services/heartbeat.go:427.72,429.61 2 0
github.com/zetkey/waka3x/services/heartbeat.go:429.61,432.3 2 0
github.com/zetkey/waka3x/services/heartbeat.go:435.95,438.178 2 0
github.com/zetkey/waka3x/services/heartbeat.go:438.178,439.73 1 0
github.com/zetkey/waka3x/services/heartbeat.go:439.73,440.83 1 0
github.com/zetkey/waka3x/services/heartbeat.go:440.83,443.5 2 0
github.com/zetkey/waka3x/services/heartbeat.go:446.2,446.17 1 0
github.com/zetkey/waka3x/services/heartbeat.go:446.17,448.3 1 0
github.com/zetkey/waka3x/services/heartbeat.go:451.88,455.62 3 0
github.com/zetkey/waka3x/services/heartbeat.go:455.62,457.3 1 0
github.com/zetkey/waka3x/services/heartbeat.go:459.2,460.60 2 0
github.com/zetkey/waka3x/services/heartbeat.go:460.60,462.3 1 0
github.com/zetkey/waka3x/services/housekeeping.go:24.189,34.2 1 1
github.com/zetkey/waka3x/services/housekeeping.go:36.42,39.29 3 0
github.com/zetkey/waka3x/services/housekeeping.go:39.29,41.3 1 0
github.com/zetkey/waka3x/services/housekeeping.go:42.2,42.57 1 0
github.com/zetkey/waka3x/services/housekeeping.go:42.57,44.3 1 0
github.com/zetkey/waka3x/services/housekeeping.go:47.94,49.36 2 0
github.com/zetkey/waka3x/services/housekeeping.go:49.36,52.3 2 0
github.com/zetkey/waka3x/services/housekeeping.go:55.2,55.73 1 0
github.com/zetkey/waka3x/services/housekeeping.go:55.73,57.3 1 0
github.com/zetkey/waka3x/services/housekeeping.go:60.2,61.74 2 0
github.com/zetkey/waka3x/services/housekeeping.go:61.74,63.3 1 0
github.com/zetkey/waka3x/services/housekeeping.go:65.2,65.12 1 0
github.com/zetkey/waka3x/services/housekeeping.go:68.74,71.16 3 1
github.com/zetkey/waka3x/services/housekeeping.go:71.16,73.3 1 0
github.com/zetkey/waka3x/services/housekeeping.go:75.2,76.26 2 1
github.com/zetkey/waka3x/services/housekeeping.go:76.26,77.54 1 1
github.com/zetkey/waka3x/services/housekeeping.go:77.54,78.12 1 1
github.com/zetkey/waka3x/services/housekeeping.go:81.3,82.46 2 1
github.com/zetkey/waka3x/services/housekeeping.go:82.46,84.4 1 0
github.com/zetkey/waka3x/services/housekeeping.go:84.9,86.4 1 1
github.com/zetkey/waka3x/services/housekeeping.go:88.2,90.12 2 1
github.com/zetkey/waka3x/services/housekeeping.go:93.82,95.129 2 0
github.com/zetkey/waka3x/services/housekeeping.go:95.129,97.3 1 0
github.com/zetkey/waka3x/services/housekeeping.go:98.2,98.12 1 0
github.com/zetkey/waka3x/services/housekeeping.go:101.58,104.16 2 0
github.com/zetkey/waka3x/services/housekeeping.go:104.16,107.3 2 0
github.com/zetkey/waka3x/services/housekeeping.go:110.2,111.16 2 0
github.com/zetkey/waka3x/services/housekeeping.go:111.16,114.3 2 0
github.com/zetkey/waka3x/services/housekeeping.go:117.2,117.40 1 0
github.com/zetkey/waka3x/services/housekeeping.go:117.40,119.24 1 0
github.com/zetkey/waka3x/services/housekeeping.go:119.24,120.12 1 0
github.com/zetkey/waka3x/services/housekeeping.go:123.3,123.81 1 0
github.com/zetkey/waka3x/services/housekeeping.go:123.81,125.4 1 0
github.com/zetkey/waka3x/services/housekeeping.go:126.3,126.34 1 0
github.com/zetkey/waka3x/services/housekeeping.go:126.34,127.60 1 0
github.com/zetkey/waka3x/services/housekeeping.go:127.60,129.5 1 0
github.com/zetkey/waka3x/services/housekeeping.go:134.46,137.16 2 0
github.com/zetkey/waka3x/services/housekeeping.go:137.16,140.3 2 0
github.com/zetkey/waka3x/services/housekeeping.go:143.2,143.26 1 0
github.com/zetkey/waka3x/services/housekeeping.go:143.26,145.30 1 0
github.com/zetkey/waka3x/services/housekeeping.go:145.30,146.12 1 0
github.com/zetkey/waka3x/services/housekeeping.go:149.3,150.34 2 0
github.com/zetkey/waka3x/services/housekeeping.go:150.34,151.74 1 0
github.com/zetkey/waka3x/services/housekeeping.go:151.74,153.5 1 0
github.com/zetkey/waka3x/services/housekeeping.go:158.55,159.33 1 0
github.com/zetkey/waka3x/services/housekeeping.go:159.33,160.42 1 0
github.com/zetkey/waka3x/services/housekeeping.go:160.42,162.4 1 0
github.com/zetkey/waka3x/services/housekeeping.go:163.3,163.105 1 0
github.com/zetkey/waka3x/services/housekeeping.go:163.105,165.4 1 0
github.com/zetkey/waka3x/services/housekeeping.go:169.61,171.2 1 0
github.com/zetkey/waka3x/services/housekeeping.go:175.54,176.43 1 0
github.com/zetkey/waka3x/services/housekeeping.go:176.43,178.3 1 0
github.com/zetkey/waka3x/services/housekeeping.go:180.2,183.16 3 0
github.com/zetkey/waka3x/services/housekeeping.go:183.16,185.3 1 0
github.com/zetkey/waka3x/services/housekeeping.go:188.62,189.41 1 0
github.com/zetkey/waka3x/services/housekeeping.go:189.41,191.3 1 0
github.com/zetkey/waka3x/services/housekeeping.go:193.2,196.16 3 0
github.com/zetkey/waka3x/services/housekeeping.go:196.16,198.3 1 0
github.com/zetkey/waka3x/services/housekeeping.go:201.66,205.16 3 0
github.com/zetkey/waka3x/services/housekeeping.go:205.16,207.3 1 0
github.com/zetkey/waka3x/services/housekeeping.go:210.2,210.26 1 0
github.com/zetkey/waka3x/services/housekeeping.go:210.26,211.94 1 0
github.com/zetkey/waka3x/services/housekeeping.go:211.94,213.4 1 0
github.com/zetkey/waka3x/services/housekeeping.go:217.66,220.16 3 0
github.com/zetkey/waka3x/services/housekeeping.go:220.16,222.3 1 0
github.com/zetkey/waka3x/services/key_value.go:15.89,20.2 1 0
github.com/zetkey/waka3x/services/key_value.go:22.83,24.2 1 0
github.com/zetkey/waka3x/services/key_value.go:26.90,28.2 1 0
github.com/zetkey/waka3x/services/key_value.go:30.78,32.16 2 0
github.com/zetkey/waka3x/services/key_value.go:32.16,37.3 1 0
github.com/zetkey/waka3x/services/key_value.go:38.2,38.11 1 0
github.com/zetkey/waka3x/services/key_value.go:41.72,43.2 1 0
github.com/zetkey/waka3x/services/key_value.go:45.60,47.2 1 0
github.com/zetkey/waka3x/services/key_value.go:49.75,51.2 1 0
github.com/zetkey/waka3x/services/key_value.go:53.62,55.2 1 0
github.com/zetkey/waka3x/services/key_value.go:57.77,59.2 1 0
github.com/zetkey/waka3x/services/key_value.go:61.81,63.2 1 0
github.com/zetkey/waka3x/services/language_mapping.go:28.118,35.2 1 0
github.com/zetkey/waka3x/services/language_mapping.go:37.86,39.2 1 0
github.com/zetkey/waka3x/services/language_mapping.go:41.96,42.53 1 0
github.com/zetkey/waka3x/services/language_mapping.go:42.53,44.3 1 0
github.com/zetkey/waka3x/services/language_mapping.go:46.2,47.16 2 0
github.com/zetkey/waka3x/services/language_mapping.go:47.16,49.3 1 0
github.com/zetkey/waka3x/services/language_mapping.go:50.2,51.22 2 0
github.com/zetkey/waka3x/services/language_mapping.go:54.92,57.16 3 0
github.com/zetkey/waka3x/services/language_mapping.go:57.16,59.3 1 0
github.com/zetkey/waka3x/services/language_mapping.go:61.2,61.33 1 0
github.com/zetkey/waka3x/services/language_mapping.go:61.33,63.3 1 0
github.com/zetkey/waka3x/services/language_mapping.go:64.2,64.22 1 0
github.com/zetkey/waka3x/services/language_mapping.go:67.109,69.16 2 0
github.com/zetkey/waka3x/services/language_mapping.go:69.16,71.3 1 0
github.com/zetkey/waka3x/services/language_mapping.go:73.2,75.20 3 0
github.com/zetkey/waka3x/services/language_mapping.go:78.82,79.26 1 0
github.com/zetkey/waka3x/services/language_mapping.go:79.26,81.3 1 0
github.com/zetkey/waka3x/services/language_mapping.go:82.2,85.12 4 0
github.com/zetkey/waka3x/services/language_mapping.go:88.74,91.2 1 0
github.com/zetkey/waka3x/services/language_mapping.go:93.82,99.2 2 0
github.com/zetkey/waka3x/services/leaderboard.go:33.159,46.16 3 0
github.com/zetkey/waka3x/services/leaderboard.go:46.16,48.3 1 0
github.com/zetkey/waka3x/services/leaderboard.go:49.2,52.33 3 0
github.com/zetkey/waka3x/services/leaderboard.go:52.33,53.31 1 0
github.com/zetkey/waka3x/services/leaderboard.go:53.31,59.18 3 0
github.com/zetkey/waka3x/services/leaderboard.go:59.18,61.5 1 0
github.com/zetkey/waka3x/services/leaderboard.go:63.4,63.41 1 0
github.com/zetkey/waka3x/services/leaderboard.go:63.41,66.5 2 0
github.com/zetkey/waka3x/services/leaderboard.go:66.10,66.48 1 0
github.com/zetkey/waka3x/services/leaderboard.go:66.48,68.64 2 0
github.com/zetkey/waka3x/services/leaderboard.go:68.64,70.6 1 0
github.com/zetkey/waka3x/services/leaderboard.go:71.5,71.22 1 0
github.com/zetkey/waka3x/services/leaderboard.go:76.2,76.12 1 0
github.com/zetkey/waka3x/services/leaderboard.go:79.70,81.2 1 0
github.com/zetkey/waka3x/services/leaderboard.go:83.43,86.21 2 0
github.com/zetkey/waka3x/services/leaderboard.go:86.21,88.17 2 0
github.com/zetkey/waka3x/services/leaderboard.go:88.17,91.4 2 0
github.com/zetkey/waka3x/services/leaderboard.go:92.3,92.83 1 0
github.com/zetkey/waka3x/services/leaderboard.go:95.2,95.76 1 0
github.com/zetkey/waka3x/services/leaderboard.go:95.76,96.77 1 0
github.com/zetkey/waka3x/services/leaderboard.go:96.77,98.4 1 0
github.com/zetkey/waka3x/services/leaderboard.go:102.121,105.29 2 0
github.com/zetkey/waka3x/services/leaderboard.go:105.29,106.83 1 0
github.com/zetkey/waka3x/services/leaderboard.go:106.83,108.12 2 0
github.com/zetkey/waka3x/services/leaderboard.go:111.3,112.17 2 0
github.com/zetkey/waka3x/services/leaderboard.go:112.17,114.12 2 0
github.com/zetkey/waka3x/services/leaderboard.go:117.3,117.85 1 0
github.com/zetkey/waka3x/services/leaderboard.go:117.85,119.12 2 0
github.com/zetkey/waka3x/services/leaderboard.go:122.3,122.25 1 0
github.com/zetkey/waka3x/services/leaderboard.go:122.25,124.18 2 0
github.com/zetkey/waka3x/services/leaderboard.go:124.18,126.13 2 0
github.com/zetkey/waka3x/services/leaderboard.go:129.4,129.23 1 0
github.com/zetkey/waka3x/services/leaderboard.go:129.23,130.13 1 0
github.com/zetkey/waka3x/services/leaderboard.go:133.4,133.60 1 0
github.com/zetkey/waka3x/services/leaderboard.go:133.60,135.13 2 0
github.com/zetkey/waka3x/services/leaderboard.go:140.2,142.12 3 0
github.com/zetkey/waka3x/services/leaderboard.go:145.77,148.2 2 0
github.com/zetkey/waka3x/services/leaderboard.go:150.76,153.52 2 0
github.com/zetkey/waka3x/services/leaderboard.go:153.52,155.3 1 0
github.com/zetkey/waka3x/services/leaderboard.go:157.2,158.16 2 0
github.com/zetkey/waka3x/services/leaderboard.go:158.16,160.3 1 0
github.com/zetkey/waka3x/services/leaderboard.go:161.2,161.19 1 0
github.com/zetkey/waka3x/services/leaderboard.go:164.153,166.2 1 0
github.com/zetkey/waka3x/services/leaderboard.go:168.144,170.2 1 0
github.com/zetkey/waka3x/services/leaderboard.go:172.174,175.52 2 0
github.com/zetkey/waka3x/services/leaderboard.go:175.52,177.3 1 0
github.com/zetkey/waka3x/services/leaderboard.go:179.2,180.16 2 0
github.com/zetkey/waka3x/services/leaderboard.go:180.16,182.3 1 0
github.com/zetkey/waka3x/services/leaderboard.go:184.2,184.18 1 0
github.com/zetkey/waka3x/services/leaderboard.go:184.18,186.17 2 0
github.com/zetkey/waka3x/services/leaderboard.go:186.17,188.4 1 0
github.com/zetkey/waka3x/services/leaderboard.go:188.9,189.31 1 0
github.com/zetkey/waka3x/services/leaderboard.go:189.31,190.40 1 0
github.com/zetkey/waka3x/services/leaderboard.go:190.40,192.6 1 0
github.com/zetkey/waka3x/services/leaderboard.go:197.2,198.19 2 0
github.com/zetkey/waka3x/services/leaderboard.go:201.165,204.52 2 0
github.com/zetkey/waka3x/services/leaderboard.go:204.52,206.3 1 0
github.com/zetkey/waka3x/services/leaderboard.go:208.2,209.16 2 0
github.com/zetkey/waka3x/services/leaderboard.go:209.16,211.3 1 0
github.com/zetkey/waka3x/services/leaderboard.go:213.2,213.17 1 0
github.com/zetkey/waka3x/services/leaderboard.go:213.17,215.17 2 0
github.com/zetkey/waka3x/services/leaderboard.go:215.17,217.4 1 0
github.com/zetkey/waka3x/services/leaderboard.go:217.9,218.31 1 0
github.com/zetkey/waka3x/services/leaderboard.go:218.31,220.5 1 0
github.com/zetkey/waka3x/services/leaderboard.go:224.2,225.19 2 0
github.com/zetkey/waka3x/services/leaderboard.go:228.129,230.16 2 0
github.com/zetkey/waka3x/services/leaderboard.go:230.16,232.3 1 0
github.com/zetkey/waka3x/services/leaderboard.go:234.2,236.16 3 0
github.com/zetkey/waka3x/services/leaderboard.go:236.16,238.3 1 0
github.com/zetkey/waka3x/services/leaderboard.go:241.2,247.8 2 0
github.com/zetkey/waka3x/services/leaderboard.go:250.151,252.16 2 0
github.com/zetkey/waka3x/services/leaderboard.go:252.16,254.3 1 0
github.com/zetkey/waka3x/services/leaderboard.go:256.2,257.16 2 0
github.com/zetkey/waka3x/services/leaderboard.go:257.16,259.3 1 0
github.com/zetkey/waka3x/services/leaderboard.go:261.2,264.36 3 0
github.com/zetkey/waka3x/services/leaderboard.go:264.36,266.43 1 0
github.com/zetkey/waka3x/services/leaderboard.go:266.43,267.12 1 0
github.com/zetkey/waka3x/services/leaderboard.go:270.3,277.5 1 0
github.com/zetkey/waka3x/services/leaderboard.go:280.2,280.19 1 0
github.com/zetkey/waka3x/services/leaderboard.go:283.131,285.47 2 0
github.com/zetkey/waka3x/services/leaderboard.go:285.47,287.3 1 0
github.com/zetkey/waka3x/services/leaderboard.go:288.2,288.23 1 0
github.com/zetkey/waka3x/services/leaderboard.go:288.23,290.3 1 0
github.com/zetkey/waka3x/services/leaderboard.go:291.2,291.10 1 0
github.com/zetkey/waka3x/services/misc.go:45.188,57.2 1 0
github.com/zetkey/waka3x/services/misc.go:59.36,61.95 2 0
github.com/zetkey/waka3x/services/misc.go:61.95,63.3 1 0
github.com/zetkey/waka3x/services/misc.go:65.2,65.128 1 0
github.com/zetkey/waka3x/services/misc.go:65.128,67.125 2 0
github.com/zetkey/waka3x/services/misc.go:67.125,69.4 1 0
github.com/zetkey/waka3x/services/misc.go:73.2,73.33 1 0
github.com/zetkey/waka3x/services/misc.go:73.33,74.71 1 0
github.com/zetkey/waka3x/services/misc.go:74.71,76.4 1 0
github.com/zetkey/waka3x/services/misc.go:78.2,78.170 1 0
github.com/zetkey/waka3x/services/misc.go:78.170,79.83 1 0
github.com/zetkey/waka3x/services/misc.go:79.83,81.4 1 0
github.com/zetkey/waka3x/services/misc.go:85.42,87.36 2 0
github.com/zetkey/waka3x/services/misc.go:87.36,89.3 1 0
github.com/zetkey/waka3x/services/misc.go:90.2,93.16 3 0
github.com/zetkey/waka3x/services/misc.go:93.16,96.3 2 0
github.com/zetkey/waka3x/services/misc.go:98.2,102.26 4 0
github.com/zetkey/waka3x/services/misc.go:102.26,104.46 2 0
github.com/zetkey/waka3x/services/misc.go:104.46,107.4 2 0
github.com/zetkey/waka3x/services/misc.go:107.18,110.4 2 0
github.com/zetkey/waka3x/services/misc.go:114.2,114.30 1 0
github.com/zetkey/waka3x/services/misc.go:114.30,115.58 1 0
github.com/zetkey/waka3x/services/misc.go:115.58,119.19 1 0
github.com/zetkey/waka3x/services/misc.go:119.19,121.5 1 0
github.com/zetkey/waka3x/services/misc.go:123.4,126.19 1 0
github.com/zetkey/waka3x/services/misc.go:126.19,128.5 1 0
github.com/zetkey/waka3x/services/misc.go:129.9,131.4 1 0
github.com/zetkey/waka3x/services/misc.go:143.54,144.82 1 0
github.com/zetkey/waka3x/services/misc.go:144.82,146.3 1 0
github.com/zetkey/waka3x/services/misc.go:148.2,152.16 4 0
github.com/zetkey/waka3x/services/misc.go:152.16,155.3 2 0
github.com/zetkey/waka3x/services/misc.go:157.2,158.104 2 0
github.com/zetkey/waka3x/services/misc.go:158.104,159.122 1 0
github.com/zetkey/waka3x/services/misc.go:159.122,161.4 1 0
github.com/zetkey/waka3x/services/misc.go:162.8,165.3 2 0
github.com/zetkey/waka3x/services/misc.go:167.2,167.26 1 0
github.com/zetkey/waka3x/services/misc.go:167.26,168.49 1 0
github.com/zetkey/waka3x/services/misc.go:168.49,170.4 1 0
github.com/zetkey/waka3x/services/misc.go:172.3,173.65 2 0
github.com/zetkey/waka3x/services/misc.go:173.65,175.130 1 0
github.com/zetkey/waka3x/services/misc.go:175.130,177.5 1 0
github.com/zetkey/waka3x/services/misc.go:177.10,177.25 1 0
github.com/zetkey/waka3x/services/misc.go:177.25,180.5 2 0
github.com/zetkey/waka3x/services/misc.go:187.3,187.137 1 0
github.com/zetkey/waka3x/services/misc.go:187.137,188.12 1 0
github.com/zetkey/waka3x/services/misc.go:191.3,192.89 2 0
github.com/zetkey/waka3x/services/misc.go:192.89,194.4 1 0
github.com/zetkey/waka3x/services/misc.go:198.73,200.16 2 0
github.com/zetkey/waka3x/services/misc.go:200.16,203.3 2 0
github.com/zetkey/waka3x/services/misc.go:204.2,204.27 1 0
github.com/zetkey/waka3x/services/misc.go:207.99,209.33 2 0
github.com/zetkey/waka3x/services/misc.go:209.33,213.86 3 0
github.com/zetkey/waka3x/services/misc.go:213.86,216.4 2 0
github.com/zetkey/waka3x/services/misc.go:218.3,221.18 1 0
github.com/zetkey/waka3x/services/misc.go:221.18,223.4 1 0
github.com/zetkey/waka3x/services/misc.go:227.53,229.16 2 0
github.com/zetkey/waka3x/services/misc.go:229.16,231.3 1 0
github.com/zetkey/waka3x/services/misc.go:232.2,232.25 1 0
github.com/zetkey/waka3x/services/misc.go:235.64,237.16 2 0
github.com/zetkey/waka3x/services/misc.go:237.16,239.3 1 0
github.com/zetkey/waka3x/services/misc.go:240.2,240.25 1 0
github.com/zetkey/waka3x/services/project_label.go:23.111,30.2 1 0
github.com/zetkey/waka3x/services/project_label.go:32.80,34.2 1 0
github.com/zetkey/waka3x/services/project_label.go:36.90,37.51 1 0
github.com/zetkey/waka3x/services/project_label.go:37.51,39.3 1 0
github.com/zetkey/waka3x/services/project_label.go:41.2,42.16 2 0
github.com/zetkey/waka3x/services/project_label.go:42.16,44.3 1 0
github.com/zetkey/waka3x/services/project_label.go:45.2,46.20 2 0
github.com/zetkey/waka3x/services/project_label.go:50.108,52.16 2 0
github.com/zetkey/waka3x/services/project_label.go:52.16,54.3 1 0
github.com/zetkey/waka3x/services/project_label.go:55.2,55.112 1 0
github.com/zetkey/waka3x/services/project_label.go:55.112,57.3 1 0
github.com/zetkey/waka3x/services/project_label.go:58.2,58.26 1 0
github.com/zetkey/waka3x/services/project_label.go:62.116,64.16 2 0
github.com/zetkey/waka3x/services/project_label.go:64.16,66.3 1 0
github.com/zetkey/waka3x/services/project_label.go:67.2,67.112 1 0
github.com/zetkey/waka3x/services/project_label.go:67.112,69.3 1 0
github.com/zetkey/waka3x/services/project_label.go:70.2,70.26 1 0
github.com/zetkey/waka3x/services/project_label.go:73.98,75.16 2 0
github.com/zetkey/waka3x/services/project_label.go:75.16,77.3 1 0
github.com/zetkey/waka3x/services/project_label.go:79.2,81.20 3 0
github.com/zetkey/waka3x/services/project_label.go:84.74,85.24 1 0
github.com/zetkey/waka3x/services/project_label.go:85.24,87.3 1 0
github.com/zetkey/waka3x/services/project_label.go:88.2,91.12 4 0
github.com/zetkey/waka3x/services/project_label.go:94.89,96.14 2 0
github.com/zetkey/waka3x/services/project_label.go:96.14,98.3 1 0
github.com/zetkey/waka3x/services/project_label.go:99.2,102.4 1 0
github.com/zetkey/waka3x/services/report.go:34.122,47.2 2 0
github.com/zetkey/waka3x/services/report.go:49.38,52.45 2 0
github.com/zetkey/waka3x/services/report.go:52.45,53.46 1 0
github.com/zetkey/waka3x/services/report.go:53.46,56.57 2 0
github.com/zetkey/waka3x/services/report.go:56.57,58.5 1 0
github.com/zetkey/waka3x/services/report.go:61.4,61.58 1 0
github.com/zetkey/waka3x/services/report.go:61.58,64.5 2 0
github.com/zetkey/waka3x/services/report.go:65.18,67.4 1 0
github.com/zetkey/waka3x/services/report.go:70.2,70.49 1 0
github.com/zetkey/waka3x/services/report.go:70.49,73.17 2 0
github.com/zetkey/waka3x/services/report.go:73.17,76.4 2 0
github.com/zetkey/waka3x/services/report.go:79.3,79.78 1 0
github.com/zetkey/waka3x/services/report.go:79.78,81.4 1 0
github.com/zetkey/waka3x/services/report.go:84.3,85.27 2 0
github.com/zetkey/waka3x/services/report.go:85.27,87.4 1 0
github.com/zetkey/waka3x/services/report.go:90.2,90.16 1 0
github.com/zetkey/waka3x/services/report.go:90.16,92.3 1 0
github.com/zetkey/waka3x/services/report.go:95.87,96.22 1 0
github.com/zetkey/waka3x/services/report.go:96.22,99.3 2 0
github.com/zetkey/waka3x/services/report.go:101.2,107.16 5 0
github.com/zetkey/waka3x/services/report.go:107.16,110.3 2 0
github.com/zetkey/waka3x/services/report.go:113.2,116.40 3 0
github.com/zetkey/waka3x/services/report.go:116.40,119.17 3 0
github.com/zetkey/waka3x/services/report.go:119.17,121.9 2 0
github.com/zetkey/waka3x/services/report.go:123.3,125.30 3 0
github.com/zetkey/waka3x/services/report.go:128.2,128.33 1 0
github.com/zetkey/waka3x/services/report.go:128.33,129.75 1 0
github.com/zetkey/waka3x/services/report.go:129.75,132.4 2 0
github.com/zetkey/waka3x/services/report.go:132.9,134.4 1 0
github.com/zetkey/waka3x/services/report.go:137.2,145.65 2 0
github.com/zetkey/waka3x/services/report.go:145.65,148.3 2 0
github.com/zetkey/waka3x/services/report.go:150.2,151.12 2 0
github.com/zetkey/waka3x/services/summary.go:36.225,50.33 3 1
github.com/zetkey/waka3x/services/summary.go:50.33,51.31 1 1
github.com/zetkey/waka3x/services/summary.go:51.31,53.4 1 0
github.com/zetkey/waka3x/services/summary.go:56.2,57.33 2 1
github.com/zetkey/waka3x/services/summary.go:57.33,58.31 1 1
github.com/zetkey/waka3x/services/summary.go:58.31,62.134 3 1
github.com/zetkey/waka3x/services/summary.go:62.134,63.90 1 1
github.com/zetkey/waka3x/services/summary.go:63.90,65.6 1 0
github.com/zetkey/waka3x/services/summary.go:65.11,65.59 1 1
github.com/zetkey/waka3x/services/summary.go:65.59,67.88 2 1
github.com/zetkey/waka3x/services/summary.go:67.88,69.7 1 0
github.com/zetkey/waka3x/services/summary.go:73.4,73.63 1 1
github.com/zetkey/waka3x/services/summary.go:77.2,77.12 1 1
github.com/zetkey/waka3x/services/summary.go:83.197,88.82 3 1
github.com/zetkey/waka3x/services/summary.go:88.82,89.67 1 1
github.com/zetkey/waka3x/services/summary.go:89.67,91.4 1 0
github.com/zetkey/waka3x/services/summary.go:95.2,100.20 4 1
github.com/zetkey/waka3x/services/summary.go:100.20,101.32 1 1
github.com/zetkey/waka3x/services/summary.go:101.32,103.4 1 1
github.com/zetkey/waka3x/services/summary.go:104.3,104.55 1 1
github.com/zetkey/waka3x/services/summary.go:108.2,108.65 1 1
github.com/zetkey/waka3x/services/summary.go:108.65,110.3 1 0
github.com/zetkey/waka3x/services/summary.go:113.2,114.16 2 1
github.com/zetkey/waka3x/services/summary.go:114.16,116.3 1 0
github.com/zetkey/waka3x/services/summary.go:119.2,124.79 5 1
github.com/zetkey/waka3x/services/summary.go:124.79,127.3 2 1
github.com/zetkey/waka3x/services/summary.go:129.2,130.46 2 1
github.com/zetkey/waka3x/services/summary.go:133.156,143.20 5 1
github.com/zetkey/waka3x/services/summary.go:143.20,146.17 2 1
github.com/zetkey/waka3x/services/summary.go:146.17,148.4 1 1
github.com/zetkey/waka3x/services/summary.go:148.9,150.4 1 0
github.com/zetkey/waka3x/services/summary.go:154.2,155.44 2 1
github.com/zetkey/waka3x/services/summary.go:155.44,156.102 1 1
github.com/zetkey/waka3x/services/summary.go:156.102,157.71 1 1
github.com/zetkey/waka3x/services/summary.go:157.71,161.13 1 0
github.com/zetkey/waka3x/services/summary.go:163.4,163.36 1 1
github.com/zetkey/waka3x/services/summary.go:164.9,166.4 1 0
github.com/zetkey/waka3x/services/summary.go:170.2,172.16 3 1
github.com/zetkey/waka3x/services/summary.go:172.16,174.3 1 0
github.com/zetkey/waka3x/services/summary.go:177.2,179.30 2 1
github.com/zetkey/waka3x/services/summary.go:179.30,182.3 2 1
github.com/zetkey/waka3x/services/summary.go:184.2,184.87 1 1
github.com/zetkey/waka3x/services/summary.go:184.87,187.3 2 0
github.com/zetkey/waka3x/services/summary.go:189.2,189.46 1 1
github.com/zetkey/waka3x/services/summary.go:192.157,195.16 2 1
github.com/zetkey/waka3x/services/summary.go:195.16,197.3 1 0
github.com/zetkey/waka3x/services/summary.go:199.2,200.50 2 1
github.com/zetkey/waka3x/services/summary.go:200.50,203.3 2 1
github.com/zetkey/waka3x/services/summary.go:205.2,207.26 3 1
github.com/zetkey/waka3x/services/summary.go:207.26,209.3 1 1
github.com/zetkey/waka3x/services/summary.go:212.2,221.34 9 1
github.com/zetkey/waka3x/services/summary.go:221.34,223.20 2 1
github.com/zetkey/waka3x/services/summary.go:224.30,225.29 1 1
github.com/zetkey/waka3x/services/summary.go:226.31,227.30 1 1
github.com/zetkey/waka3x/services/summary.go:228.29,229.28 1 1
github.com/zetkey/waka3x/services/summary.go:230.25,231.24 1 1
github.com/zetkey/waka3x/services/summary.go:232.30,233.29 1 1
github.com/zetkey/waka3x/services/summary.go:234.29,235.28 1 1
github.com/zetkey/waka3x/services/summary.go:236.29,237.28 1 1
github.com/zetkey/waka3x/services/summary.go:238.31,239.30 1 1
github.com/zetkey/waka3x/services/summary.go:243.2,243.25 1 1
github.com/zetkey/waka3x/services/summary.go:243.25,246.3 2 1
github.com/zetkey/waka3x/services/summary.go:248.2,263.46 2 1
github.com/zetkey/waka3x/services/summary.go:268.76,270.2 1 0
github.com/zetkey/waka3x/services/summary.go:272.84,274.2 1 1
github.com/zetkey/waka3x/services/summary.go:276.62,279.2 2 0
github.com/zetkey/waka3x/services/summary.go:281.81,284.2 2 0
github.com/zetkey/waka3x/services/summary.go:286.80,289.2 2 1
github.com/zetkey/waka3x/services/summary.go:291.66,294.2 2 0
github.com/zetkey/waka3x/services/summary.go:298.125,301.30 2 1
github.com/zetkey/waka3x/services/summary.go:301.30,303.3 1 1
github.com/zetkey/waka3x/services/summary.go:305.2,306.28 2 1
github.com/zetkey/waka3x/services/summary.go:306.28,312.3 1 1
github.com/zetkey/waka3x/services/summary.go:314.2,314.40 1 1
github.com/zetkey/waka3x/services/summary.go:314.40,316.3 1 1
github.com/zetkey/waka3x/services/summary.go:318.2,318.67 1 1
github.com/zetkey/waka3x/services/summary.go:321.87,322.72 1 1
github.com/zetkey/waka3x/services/summary.go:322.72,328.3 1 1
github.com/zetkey/waka3x/services/summary.go:330.2,331.16 2 1
github.com/zetkey/waka3x/services/summary.go:331.16,334.3 2 0
github.com/zetkey/waka3x/services/summary.go:336.2,337.37 2 1
github.com/zetkey/waka3x/services/summary.go:337.37,339.3 1 1
github.com/zetkey/waka3x/services/summary.go:341.2,343.30 3 1
github.com/zetkey/waka3x/services/summary.go:343.30,344.48 1 1
github.com/zetkey/waka3x/services/summary.go:344.48,345.41 1 1
github.com/zetkey/waka3x/services/summary.go:345.41,347.5 1 1
github.com/zetkey/waka3x/services/summary.go:348.4,349.29 2 1
github.com/zetkey/waka3x/services/summary.go:354.2,355.29 2 1
github.com/zetkey/waka3x/services/summary.go:355.29,356.18 1 1
github.com/zetkey/waka3x/services/summary.go:356.18,358.4 1 1
github.com/zetkey/waka3x/services/summary.go:360.2,361.16 2 1
github.com/zetkey/waka3x/services/summary.go:364.97,369.24 1 1
github.com/zetkey/waka3x/services/summary.go:369.24,371.3 1 0
github.com/zetkey/waka3x/services/summary.go:373.2,391.30 5 1
github.com/zetkey/waka3x/services/summary.go:391.30,393.42 2 1
github.com/zetkey/waka3x/services/summary.go:393.42,394.42 1 1
github.com/zetkey/waka3x/services/summary.go:394.42,397.5 1 0
github.com/zetkey/waka3x/services/summary.go:398.4,398.12 1 1
github.com/zetkey/waka3x/services/summary.go:401.3,401.12 1 1
github.com/zetkey/waka3x/services/summary.go:401.12,402.70 1 1
github.com/zetkey/waka3x/services/summary.go:402.70,404.5 1 0
github.com/zetkey/waka3x/services/summary.go:407.3,407.38 1 1
github.com/zetkey/waka3x/services/summary.go:407.38,409.4 1 0
github.com/zetkey/waka3x/services/summary.go:411.3,413.54 2 1
github.com/zetkey/waka3x/services/summary.go:413.54,415.4 1 1
github.com/zetkey/waka3x/services/summary.go:416.3,416.51 1 1
github.com/zetkey/waka3x/services/summary.go:416.51,418.4 1 1
github.com/zetkey/waka3x/services/summary.go:420.3,431.22 11 1
github.com/zetkey/waka3x/services/summary.go:434.2,437.26 3 1
github.com/zetkey/waka3x/services/summary.go:440.127,444.32 2 1
github.com/zetkey/waka3x/services/summary.go:444.32,446.3 1 1
github.com/zetkey/waka3x/services/summary.go:448.2,448.27 1 1
github.com/zetkey/waka3x/services/summary.go:448.27,449.37 1 1
github.com/zetkey/waka3x/services/summary.go:449.37,451.4 1 1
github.com/zetkey/waka3x/services/summary.go:451.9,453.4 1 1
github.com/zetkey/waka3x/services/summary.go:456.2,458.26 3 1
github.com/zetkey/waka3x/services/summary.go:458.26,461.3 2 1
github.com/zetkey/waka3x/services/summary.go:463.2,463.43 1 1
github.com/zetkey/waka3x/services/summary.go:463.43,465.3 1 1
github.com/zetkey/waka3x/services/summary.go:467.2,467.17 1 1
github.com/zetkey/waka3x/services/summary.go:470.130,471.25 1 1
github.com/zetkey/waka3x/services/summary.go:471.25,473.3 1 1
github.com/zetkey/waka3x/services/summary.go:475.2,478.44 2 1
github.com/zetkey/waka3x/services/summary.go:478.44,480.3 1 1
github.com/zetkey/waka3x/services/summary.go:483.2,483.40 1 1
github.com/zetkey/waka3x/services/summary.go:483.40,485.51 2 1
github.com/zetkey/waka3x/services/summary.go:485.51,486.12 1 1
github.com/zetkey/waka3x/services/summary.go:489.3,496.15 3 1
github.com/zetkey/waka3x/services/summary.go:496.15,502.38 3 1
github.com/zetkey/waka3x/services/summary.go:502.38,504.5 1 0
github.com/zetkey/waka3x/services/summary.go:508.3,508.22 1 1
github.com/zetkey/waka3x/services/summary.go:508.22,510.4 1 1
github.com/zetkey/waka3x/services/summary.go:514.2,514.54 1 1
github.com/zetkey/waka3x/services/summary.go:514.54,516.3 1 1
github.com/zetkey/waka3x/services/summary.go:518.2,518.18 1 1
github.com/zetkey/waka3x/services/summary.go:524.89,525.36 1 1
github.com/zetkey/waka3x/services/summary.go:525.36,526.53 1 1
github.com/zetkey/waka3x/services/summary.go:526.53,529.28 2 1
github.com/zetkey/waka3x/services/summary.go:529.28,531.60 2 0
github.com/zetkey/waka3x/services/summary.go:531.60,534.6 1 0
github.com/zetkey/waka3x/services/summary.go:539.2,539.18 1 1
github.com/zetkey/waka3x/services/summary.go:542.59,544.2 1 1
github.com/zetkey/waka3x/services/summary.go:546.63,547.37 1 1
github.com/zetkey/waka3x/services/summary.go:547.37,548.36 1 0
github.com/zetkey/waka3x/services/summary.go:548.36,550.4 1 0
github.com/zetkey/waka3x/services/summary.go:554.85,555.40 1 1
github.com/zetkey/waka3x/services/summary.go:555.40,558.3 2 1
github.com/zetkey/waka3x/services/summary.go:561.99,562.42 1 1
github.com/zetkey/waka3x/services/summary.go:562.42,564.17 2 1
github.com/zetkey/waka3x/services/summary.go:564.17,567.4 2 0
github.com/zetkey/waka3x/services/summary.go:569.3,570.17 2 1
github.com/zetkey/waka3x/services/summary.go:570.17,572.4 1 0
github.com/zetkey/waka3x/services/summary.go:574.3,574.41 1 1
github.com/zetkey/waka3x/services/summary.go:574.41,576.4 1 1
github.com/zetkey/waka3x/services/summary.go:581.3,581.56 1 1
github.com/zetkey/waka3x/services/summary.go:581.56,583.75 2 1
github.com/zetkey/waka3x/services/summary.go:583.75,585.5 1 1
github.com/zetkey/waka3x/services/summary.go:588.3,589.29 2 1
github.com/zetkey/waka3x/services/summary.go:589.29,590.27 1 1
github.com/zetkey/waka3x/services/summary.go:590.27,592.5 1 1
github.com/zetkey/waka3x/services/summary.go:592.10,594.5 1 0
github.com/zetkey/waka3x/services/summary.go:596.3,596.22 1 1
github.com/zetkey/waka3x/services/summary.go:600.114,601.33 1 1
github.com/zetkey/waka3x/services/summary.go:601.33,604.17 3 1
github.com/zetkey/waka3x/services/summary.go:604.17,605.33 1 1
github.com/zetkey/waka3x/services/summary.go:605.33,607.5 1 1
github.com/zetkey/waka3x/services/summary.go:609.3,610.28 2 1
github.com/zetkey/waka3x/services/summary.go:610.28,612.4 1 1
github.com/zetkey/waka3x/services/summary.go:613.3,613.24 1 1
github.com/zetkey/waka3x/services/user.go:37.163,50.33 3 1
github.com/zetkey/waka3x/services/user.go:50.33,51.31 1 1
github.com/zetkey/waka3x/services/user.go:51.31,57.73 4 0
github.com/zetkey/waka3x/services/user.go:57.73,59.5 1 0
github.com/zetkey/waka3x/services/user.go:61.4,61.24 1 0
github.com/zetkey/waka3x/services/user.go:61.24,62.80 1 0
github.com/zetkey/waka3x/services/user.go:62.80,64.6 1 0
github.com/zetkey/waka3x/services/user.go:64.11,66.6 1 0
github.com/zetkey/waka3x/services/user.go:71.2,72.33 2 1
github.com/zetkey/waka3x/services/user.go:72.33,73.31 1 1
github.com/zetkey/waka3x/services/user.go:73.31,75.76 2 0
github.com/zetkey/waka3x/services/user.go:75.76,76.13 1 0
github.com/zetkey/waka3x/services/user.go:78.4,78.61 1 0
github.com/zetkey/waka3x/services/user.go:82.2,82.12 1 1
github.com/zetkey/waka3x/services/user.go:85.74,86.18 1 0
github.com/zetkey/waka3x/services/user.go:86.18,88.3 1 0
github.com/zetkey/waka3x/services/user.go:90.2,90.40 1 0
github.com/zetkey/waka3x/services/user.go:90.40,92.3 1 0
github.com/zetkey/waka3x/services/user.go:94.2,95.16 2 0
github.com/zetkey/waka3x/services/user.go:95.16,97.3 1 0
github.com/zetkey/waka3x/services/user.go:99.2,100.15 2 0
github.com/zetkey/waka3x/services/user.go:103.99,104.15 1 1
github.com/zetkey/waka3x/services/user.go:104.15,106.3 1 1
github.com/zetkey/waka3x/services/user.go:108.2,108.37 1 1
github.com/zetkey/waka3x/services/user.go:108.37,110.3 1 1
github.com/zetkey/waka3x/services/user.go:112.2,113.16 2 1
github.com/zetkey/waka3x/services/user.go:113.16,116.3 2 1
github.com/zetkey/waka3x/services/user.go:118.2,119.16 2 1
github.com/zetkey/waka3x/services/user.go:119.16,122.3 2 1
github.com/zetkey/waka3x/services/user.go:124.2,124.17 1 1
github.com/zetkey/waka3x/services/user.go:127.86,128.22 1 0
github.com/zetkey/waka3x/services/user.go:128.22,130.3 1 0
github.com/zetkey/waka3x/services/user.go:134.2,134.68 1 0
github.com/zetkey/waka3x/services/user.go:137.76,138.17 1 1
github.com/zetkey/waka3x/services/user.go:138.17,140.3 1 1
github.com/zetkey/waka3x/services/user.go:141.2,141.31 1 1
github.com/zetkey/waka3x/services/user.go:141.31,143.3 1 1
github.com/zetkey/waka3x/services/user.go:144.2,144.58 1 1
github.com/zetkey/waka3x/services/user.go:147.86,148.22 1 0
github.com/zetkey/waka3x/services/user.go:148.22,150.3 1 0
github.com/zetkey/waka3x/services/user.go:151.2,151.68 1 0
github.com/zetkey/waka3x/services/user.go:154.98,155.28 1 0
github.com/zetkey/waka3x/services/user.go:155.28,157.3 1 0
github.com/zetkey/waka3x/services/user.go:158.2,158.80 1 0
github.com/zetkey/waka3x/services/user.go:161.92,162.22 1 0
github.com/zetkey/waka3x/services/user.go:162.22,164.3 1 0
github.com/zetkey/waka3x/services/user.go:165.2,165.74 1 0
github.com/zetkey/waka3x/services/user.go:168.83,169.33 1 0
github.com/zetkey/waka3x/services/user.go:169.33,171.3 1 0
github.com/zetkey/waka3x/services/user.go:172.2,175.4 1 0
github.com/zetkey/waka3x/services/user.go:178.58,180.2 1 0
github.com/zetkey/waka3x/services/user.go:182.73,184.16 2 0
github.com/zetkey/waka3x/services/user.go:184.16,186.3 1 0
github.com/zetkey/waka3x/services/user.go:187.2,187.37 1 0
github.com/zetkey/waka3x/services/user.go:190.71,192.2 1 0
github.com/zetkey/waka3x/services/user.go:194.86,196.16 2 0
github.com/zetkey/waka3x/services/user.go:196.16,198.3 1 0
github.com/zetkey/waka3x/services/user.go:199.2,199.37 1 0
github.com/zetkey/waka3x/services/user.go:202.86,204.2 1 0
github.com/zetkey/waka3x/services/user.go:206.94,208.2 1 0
github.com/zetkey/waka3x/services/user.go:210.71,212.12 2 0
github.com/zetkey/waka3x/services/user.go:212.12,214.3 1 0
github.com/zetkey/waka3x/services/user.go:216.2,217.42 2 0
github.com/zetkey/waka3x/services/user.go:217.42,219.3 1 0
github.com/zetkey/waka3x/services/user.go:221.2,222.16 2 0
github.com/zetkey/waka3x/services/user.go:222.16,224.3 1 0
github.com/zetkey/waka3x/services/user.go:226.2,227.21 2 0
github.com/zetkey/waka3x/services/user.go:230.48,232.2 1 0
github.com/zetkey/waka3x/services/user.go:234.61,235.37 1 0
github.com/zetkey/waka3x/services/user.go:235.37,238.17 3 0
github.com/zetkey/waka3x/services/user.go:238.17,240.4 1 0
github.com/zetkey/waka3x/services/user.go:241.3,241.28 1 0
github.com/zetkey/waka3x/services/user.go:241.28,243.4 1 0
github.com/zetkey/waka3x/services/user.go:244.3,244.38 1 0
github.com/zetkey/waka3x/services/user.go:247.2,247.48 1 0
github.com/zetkey/waka3x/services/user.go:250.102,264.95 2 0
github.com/zetkey/waka3x/services/user.go:264.95,266.3 1 0
github.com/zetkey/waka3x/services/user.go:266.8,268.3 1 0
github.com/zetkey/waka3x/services/user.go:270.2,270.38 1 0
github.com/zetkey/waka3x/services/user.go:273.73,277.2 3 0
github.com/zetkey/waka3x/services/user.go:279.97,280.31 1 0
github.com/zetkey/waka3x/services/user.go:280.31,282.3 1 0
github.com/zetkey/waka3x/services/user.go:285.2,290.16 4 0
github.com/zetkey/waka3x/services/user.go:290.16,292.3 1 0
github.com/zetkey/waka3x/services/user.go:294.2,295.16 2 0
github.com/zetkey/waka3x/services/user.go:295.16,298.81 2 0
github.com/zetkey/waka3x/services/user.go:298.81,300.4 1 0
github.com/zetkey/waka3x/services/user.go:301.3,301.18 1 0
github.com/zetkey/waka3x/services/user.go:304.2,306.21 2 0
github.com/zetkey/waka3x/services/user.go:309.78,313.2 3 0
github.com/zetkey/waka3x/services/user.go:315.122,318.35 2 0
github.com/zetkey/waka3x/services/user.go:318.35,319.89 1 0
github.com/zetkey/waka3x/services/user.go:319.89,321.4 1 0
github.com/zetkey/waka3x/services/user.go:324.2,324.35 1 0
github.com/zetkey/waka3x/services/user.go:324.35,326.3 1 0
github.com/zetkey/waka3x/services/user.go:328.2,328.18 1 0
github.com/zetkey/waka3x/services/user.go:331.85,333.2 1 0
github.com/zetkey/waka3x/services/user.go:335.91,337.2 1 0
github.com/zetkey/waka3x/services/user.go:339.57,345.56 4 0
github.com/zetkey/waka3x/services/user.go:345.56,346.59 1 0
github.com/zetkey/waka3x/services/user.go:346.59,348.4 1 0
github.com/zetkey/waka3x/services/user.go:349.3,349.96 1 0
github.com/zetkey/waka3x/services/user.go:349.96,351.4 1 0
github.com/zetkey/waka3x/services/user.go:353.3,354.13 2 0
github.com/zetkey/waka3x/services/user.go:358.84,359.112 1 0
github.com/zetkey/waka3x/services/user.go:359.112,361.3 1 0
github.com/zetkey/waka3x/services/user.go:364.38,366.2 1 0
github.com/zetkey/waka3x/services/user.go:368.55,370.2 1 0
github.com/zetkey/waka3x/services/user.go:372.57,377.2 1 0
github.com/zetkey/waka3x/services/user.go:379.57,384.2 1 0
github.com/zetkey/waka3x/services/user.go:386.51,387.97 1 0
github.com/zetkey/waka3x/services/user.go:387.97,390.3 2 0
github.com/zetkey/waka3x/services/user.go:391.2,391.13 1 0
github.com/zetkey/waka3x/services/webauthn.go:14.95,20.2 2 0
github.com/zetkey/waka3x/services/webauthn.go:22.147,25.2 2 0
github.com/zetkey/waka3x/services/webauthn.go:26.107,29.2 2 0
github.com/zetkey/waka3x/services/webauthn.go:31.124,34.2 2 0
github.com/zetkey/waka3x/services/webauthn.go:36.91,38.2 1 0
github.com/zetkey/waka3x/services/webauthn.go:40.85,42.2 1 0
github.com/zetkey/waka3x/services/webauthn.go:44.77,46.16 2 0
github.com/zetkey/waka3x/services/webauthn.go:46.16,48.3 1 0
github.com/zetkey/waka3x/services/webauthn.go:49.2,50.12 2 0
github.com/zetkey/waka3x/models/compat/shields/v1/badge.go:22.59,29.2 1 0
github.com/zetkey/waka3x/models/compat/wakatime/v1/all_time.go:30.64,47.2 3 0
github.com/zetkey/waka3x/models/compat/wakatime/v1/heartbeat.go:28.46,29.76 1 0
github.com/zetkey/waka3x/models/compat/wakatime/v1/heartbeat.go:29.76,31.3 1 0
github.com/zetkey/waka3x/models/compat/wakatime/v1/heartbeat.go:34.47,35.76 1 0
github.com/zetkey/waka3x/models/compat/wakatime/v1/heartbeat.go:35.76,37.3 1 0
github.com/zetkey/waka3x/models/compat/wakatime/v1/heartbeat.go:89.72,91.36 2 0
github.com/zetkey/waka3x/models/compat/wakatime/v1/heartbeat.go:91.36,119.3 2 0
github.com/zetkey/waka3x/models/compat/wakatime/v1/heartbeat.go:120.2,120.12 1 0
github.com/zetkey/waka3x/models/compat/wakatime/v1/stats.go:44.85,60.17 4 0
github.com/zetkey/waka3x/models/compat/wakatime/v1/stats.go:60.17,63.3 2 0
github.com/zetkey/waka3x/models/compat/wakatime/v1/stats.go:64.2,64.71 1 0
github.com/zetkey/waka3x/models/compat/wakatime/v1/stats.go:64.71,66.3 1 0
github.com/zetkey/waka3x/models/compat/wakatime/v1/stats.go:68.2,69.36 2 0
github.com/zetkey/waka3x/models/compat/wakatime/v1/stats.go:69.36,71.3 1 0
github.com/zetkey/waka3x/models/compat/wakatime/v1/stats.go:73.2,74.38 2 0
github.com/zetkey/waka3x/models/compat/wakatime/v1/stats.go:74.38,76.3 1 0
github.com/zetkey/waka3x/models/compat/wakatime/v1/stats.go:78.2,79.37 2 0
github.com/zetkey/waka3x/models/compat/wakatime/v1/stats.go:79.37,81.3 1 0
github.com/zetkey/waka3x/models/compat/wakatime/v1/stats.go:83.2,84.37 2 0
github.com/zetkey/waka3x/models/compat/wakatime/v1/stats.go:84.37,86.3 1 0
github.com/zetkey/waka3x/models/compat/wakatime/v1/stats.go:88.2,89.45 2 0
github.com/zetkey/waka3x/models/compat/wakatime/v1/stats.go:89.45,91.3 1 0
github.com/zetkey/waka3x/models/compat/wakatime/v1/stats.go:93.2,94.37 2 0
github.com/zetkey/waka3x/models/compat/wakatime/v1/stats.go:94.37,96.3 1 0
github.com/zetkey/waka3x/models/compat/wakatime/v1/stats.go:98.2,99.39 2 0
github.com/zetkey/waka3x/models/compat/wakatime/v1/stats.go:99.39,101.3 1 0
github.com/zetkey/waka3x/models/compat/wakatime/v1/stats.go:105.2,113.29 8 0
github.com/zetkey/waka3x/models/compat/wakatime/v1/stats.go:113.29,115.3 1 0
github.com/zetkey/waka3x/models/compat/wakatime/v1/stats.go:117.2,119.3 1 0
github.com/zetkey/waka3x/models/compat/wakatime/v1/summaries.go:86.55,88.44 2 0
github.com/zetkey/waka3x/models/compat/wakatime/v1/summaries.go:88.44,94.3 1 0
github.com/zetkey/waka3x/models/compat/wakatime/v1/summaries.go:95.2,95.34 1 0
github.com/zetkey/waka3x/models/compat/wakatime/v1/summaries.go:98.72,102.30 3 0
github.com/zetkey/waka3x/models/compat/wakatime/v1/summaries.go:102.30,105.37 2 0
github.com/zetkey/waka3x/models/compat/wakatime/v1/summaries.go:105.37,107.4 1 0
github.com/zetkey/waka3x/models/compat/wakatime/v1/summaries.go:108.3,108.34 1 0
github.com/zetkey/waka3x/models/compat/wakatime/v1/summaries.go:108.34,110.4 1 0
github.com/zetkey/waka3x/models/compat/wakatime/v1/summaries.go:113.2,115.30 3 0
github.com/zetkey/waka3x/models/compat/wakatime/v1/summaries.go:115.30,119.3 3 0
github.com/zetkey/waka3x/models/compat/wakatime/v1/summaries.go:121.2,145.3 5 0
github.com/zetkey/waka3x/models/compat/wakatime/v1/summaries.go:148.52,182.67 7 0
github.com/zetkey/waka3x/models/compat/wakatime/v1/summaries.go:182.67,184.32 2 0
github.com/zetkey/waka3x/models/compat/wakatime/v1/summaries.go:184.32,186.4 1 0
github.com/zetkey/waka3x/models/compat/wakatime/v1/summaries.go:189.2,190.67 2 0
github.com/zetkey/waka3x/models/compat/wakatime/v1/summaries.go:190.67,192.31 2 0
github.com/zetkey/waka3x/models/compat/wakatime/v1/summaries.go:192.31,194.4 1 0
github.com/zetkey/waka3x/models/compat/wakatime/v1/summaries.go:197.2,198.67 2 0
github.com/zetkey/waka3x/models/compat/wakatime/v1/summaries.go:198.67,200.33 2 0
github.com/zetkey/waka3x/models/compat/wakatime/v1/summaries.go:200.33,202.4 1 0
github.com/zetkey/waka3x/models/compat/wakatime/v1/summaries.go:205.2,206.67 2 0
github.com/zetkey/waka3x/models/compat/wakatime/v1/summaries.go:206.67,208.40 2 0
github.com/zetkey/waka3x/models/compat/wakatime/v1/summaries.go:208.40,210.4 1 0
github.com/zetkey/waka3x/models/compat/wakatime/v1/summaries.go:213.2,214.67 2 0
github.com/zetkey/waka3x/models/compat/wakatime/v1/summaries.go:214.67,216.32 2 0
github.com/zetkey/waka3x/models/compat/wakatime/v1/summaries.go:216.32,218.4 1 0
github.com/zetkey/waka3x/models/compat/wakatime/v1/summaries.go:221.2,222.67 2 0
github.com/zetkey/waka3x/models/compat/wakatime/v1/summaries.go:222.67,224.32 2 0
github.com/zetkey/waka3x/models/compat/wakatime/v1/summaries.go:224.32,226.4 1 0
github.com/zetkey/waka3x/models/compat/wakatime/v1/summaries.go:229.2,230.67 2 0
github.com/zetkey/waka3x/models/compat/wakatime/v1/summaries.go:230.67,232.32 2 0
github.com/zetkey/waka3x/models/compat/wakatime/v1/summaries.go:232.32,234.4 1 0
github.com/zetkey/waka3x/models/compat/wakatime/v1/summaries.go:237.2,238.67 2 0
github.com/zetkey/waka3x/models/compat/wakatime/v1/summaries.go:238.67,240.34 2 0
github.com/zetkey/waka3x/models/compat/wakatime/v1/summaries.go:240.34,242.4 1 0
github.com/zetkey/waka3x/models/compat/wakatime/v1/summaries.go:245.2,245.23 1 0
github.com/zetkey/waka3x/models/compat/wakatime/v1/summaries.go:245.23,247.3 1 0
github.com/zetkey/waka3x/models/compat/wakatime/v1/summaries.go:248.2,248.23 1 0
github.com/zetkey/waka3x/models/compat/wakatime/v1/summaries.go:248.23,250.3 1 0
github.com/zetkey/waka3x/models/compat/wakatime/v1/summaries.go:252.2,253.13 2 0
github.com/zetkey/waka3x/models/compat/wakatime/v1/summaries.go:256.85,262.57 6 0
github.com/zetkey/waka3x/models/compat/wakatime/v1/summaries.go:262.57,264.3 1 0
github.com/zetkey/waka3x/models/compat/wakatime/v1/summaries.go:266.2,275.3 1 0
github.com/zetkey/waka3x/models/compat/wakatime/v1/user.go:38.43,41.25 3 0
github.com/zetkey/waka3x/models/compat/wakatime/v1/user.go:41.25,43.3 1 0
github.com/zetkey/waka3x/models/compat/wakatime/v1/user.go:45.2,47.43 2 0
github.com/zetkey/waka3x/models/compat/wakatime/v1/user.go:47.43,49.3 1 0
github.com/zetkey/waka3x/models/compat/wakatime/v1/user.go:51.2,60.3 1 0
github.com/zetkey/waka3x/models/compat/wakatime/v1/user.go:63.63,68.2 4 0
github.com/zetkey/waka3x/models/compat/wakatime/v1/user_agent.go:26.81,34.2 7 0
github.com/zetkey/waka3x/models/metrics/counter_metric.go:12.37,14.2 1 0
github.com/zetkey/waka3x/models/metrics/counter_metric.go:16.39,18.2 1 0
github.com/zetkey/waka3x/models/metrics/counter_metric.go:20.40,22.2 1 0
github.com/zetkey/waka3x/models/metrics/gauge_metric.go:12.35,14.2 1 0
github.com/zetkey/waka3x/models/metrics/gauge_metric.go:16.37,18.2 1 0
github.com/zetkey/waka3x/models/metrics/gauge_metric.go:20.38,22.2 1 0
github.com/zetkey/waka3x/models/metrics/label.go:15.32,17.22 2 0
github.com/zetkey/waka3x/models/metrics/label.go:17.22,19.3 1 0
github.com/zetkey/waka3x/models/metrics/label.go:20.2,20.17 1 0
github.com/zetkey/waka3x/models/metrics/label.go:20.17,22.3 1 0
github.com/zetkey/waka3x/models/metrics/label.go:23.2,23.62 1 0
github.com/zetkey/waka3x/models/metrics/label.go:26.31,28.2 1 0
github.com/zetkey/waka3x/models/metrics/metric.go:14.42,16.22 2 0
github.com/zetkey/waka3x/models/metrics/metric.go:16.22,17.44 1 0
github.com/zetkey/waka3x/models/metrics/metric.go:17.44,20.4 2 0
github.com/zetkey/waka3x/models/metrics/metric.go:21.3,21.43 1 0
github.com/zetkey/waka3x/models/metrics/metric.go:24.2,24.15 1 0
github.com/zetkey/waka3x/models/metrics/metric.go:27.28,29.2 1 0
github.com/zetkey/waka3x/models/metrics/metric.go:31.38,33.2 1 0
github.com/zetkey/waka3x/models/metrics/metric.go:35.33,37.2 1 0
github.com/zetkey/waka3x/main.go:117.13,122.18 4 0
github.com/zetkey/waka3x/main.go:122.18,125.3 2 0
github.com/zetkey/waka3x/main.go:126.2,151.16 8 0
github.com/zetkey/waka3x/main.go:151.16,153.3 1 0
github.com/zetkey/waka3x/main.go:155.2,155.20 1 0
github.com/zetkey/waka3x/main.go:155.20,157.3 1 0
github.com/zetkey/waka3x/main.go:158.2,159.16 2 0
github.com/zetkey/waka3x/main.go:159.16,161.3 1 0
github.com/zetkey/waka3x/main.go:162.2,167.28 4 0
github.com/zetkey/waka3x/main.go:167.28,169.3 1 0
github.com/zetkey/waka3x/main.go:172.2,205.35 31 0
github.com/zetkey/waka3x/main.go:205.35,207.3 1 0
github.com/zetkey/waka3x/main.go:210.2,216.35 6 0
github.com/zetkey/waka3x/main.go:216.35,218.3 1 0
github.com/zetkey/waka3x/main.go:221.2,280.29 29 0
github.com/zetkey/waka3x/main.go:280.29,282.3 1 0
github.com/zetkey/waka3x/main.go:285.2,341.64 43 0
github.com/zetkey/waka3x/main.go:341.64,343.81 1 0
github.com/zetkey/waka3x/main.go:343.81,347.4 3 0
github.com/zetkey/waka3x/main.go:349.3,349.58 1 0
github.com/zetkey/waka3x/main.go:349.58,353.4 3 0
github.com/zetkey/waka3x/main.go:354.3,354.22 1 0
github.com/zetkey/waka3x/main.go:357.2,357.24 1 0
github.com/zetkey/waka3x/main.go:357.24,359.13 2 0
github.com/zetkey/waka3x/main.go:359.13,361.4 1 0
github.com/zetkey/waka3x/main.go:365.2,365.16 1 0
github.com/zetkey/waka3x/main.go:368.35,372.71 2 0
github.com/zetkey/waka3x/main.go:372.71,380.3 2 0
github.com/zetkey/waka3x/main.go:383.2,383.71 1 0
github.com/zetkey/waka3x/main.go:383.71,391.3 2 0
github.com/zetkey/waka3x/main.go:394.2,394.75 1 0
github.com/zetkey/waka3x/main.go:394.75,396.64 1 0
github.com/zetkey/waka3x/main.go:396.64,398.64 2 0
github.com/zetkey/waka3x/main.go:398.64,400.5 1 0
github.com/zetkey/waka3x/main.go:402.3,406.4 1 0
github.com/zetkey/waka3x/main.go:409.2,409.21 1 0
github.com/zetkey/waka3x/main.go:409.21,410.61 1 0
github.com/zetkey/waka3x/main.go:410.61,412.14 2 0
github.com/zetkey/waka3x/main.go:412.14,413.101 1 0
github.com/zetkey/waka3x/main.go:413.101,415.19 2 0
github.com/zetkey/waka3x/main.go:415.19,417.7 1 0
github.com/zetkey/waka3x/main.go:418.6,418.27 1 0
github.com/zetkey/waka3x/main.go:422.3,422.16 1 0
github.com/zetkey/waka3x/main.go:422.16,424.14 2 0
github.com/zetkey/waka3x/main.go:424.14,425.101 1 0
github.com/zetkey/waka3x/main.go:425.101,427.6 1 0
github.com/zetkey/waka3x/main.go:430.3,430.21 1 0
github.com/zetkey/waka3x/main.go:430.21,432.14 2 0
github.com/zetkey/waka3x/main.go:432.14,434.19 2 0
github.com/zetkey/waka3x/main.go:434.19,436.6 1 0
github.com/zetkey/waka3x/main.go:437.5,437.109 1 0
github.com/zetkey/waka3x/main.go:437.109,439.6 1 0
github.com/zetkey/waka3x/main.go:440.5,440.111 1 0
github.com/zetkey/waka3x/main.go:440.111,442.6 1 0
github.com/zetkey/waka3x/main.go:445.8,446.61 1 0
github.com/zetkey/waka3x/main.go:446.61,448.14 2 0
github.com/zetkey/waka3x/main.go:448.14,449.47 1 0
github.com/zetkey/waka3x/main.go:449.47,451.19 2 0
github.com/zetkey/waka3x/main.go:451.19,453.7 1 0
github.com/zetkey/waka3x/main.go:454.6,454.27 1 0
github.com/zetkey/waka3x/main.go:458.3,458.16 1 0
github.com/zetkey/waka3x/main.go:458.16,460.14 2 0
github.com/zetkey/waka3x/main.go:460.14,461.47 1 0
github.com/zetkey/waka3x/main.go:461.47,463.6 1 0
github.com/zetkey/waka3x/main.go:466.3,466.21 1 0
github.com/zetkey/waka3x/main.go:466.21,468.14 2 0
github.com/zetkey/waka3x/main.go:468.14,470.19 2 0
github.com/zetkey/waka3x/main.go:470.19,472.6 1 0
github.com/zetkey/waka3x/main.go:473.5,473.109 1 0
github.com/zetkey/waka3x/main.go:473.109,475.6 1 0
github.com/zetkey/waka3x/main.go:476.5,476.55 1 0
github.com/zetkey/waka3x/main.go:476.55,478.6 1 0
github.com/zetkey/waka3x/main.go:483.2,483.29 1 0
github.com/zetkey/waka3x/repositories/alias.go:13.55,15.2 1 0
github.com/zetkey/waka3x/repositories/alias.go:17.61,19.50 2 0
github.com/zetkey/waka3x/repositories/alias.go:19.50,21.3 1 0
github.com/zetkey/waka3x/repositories/alias.go:22.2,22.21 1 0
github.com/zetkey/waka3x/repositories/alias.go:25.77,27.18 2 0
github.com/zetkey/waka3x/repositories/alias.go:27.18,29.3 1 0
github.com/zetkey/waka3x/repositories/alias.go:30.2,32.36 1 0
github.com/zetkey/waka3x/repositories/alias.go:32.36,34.3 1 0
github.com/zetkey/waka3x/repositories/alias.go:35.2,35.21 1 0
github.com/zetkey/waka3x/repositories/alias.go:38.88,40.18 2 0
github.com/zetkey/waka3x/repositories/alias.go:40.18,42.3 1 0
github.com/zetkey/waka3x/repositories/alias.go:43.2,48.36 1 0
github.com/zetkey/waka3x/repositories/alias.go:48.36,50.3 1 0
github.com/zetkey/waka3x/repositories/alias.go:51.2,51.21 1 0
github.com/zetkey/waka3x/repositories/alias.go:54.114,56.18 2 0
github.com/zetkey/waka3x/repositories/alias.go:56.18,58.3 1 0
github.com/zetkey/waka3x/repositories/alias.go:59.2,65.36 1 0
github.com/zetkey/waka3x/repositories/alias.go:65.36,67.3 1 0
github.com/zetkey/waka3x/repositories/alias.go:68.2,68.21 1 0
github.com/zetkey/waka3x/repositories/alias.go:71.123,73.18 2 0
github.com/zetkey/waka3x/repositories/alias.go:73.18,75.3 1 0
github.com/zetkey/waka3x/repositories/alias.go:76.2,82.34 1 0
github.com/zetkey/waka3x/repositories/alias.go:82.34,84.3 1 0
github.com/zetkey/waka3x/repositories/alias.go:85.2,85.19 1 0
github.com/zetkey/waka3x/repositories/alias.go:88.78,90.37 2 0
github.com/zetkey/waka3x/repositories/alias.go:90.37,92.3 1 0
github.com/zetkey/waka3x/repositories/alias.go:93.2,93.19 1 0
github.com/zetkey/waka3x/repositories/alias.go:96.49,100.2 1 0
github.com/zetkey/waka3x/repositories/alias.go:102.57,106.2 1 0
github.com/zetkey/waka3x/repositories/api_key.go:17.57,19.2 1 0
github.com/zetkey/waka3x/repositories/api_key.go:21.63,23.47 2 0
github.com/zetkey/waka3x/repositories/api_key.go:23.47,25.3 1 0
github.com/zetkey/waka3x/repositories/api_key.go:26.2,26.18 1 0
github.com/zetkey/waka3x/repositories/api_key.go:29.106,33.26 3 0
github.com/zetkey/waka3x/repositories/api_key.go:33.26,35.3 1 0
github.com/zetkey/waka3x/repositories/api_key.go:37.2,37.47 1 0
github.com/zetkey/waka3x/repositories/api_key.go:37.47,39.3 1 0
github.com/zetkey/waka3x/repositories/api_key.go:40.2,40.17 1 0
github.com/zetkey/waka3x/repositories/api_key.go:43.79,44.18 1 0
github.com/zetkey/waka3x/repositories/api_key.go:44.18,46.3 1 0
github.com/zetkey/waka3x/repositories/api_key.go:47.2,50.33 2 0
github.com/zetkey/waka3x/repositories/api_key.go:50.33,52.3 1 0
github.com/zetkey/waka3x/repositories/api_key.go:53.2,53.18 1 0
github.com/zetkey/waka3x/repositories/api_key.go:56.79,57.20 1 0
github.com/zetkey/waka3x/repositories/api_key.go:57.20,59.3 1 0
github.com/zetkey/waka3x/repositories/api_key.go:60.2,61.37 2 0
github.com/zetkey/waka3x/repositories/api_key.go:61.37,63.3 1 0
github.com/zetkey/waka3x/repositories/api_key.go:64.2,64.17 1 0
github.com/zetkey/waka3x/repositories/api_key.go:67.56,71.2 1 0
github.com/zetkey/waka3x/repositories/base.go:21.52,23.2 1 0
github.com/zetkey/waka3x/repositories/base.go:25.48,27.2 1 0
github.com/zetkey/waka3x/repositories/base.go:29.88,30.57 1 0
github.com/zetkey/waka3x/repositories/base.go:30.57,32.3 1 0
github.com/zetkey/waka3x/repositories/base.go:32.8,34.3 1 0
github.com/zetkey/waka3x/repositories/base.go:35.2,35.20 1 0
github.com/zetkey/waka3x/repositories/base.go:38.89,39.84 1 0
github.com/zetkey/waka3x/repositories/base.go:39.84,45.3 1 0
github.com/zetkey/waka3x/repositories/base.go:45.8,47.3 1 0
github.com/zetkey/waka3x/repositories/base.go:48.2,48.20 1 0
github.com/zetkey/waka3x/repositories/base.go:51.67,53.2 1 0
github.com/zetkey/waka3x/repositories/base.go:55.45,63.95 2 0
github.com/zetkey/waka3x/repositories/base.go:63.95,64.51 1 0
github.com/zetkey/waka3x/repositories/base.go:64.51,67.4 2 0
github.com/zetkey/waka3x/repositories/base.go:68.3,69.9 2 0
github.com/zetkey/waka3x/repositories/base.go:72.2,72.38 1 0
github.com/zetkey/waka3x/repositories/base.go:72.38,74.17 2 0
github.com/zetkey/waka3x/repositories/base.go:74.17,77.4 2 0
github.com/zetkey/waka3x/repositories/base.go:79.3,79.29 1 0
github.com/zetkey/waka3x/repositories/base.go:79.29,81.69 2 0
github.com/zetkey/waka3x/repositories/base.go:81.69,83.13 2 0
github.com/zetkey/waka3x/repositories/base.go:87.3,88.9 2 0
github.com/zetkey/waka3x/repositories/base.go:91.2,91.115 1 0
github.com/zetkey/waka3x/repositories/base.go:94.70,96.48 1 0
github.com/zetkey/waka3x/repositories/base.go:96.48,98.32 2 0
github.com/zetkey/waka3x/repositories/base.go:98.32,99.59 1 0
github.com/zetkey/waka3x/repositories/base.go:99.59,101.5 1 0
github.com/zetkey/waka3x/repositories/base.go:103.3,103.13 1 0
github.com/zetkey/waka3x/repositories/base.go:107.63,113.35 1 0
github.com/zetkey/waka3x/repositories/base.go:113.35,115.3 1 0
github.com/zetkey/waka3x/repositories/base.go:116.2,116.12 1 0
github.com/zetkey/waka3x/repositories/base.go:119.89,122.18 3 0
github.com/zetkey/waka3x/repositories/base.go:122.18,124.50 2 0
github.com/zetkey/waka3x/repositories/base.go:124.50,126.12 2 0
github.com/zetkey/waka3x/repositories/base.go:128.3,128.19 1 0
github.com/zetkey/waka3x/repositories/base.go:132.113,138.18 4 0
github.com/zetkey/waka3x/repositories/base.go:138.18,140.50 2 0
github.com/zetkey/waka3x/repositories/base.go:140.50,142.12 2 0
github.com/zetkey/waka3x/repositories/base.go:145.3,147.31 2 0
github.com/zetkey/waka3x/repositories/base.go:147.31,150.4 2 0
github.com/zetkey/waka3x/repositories/base.go:153.2,153.21 1 0
github.com/zetkey/waka3x/repositories/base.go:153.21,155.3 1 0
github.com/zetkey/waka3x/repositories/base.go:158.72,159.35 1 0
github.com/zetkey/waka3x/repositories/base.go:159.35,160.91 1 0
github.com/zetkey/waka3x/repositories/base.go:160.91,162.18 1 0
github.com/zetkey/waka3x/repositories/base.go:162.18,164.5 1 0
github.com/zetkey/waka3x/repositories/base.go:165.4,165.14 1 0
github.com/zetkey/waka3x/repositories/base.go:168.2,168.10 1 0
github.com/zetkey/waka3x/repositories/diagnostics.go:12.67,14.2 1 0
github.com/zetkey/waka3x/repositories/diagnostics.go:16.102,18.2 1 0
github.com/zetkey/waka3x/repositories/duration.go:17.61,19.2 1 0
github.com/zetkey/waka3x/repositories/duration.go:21.67,25.49 4 0
github.com/zetkey/waka3x/repositories/duration.go:25.49,27.3 1 0
github.com/zetkey/waka3x/repositories/duration.go:28.2,28.23 1 0
github.com/zetkey/waka3x/repositories/duration.go:31.95,37.16 5 0
github.com/zetkey/waka3x/repositories/duration.go:37.16,39.3 1 0
github.com/zetkey/waka3x/repositories/duration.go:41.2,41.84 1 0
github.com/zetkey/waka3x/repositories/duration.go:41.84,43.3 1 0
github.com/zetkey/waka3x/repositories/duration.go:44.2,44.17 1 0
github.com/zetkey/waka3x/repositories/duration.go:47.117,53.16 5 0
github.com/zetkey/waka3x/repositories/duration.go:53.16,55.3 1 0
github.com/zetkey/waka3x/repositories/duration.go:57.2,57.84 1 0
github.com/zetkey/waka3x/repositories/duration.go:57.84,59.3 1 0
github.com/zetkey/waka3x/repositories/duration.go:60.2,60.17 1 0
github.com/zetkey/waka3x/repositories/duration.go:63.110,65.2 1 0
github.com/zetkey/waka3x/repositories/duration.go:67.150,74.24 5 0
github.com/zetkey/waka3x/repositories/duration.go:74.24,76.3 1 0
github.com/zetkey/waka3x/repositories/duration.go:78.2,78.49 1 0
github.com/zetkey/waka3x/repositories/duration.go:78.49,80.3 1 0
github.com/zetkey/waka3x/repositories/duration.go:81.2,81.23 1 0
github.com/zetkey/waka3x/repositories/duration.go:84.91,90.2 5 0
github.com/zetkey/waka3x/repositories/duration.go:92.78,94.2 1 0
github.com/zetkey/waka3x/repositories/duration.go:96.68,99.47 1 0
github.com/zetkey/waka3x/repositories/duration.go:99.47,101.3 1 0
github.com/zetkey/waka3x/repositories/duration.go:102.2,102.12 1 0
github.com/zetkey/waka3x/repositories/duration.go:105.87,108.58 3 0
github.com/zetkey/waka3x/repositories/duration.go:108.58,110.3 1 0
github.com/zetkey/waka3x/repositories/duration.go:111.2,111.12 1 0
github.com/zetkey/waka3x/repositories/duration.go:114.97,115.28 1 0
github.com/zetkey/waka3x/repositories/duration.go:115.28,119.3 1 0
github.com/zetkey/waka3x/repositories/duration.go:119.8,123.3 1 0
github.com/zetkey/waka3x/repositories/duration.go:124.2,124.10 1 0
github.com/zetkey/waka3x/repositories/duration.go:127.92,128.28 1 0
github.com/zetkey/waka3x/repositories/duration.go:128.28,130.3 1 0
github.com/zetkey/waka3x/repositories/duration.go:131.2,131.40 1 0
github.com/zetkey/waka3x/repositories/duration.go:134.82,136.28 2 0
github.com/zetkey/waka3x/repositories/duration.go:136.28,138.3 1 0
github.com/zetkey/waka3x/repositories/duration.go:139.2,139.33 1 0
github.com/zetkey/waka3x/repositories/heartbeat.go:19.63,21.2 1 0
github.com/zetkey/waka3x/repositories/heartbeat.go:24.69,26.53 2 0
github.com/zetkey/waka3x/repositories/heartbeat.go:26.53,28.3 1 0
github.com/zetkey/waka3x/repositories/heartbeat.go:29.2,29.24 1 0
github.com/zetkey/waka3x/repositories/heartbeat.go:32.81,34.2 1 0
github.com/zetkey/waka3x/repositories/heartbeat.go:36.93,43.49 4 0
github.com/zetkey/waka3x/repositories/heartbeat.go:43.49,45.3 1 0
github.com/zetkey/waka3x/repositories/heartbeat.go:46.2,46.24 1 0
github.com/zetkey/waka3x/repositories/heartbeat.go:49.117,59.49 4 0
github.com/zetkey/waka3x/repositories/heartbeat.go:59.49,61.3 1 0
github.com/zetkey/waka3x/repositories/heartbeat.go:62.2,62.24 1 0
github.com/zetkey/waka3x/repositories/heartbeat.go:65.109,68.108 2 0
github.com/zetkey/waka3x/repositories/heartbeat.go:68.108,70.3 1 0
github.com/zetkey/waka3x/repositories/heartbeat.go:71.2,71.24 1 0
github.com/zetkey/waka3x/repositories/heartbeat.go:74.115,78.16 3 0
github.com/zetkey/waka3x/repositories/heartbeat.go:78.16,80.3 1 0
github.com/zetkey/waka3x/repositories/heartbeat.go:82.2,82.67 1 0
github.com/zetkey/waka3x/repositories/heartbeat.go:82.67,84.3 1 0
github.com/zetkey/waka3x/repositories/heartbeat.go:85.2,85.17 1 0
github.com/zetkey/waka3x/repositories/heartbeat.go:88.139,92.16 3 0
github.com/zetkey/waka3x/repositories/heartbeat.go:92.16,94.3 1 0
github.com/zetkey/waka3x/repositories/heartbeat.go:96.2,96.85 1 0
github.com/zetkey/waka3x/repositories/heartbeat.go:96.85,98.3 1 0
github.com/zetkey/waka3x/repositories/heartbeat.go:99.2,99.17 1 0
github.com/zetkey/waka3x/repositories/heartbeat.go:102.152,109.50 4 0
github.com/zetkey/waka3x/repositories/heartbeat.go:109.50,111.3 1 0
github.com/zetkey/waka3x/repositories/heartbeat.go:112.2,112.24 1 0
github.com/zetkey/waka3x/repositories/heartbeat.go:115.155,122.16 5 0
github.com/zetkey/waka3x/repositories/heartbeat.go:122.16,124.3 1 0
github.com/zetkey/waka3x/repositories/heartbeat.go:126.2,126.67 1 0
github.com/zetkey/waka3x/repositories/heartbeat.go:126.67,128.3 1 0
github.com/zetkey/waka3x/repositories/heartbeat.go:130.2,130.17 1 0
github.com/zetkey/waka3x/repositories/heartbeat.go:133.127,140.58 5 0
github.com/zetkey/waka3x/repositories/heartbeat.go:140.58,142.3 1 0
github.com/zetkey/waka3x/repositories/heartbeat.go:143.2,143.23 1 0
github.com/zetkey/waka3x/repositories/heartbeat.go:146.75,150.2 3 0
github.com/zetkey/waka3x/repositories/heartbeat.go:152.74,156.2 3 0
github.com/zetkey/waka3x/repositories/heartbeat.go:158.94,162.2 3 0
github.com/zetkey/waka3x/repositories/heartbeat.go:164.80,165.42 1 0
github.com/zetkey/waka3x/repositories/heartbeat.go:165.42,171.3 1 0
github.com/zetkey/waka3x/repositories/heartbeat.go:173.2,173.16 1 0
github.com/zetkey/waka3x/repositories/heartbeat.go:173.16,177.3 1 0
github.com/zetkey/waka3x/repositories/heartbeat.go:178.2,178.19 1 0
github.com/zetkey/waka3x/repositories/heartbeat.go:181.77,186.35 2 0
github.com/zetkey/waka3x/repositories/heartbeat.go:186.35,188.3 1 0
github.com/zetkey/waka3x/repositories/heartbeat.go:189.2,189.19 1 0
github.com/zetkey/waka3x/repositories/heartbeat.go:192.97,196.26 3 0
github.com/zetkey/waka3x/repositories/heartbeat.go:196.26,198.3 1 0
github.com/zetkey/waka3x/repositories/heartbeat.go:200.2,200.23 1 0
github.com/zetkey/waka3x/repositories/heartbeat.go:200.23,202.3 1 0
github.com/zetkey/waka3x/repositories/heartbeat.go:204.2,209.35 1 0
github.com/zetkey/waka3x/repositories/heartbeat.go:209.35,211.3 1 0
github.com/zetkey/waka3x/repositories/heartbeat.go:213.2,213.20 1 0
github.com/zetkey/waka3x/repositories/heartbeat.go:216.101,222.36 2 0
github.com/zetkey/waka3x/repositories/heartbeat.go:222.36,224.3 1 0
github.com/zetkey/waka3x/repositories/heartbeat.go:225.2,225.21 1 0
github.com/zetkey/waka3x/repositories/heartbeat.go:228.63,230.59 2 0
github.com/zetkey/waka3x/repositories/heartbeat.go:230.59,232.3 1 0
github.com/zetkey/waka3x/repositories/heartbeat.go:233.2,233.12 1 0
github.com/zetkey/waka3x/repositories/heartbeat.go:236.69,239.48 1 0
github.com/zetkey/waka3x/repositories/heartbeat.go:239.48,241.3 1 0
github.com/zetkey/waka3x/repositories/heartbeat.go:242.2,242.12 1 0
github.com/zetkey/waka3x/repositories/heartbeat.go:245.88,249.48 2 0
github.com/zetkey/waka3x/repositories/heartbeat.go:249.48,251.3 1 0
github.com/zetkey/waka3x/repositories/heartbeat.go:252.2,252.12 1 0
github.com/zetkey/waka3x/repositories/heartbeat.go:255.156,274.18 4 0
github.com/zetkey/waka3x/repositories/heartbeat.go:274.18,277.3 2 0
github.com/zetkey/waka3x/repositories/heartbeat.go:279.2,337.41 5 0
github.com/zetkey/waka3x/repositories/heartbeat.go:337.41,339.3 1 0
github.com/zetkey/waka3x/repositories/heartbeat.go:341.2,341.26 1 0
github.com/zetkey/waka3x/repositories/heartbeat.go:344.99,352.36 2 0
github.com/zetkey/waka3x/repositories/heartbeat.go:352.36,354.3 1 0
github.com/zetkey/waka3x/repositories/heartbeat.go:355.2,355.21 1 0
github.com/zetkey/waka3x/repositories/heartbeat.go:361.98,366.2 4 0
github.com/zetkey/waka3x/repositories/heartbeat.go:368.98,369.28 1 0
github.com/zetkey/waka3x/repositories/heartbeat.go:369.28,373.3 1 0
github.com/zetkey/waka3x/repositories/heartbeat.go:373.8,377.3 1 0
github.com/zetkey/waka3x/repositories/heartbeat.go:378.2,378.10 1 0
github.com/zetkey/waka3x/repositories/heartbeat.go:381.93,382.28 1 0
github.com/zetkey/waka3x/repositories/heartbeat.go:382.28,384.3 1 0
github.com/zetkey/waka3x/repositories/heartbeat.go:385.2,385.40 1 0
github.com/zetkey/waka3x/repositories/heartbeat.go:388.83,390.28 2 0
github.com/zetkey/waka3x/repositories/heartbeat.go:390.28,392.3 1 0
github.com/zetkey/waka3x/repositories/heartbeat.go:393.2,393.33 1 0
github.com/zetkey/waka3x/repositories/key_value.go:18.61,20.2 1 0
github.com/zetkey/waka3x/repositories/key_value.go:22.73,24.52 2 0
github.com/zetkey/waka3x/repositories/key_value.go:24.52,26.3 1 0
github.com/zetkey/waka3x/repositories/key_value.go:27.2,27.23 1 0
github.com/zetkey/waka3x/repositories/key_value.go:30.84,34.32 2 0
github.com/zetkey/waka3x/repositories/key_value.go:34.32,36.3 1 0
github.com/zetkey/waka3x/repositories/key_value.go:38.2,38.16 1 0
github.com/zetkey/waka3x/repositories/key_value.go:41.84,46.21 2 0
github.com/zetkey/waka3x/repositories/key_value.go:46.21,48.3 1 0
github.com/zetkey/waka3x/repositories/key_value.go:49.2,49.23 1 0
github.com/zetkey/waka3x/repositories/key_value.go:52.73,61.37 2 0
github.com/zetkey/waka3x/repositories/key_value.go:61.37,63.3 1 0
github.com/zetkey/waka3x/repositories/key_value.go:65.2,65.12 1 0
github.com/zetkey/waka3x/repositories/key_value.go:68.61,70.2 1 0
github.com/zetkey/waka3x/repositories/key_value.go:72.76,75.37 2 0
github.com/zetkey/waka3x/repositories/key_value.go:75.37,77.3 1 0
github.com/zetkey/waka3x/repositories/key_value.go:78.2,78.30 1 0
github.com/zetkey/waka3x/repositories/key_value.go:78.30,80.3 1 0
github.com/zetkey/waka3x/repositories/key_value.go:82.2,82.12 1 0
github.com/zetkey/waka3x/repositories/key_value.go:85.67,87.2 1 0
github.com/zetkey/waka3x/repositories/key_value.go:89.82,93.2 1 0
github.com/zetkey/waka3x/repositories/key_value.go:96.82,97.89 1 0
github.com/zetkey/waka3x/repositories/key_value.go:97.89,100.30 3 0
github.com/zetkey/waka3x/repositories/key_value.go:100.30,102.4 1 0
github.com/zetkey/waka3x/repositories/key_value.go:104.3,110.12 1 0
github.com/zetkey/waka3x/repositories/key_value.go:111.8,116.3 1 0
github.com/zetkey/waka3x/repositories/language_mapping.go:15.75,17.2 1 0
github.com/zetkey/waka3x/repositories/language_mapping.go:19.81,21.51 2 0
github.com/zetkey/waka3x/repositories/language_mapping.go:21.51,23.3 1 0
github.com/zetkey/waka3x/repositories/language_mapping.go:24.2,24.22 1 0
github.com/zetkey/waka3x/repositories/language_mapping.go:27.87,29.89 2 0
github.com/zetkey/waka3x/repositories/language_mapping.go:29.89,31.3 1 0
github.com/zetkey/waka3x/repositories/language_mapping.go:32.2,32.21 1 0
github.com/zetkey/waka3x/repositories/language_mapping.go:35.97,37.18 2 0
github.com/zetkey/waka3x/repositories/language_mapping.go:37.18,39.3 1 0
github.com/zetkey/waka3x/repositories/language_mapping.go:40.2,42.37 1 0
github.com/zetkey/waka3x/repositories/language_mapping.go:42.37,44.3 1 0
github.com/zetkey/waka3x/repositories/language_mapping.go:45.2,45.22 1 0
github.com/zetkey/waka3x/repositories/language_mapping.go:48.110,49.24 1 0
github.com/zetkey/waka3x/repositories/language_mapping.go:49.24,51.3 1 0
github.com/zetkey/waka3x/repositories/language_mapping.go:52.2,53.37 2 0
github.com/zetkey/waka3x/repositories/language_mapping.go:53.37,55.3 1 0
github.com/zetkey/waka3x/repositories/language_mapping.go:56.2,56.21 1 0
github.com/zetkey/waka3x/repositories/language_mapping.go:59.59,63.2 1 0
github.com/zetkey/waka3x/repositories/leaderboard.go:14.67,16.2 1 0
github.com/zetkey/waka3x/repositories/leaderboard.go:18.84,21.36 1 0
github.com/zetkey/waka3x/repositories/leaderboard.go:21.36,23.3 1 0
github.com/zetkey/waka3x/repositories/leaderboard.go:24.2,24.12 1 0
github.com/zetkey/waka3x/repositories/leaderboard.go:27.78,34.2 3 0
github.com/zetkey/waka3x/repositories/leaderboard.go:36.77,39.17 3 0
github.com/zetkey/waka3x/repositories/leaderboard.go:39.17,41.3 1 0
github.com/zetkey/waka3x/repositories/leaderboard.go:42.2,43.19 2 0
github.com/zetkey/waka3x/repositories/leaderboard.go:46.77,50.34 2 0
github.com/zetkey/waka3x/repositories/leaderboard.go:50.34,52.3 1 0
github.com/zetkey/waka3x/repositories/leaderboard.go:53.2,53.19 1 0
github.com/zetkey/waka3x/repositories/leaderboard.go:56.154,69.45 6 0
github.com/zetkey/waka3x/repositories/leaderboard.go:69.45,71.3 1 0
github.com/zetkey/waka3x/repositories/leaderboard.go:72.2,72.19 1 0
github.com/zetkey/waka3x/repositories/leaderboard.go:75.173,86.45 6 0
github.com/zetkey/waka3x/repositories/leaderboard.go:86.45,88.3 1 0
github.com/zetkey/waka3x/repositories/leaderboard.go:89.2,89.19 1 0
github.com/zetkey/waka3x/repositories/leaderboard.go:92.67,95.54 1 0
github.com/zetkey/waka3x/repositories/leaderboard.go:95.54,97.3 1 0
github.com/zetkey/waka3x/repositories/leaderboard.go:98.2,98.12 1 0
github.com/zetkey/waka3x/repositories/leaderboard.go:101.103,105.54 1 0
github.com/zetkey/waka3x/repositories/leaderboard.go:105.54,107.3 1 0
github.com/zetkey/waka3x/repositories/leaderboard.go:108.2,108.12 1 0
github.com/zetkey/waka3x/repositories/leaderboard.go:111.82,112.15 1 0
github.com/zetkey/waka3x/repositories/leaderboard.go:112.15,114.3 1 0
github.com/zetkey/waka3x/repositories/leaderboard.go:115.2,115.14 1 0
github.com/zetkey/waka3x/repositories/leaderboard.go:115.14,117.3 1 0
github.com/zetkey/waka3x/repositories/leaderboard.go:118.2,118.10 1 0
github.com/zetkey/waka3x/repositories/metrics.go:25.59,27.2 1 0
github.com/zetkey/waka3x/repositories/metrics.go:29.73,33.19 3 0
github.com/zetkey/waka3x/repositories/metrics.go:33.19,35.3 1 0
github.com/zetkey/waka3x/repositories/metrics.go:35.8,35.29 1 0
github.com/zetkey/waka3x/repositories/metrics.go:35.29,37.3 1 0
github.com/zetkey/waka3x/repositories/metrics.go:37.8,37.27 1 0
github.com/zetkey/waka3x/repositories/metrics.go:37.27,39.3 1 0
github.com/zetkey/waka3x/repositories/metrics.go:41.2,42.18 2 0
github.com/zetkey/waka3x/repositories/project_label.go:15.69,17.2 1 0
github.com/zetkey/waka3x/repositories/project_label.go:19.75,21.49 2 0
github.com/zetkey/waka3x/repositories/project_label.go:21.49,23.3 1 0
github.com/zetkey/waka3x/repositories/project_label.go:24.2,24.20 1 0
github.com/zetkey/waka3x/repositories/project_label.go:27.81,29.84 2 0
github.com/zetkey/waka3x/repositories/project_label.go:29.84,31.3 1 0
github.com/zetkey/waka3x/repositories/project_label.go:32.2,32.19 1 0
github.com/zetkey/waka3x/repositories/project_label.go:35.91,36.18 1 0
github.com/zetkey/waka3x/repositories/project_label.go:36.18,38.3 1 0
github.com/zetkey/waka3x/repositories/project_label.go:39.2,42.35 2 0
github.com/zetkey/waka3x/repositories/project_label.go:42.35,44.3 1 0
github.com/zetkey/waka3x/repositories/project_label.go:45.2,45.20 1 0
github.com/zetkey/waka3x/repositories/project_label.go:48.99,49.22 1 0
github.com/zetkey/waka3x/repositories/project_label.go:49.22,51.3 1 0
github.com/zetkey/waka3x/repositories/project_label.go:52.2,53.37 2 0
github.com/zetkey/waka3x/repositories/project_label.go:53.37,55.3 1 0
github.com/zetkey/waka3x/repositories/project_label.go:56.2,56.19 1 0
github.com/zetkey/waka3x/repositories/project_label.go:59.56,63.2 1 0
github.com/zetkey/waka3x/repositories/summary.go:20.59,22.2 1 0
github.com/zetkey/waka3x/repositories/summary.go:24.65,29.38 2 0
github.com/zetkey/waka3x/repositories/summary.go:29.38,31.3 1 0
github.com/zetkey/waka3x/repositories/summary.go:33.2,33.73 1 0
github.com/zetkey/waka3x/repositories/summary.go:33.73,35.3 1 0
github.com/zetkey/waka3x/repositories/summary.go:37.2,37.23 1 0
github.com/zetkey/waka3x/repositories/summary.go:40.82,43.25 1 0
github.com/zetkey/waka3x/repositories/summary.go:43.25,45.59 2 0
github.com/zetkey/waka3x/repositories/summary.go:45.59,47.4 1 0
github.com/zetkey/waka3x/repositories/summary.go:48.3,49.30 2 0
github.com/zetkey/waka3x/repositories/summary.go:51.2,51.12 1 0
github.com/zetkey/waka3x/repositories/summary.go:54.67,55.53 1 0
github.com/zetkey/waka3x/repositories/summary.go:55.53,56.50 1 0
github.com/zetkey/waka3x/repositories/summary.go:56.50,58.4 1 0
github.com/zetkey/waka3x/repositories/summary.go:60.3,65.41 2 0
github.com/zetkey/waka3x/repositories/summary.go:65.41,68.4 2 0
github.com/zetkey/waka3x/repositories/summary.go:70.3,70.42 1 0
github.com/zetkey/waka3x/repositories/summary.go:70.42,73.4 2 0
github.com/zetkey/waka3x/repositories/summary.go:75.3,75.49 1 0
github.com/zetkey/waka3x/repositories/summary.go:75.49,78.4 2 0
github.com/zetkey/waka3x/repositories/summary.go:80.3,80.40 1 0
github.com/zetkey/waka3x/repositories/summary.go:80.40,83.4 2 0
github.com/zetkey/waka3x/repositories/summary.go:85.3,85.43 1 0
github.com/zetkey/waka3x/repositories/summary.go:85.43,88.4 2 0
github.com/zetkey/waka3x/repositories/summary.go:90.3,90.29 1 0
github.com/zetkey/waka3x/repositories/summary.go:90.29,91.57 1 0
github.com/zetkey/waka3x/repositories/summary.go:91.57,93.5 1 0
github.com/zetkey/waka3x/repositories/summary.go:96.3,96.13 1 0
github.com/zetkey/waka3x/repositories/summary.go:97.17,99.3 1 0
github.com/zetkey/waka3x/repositories/summary.go:101.2,101.12 1 0
github.com/zetkey/waka3x/repositories/summary.go:104.111,116.36 4 0
github.com/zetkey/waka3x/repositories/summary.go:116.36,118.3 1 0
github.com/zetkey/waka3x/repositories/summary.go:121.2,121.49 1 0
github.com/zetkey/waka3x/repositories/summary.go:121.49,123.3 1 0
github.com/zetkey/waka3x/repositories/summary.go:125.2,125.68 1 0
github.com/zetkey/waka3x/repositories/summary.go:125.68,127.3 1 0
github.com/zetkey/waka3x/repositories/summary.go:129.2,129.23 1 0
github.com/zetkey/waka3x/repositories/summary.go:132.75,140.2 3 0
github.com/zetkey/waka3x/repositories/summary.go:142.83,147.35 2 0
github.com/zetkey/waka3x/repositories/summary.go:147.35,148.63 1 0
github.com/zetkey/waka3x/repositories/summary.go:148.63,150.4 1 0
github.com/zetkey/waka3x/repositories/summary.go:151.3,151.26 1 0
github.com/zetkey/waka3x/repositories/summary.go:153.2,153.19 1 0
github.com/zetkey/waka3x/repositories/summary.go:153.19,155.3 1 0
github.com/zetkey/waka3x/repositories/summary.go:156.2,156.24 1 0
github.com/zetkey/waka3x/repositories/summary.go:159.63,162.46 1 0
github.com/zetkey/waka3x/repositories/summary.go:162.46,164.3 1 0
github.com/zetkey/waka3x/repositories/summary.go:165.2,165.12 1 0
github.com/zetkey/waka3x/repositories/summary.go:168.82,172.46 1 0
github.com/zetkey/waka3x/repositories/summary.go:172.46,174.3 1 0
github.com/zetkey/waka3x/repositories/summary.go:175.2,175.12 1 0
github.com/zetkey/waka3x/repositories/summary.go:178.81,182.46 1 0
github.com/zetkey/waka3x/repositories/summary.go:182.46,184.3 1 0
github.com/zetkey/waka3x/repositories/summary.go:185.2,185.12 1 0
github.com/zetkey/waka3x/repositories/summary.go:189.109,192.95 2 0
github.com/zetkey/waka3x/repositories/summary.go:192.95,194.3 1 0
github.com/zetkey/waka3x/repositories/summary.go:196.2,202.31 2 0
github.com/zetkey/waka3x/repositories/summary.go:202.31,204.3 1 0
github.com/zetkey/waka3x/repositories/summary.go:206.2,206.45 1 0
github.com/zetkey/waka3x/repositories/summary.go:206.45,208.3 1 0
github.com/zetkey/waka3x/repositories/summary.go:210.2,210.29 1 0
github.com/zetkey/waka3x/repositories/summary.go:210.29,211.47 1 0
github.com/zetkey/waka3x/repositories/summary.go:211.47,212.12 1 0
github.com/zetkey/waka3x/repositories/summary.go:214.3,215.24 2 0
github.com/zetkey/waka3x/repositories/summary.go:218.2,218.12 1 0
github.com/zetkey/waka3x/repositories/user.go:18.53,20.2 1 0
github.com/zetkey/waka3x/repositories/user.go:22.80,24.63 2 0
github.com/zetkey/waka3x/repositories/user.go:24.63,26.3 1 0
github.com/zetkey/waka3x/repositories/user.go:27.2,27.15 1 0
github.com/zetkey/waka3x/repositories/user.go:30.77,35.34 2 0
github.com/zetkey/waka3x/repositories/user.go:35.34,37.3 1 0
github.com/zetkey/waka3x/repositories/user.go:38.2,38.19 1 0
github.com/zetkey/waka3x/repositories/user.go:41.59,45.34 2 0
github.com/zetkey/waka3x/repositories/user.go:45.34,47.3 1 0
github.com/zetkey/waka3x/repositories/user.go:48.2,48.19 1 0
github.com/zetkey/waka3x/repositories/user.go:51.72,56.34 2 0
github.com/zetkey/waka3x/repositories/user.go:56.34,58.3 1 0
github.com/zetkey/waka3x/repositories/user.go:59.2,59.19 1 0
github.com/zetkey/waka3x/repositories/user.go:62.87,64.99 2 0
github.com/zetkey/waka3x/repositories/user.go:64.99,66.3 1 0
github.com/zetkey/waka3x/repositories/user.go:67.2,67.19 1 0
github.com/zetkey/waka3x/repositories/user.go:70.95,72.107 2 0
github.com/zetkey/waka3x/repositories/user.go:72.107,74.3 1 0
github.com/zetkey/waka3x/repositories/user.go:75.2,75.19 1 0
github.com/zetkey/waka3x/repositories/user.go:78.82,80.2 1 0
github.com/zetkey/waka3x/repositories/user.go:82.83,84.2 1 0
github.com/zetkey/waka3x/repositories/user.go:88.84,98.36 3 0
github.com/zetkey/waka3x/repositories/user.go:98.36,100.3 1 0
github.com/zetkey/waka3x/repositories/user.go:102.2,102.28 1 0
github.com/zetkey/waka3x/repositories/user.go:105.49,109.35 2 0
github.com/zetkey/waka3x/repositories/user.go:109.35,111.3 1 0
github.com/zetkey/waka3x/repositories/user.go:112.2,112.19 1 0
github.com/zetkey/waka3x/repositories/user.go:115.85,119.89 1 0
github.com/zetkey/waka3x/repositories/user.go:119.89,121.3 1 0
github.com/zetkey/waka3x/repositories/user.go:123.2,124.37 2 0
github.com/zetkey/waka3x/repositories/user.go:124.37,126.3 1 0
github.com/zetkey/waka3x/repositories/user.go:128.2,128.24 1 0
github.com/zetkey/waka3x/repositories/user.go:131.74,171.37 3 0
github.com/zetkey/waka3x/repositories/user.go:171.37,173.3 1 0
github.com/zetkey/waka3x/repositories/user.go:175.2,175.18 1 0
github.com/zetkey/waka3x/repositories/user.go:178.110,183.72 1 0
github.com/zetkey/waka3x/repositories/user.go:183.72,185.3 1 0
github.com/zetkey/waka3x/repositories/user.go:186.2,186.70 1 0
github.com/zetkey/waka3x/repositories/user.go:186.70,188.3 1 0
github.com/zetkey/waka3x/repositories/user.go:190.2,191.37 2 0
github.com/zetkey/waka3x/repositories/user.go:191.37,193.3 1 0
github.com/zetkey/waka3x/repositories/user.go:195.2,195.30 1 0
github.com/zetkey/waka3x/repositories/user.go:195.30,197.3 1 0
github.com/zetkey/waka3x/repositories/user.go:199.2,199.18 1 0
github.com/zetkey/waka3x/repositories/user.go:202.58,204.2 1 0
github.com/zetkey/waka3x/repositories/user.go:206.73,208.2 1 0
github.com/zetkey/waka3x/repositories/user.go:210.89,215.34 3 0
github.com/zetkey/waka3x/repositories/user.go:215.34,217.3 1 0
github.com/zetkey/waka3x/repositories/user.go:218.2,218.19 1 0
github.com/zetkey/waka3x/repositories/webauthn.go:15.61,17.2 1 0
github.com/zetkey/waka3x/repositories/webauthn.go:19.112,21.25 2 0
github.com/zetkey/waka3x/repositories/webauthn.go:21.25,23.3 1 0
github.com/zetkey/waka3x/repositories/webauthn.go:24.2,24.24 1 0
github.com/zetkey/waka3x/repositories/webauthn.go:27.93,30.25 3 0
github.com/zetkey/waka3x/repositories/webauthn.go:30.25,32.3 1 0
github.com/zetkey/waka3x/repositories/webauthn.go:33.2,33.25 1 0
github.com/zetkey/waka3x/repositories/webauthn.go:36.111,39.25 3 0
github.com/zetkey/waka3x/repositories/webauthn.go:39.25,41.3 1 0
github.com/zetkey/waka3x/repositories/webauthn.go:42.2,42.25 1 0
github.com/zetkey/waka3x/repositories/webauthn.go:45.82,47.2 1 0
github.com/zetkey/waka3x/repositories/webauthn.go:49.82,53.2 3 0
github.com/zetkey/waka3x/routes/compat/shields/v1/badge.go:27.112,34.2 1 0
github.com/zetkey/waka3x/routes/compat/shields/v1/badge.go:36.58,39.2 1 0
github.com/zetkey/waka3x/routes/compat/shields/v1/badge.go:51.68,53.16 2 0
github.com/zetkey/waka3x/routes/compat/shields/v1/badge.go:53.16,56.3 2 0
github.com/zetkey/waka3x/routes/compat/shields/v1/badge.go:58.2,59.16 2 0
github.com/zetkey/waka3x/routes/compat/shields/v1/badge.go:59.16,63.3 3 0
github.com/zetkey/waka3x/routes/compat/shields/v1/badge.go:64.2,67.50 3 0
github.com/zetkey/waka3x/routes/compat/shields/v1/badge.go:67.50,70.3 2 0
github.com/zetkey/waka3x/routes/compat/shields/v1/badge.go:72.2,80.16 3 0
github.com/zetkey/waka3x/routes/compat/shields/v1/badge.go:80.16,84.3 3 0
github.com/zetkey/waka3x/routes/compat/shields/v1/badge.go:86.2,88.46 3 0
github.com/zetkey/waka3x/routes/compat/shields/v1/badge.go:91.144,93.16 2 0
github.com/zetkey/waka3x/routes/compat/shields/v1/badge.go:93.16,95.3 1 0
github.com/zetkey/waka3x/routes/compat/shields/v1/badge.go:97.2,104.29 3 0
github.com/zetkey/waka3x/routes/compat/shields/v1/badge.go:104.29,106.3 1 0
github.com/zetkey/waka3x/routes/compat/shields/v1/badge.go:108.2,117.16 2 0
github.com/zetkey/waka3x/routes/compat/shields/v1/badge.go:117.16,119.3 1 0
github.com/zetkey/waka3x/routes/compat/shields/v1/badge.go:121.2,121.36 1 0
github.com/zetkey/waka3x/routes/routes.go:7.42,9.2 1 0
github.com/zetkey/waka3x/routes/subscription.go:53.24,57.34 3 0
github.com/zetkey/waka3x/routes/subscription.go:57.34,61.17 3 0
github.com/zetkey/waka3x/routes/subscription.go:61.17,63.4 1 0
github.com/zetkey/waka3x/routes/subscription.go:64.3,66.103 2 0
github.com/zetkey/waka3x/routes/subscription.go:69.2,78.33 3 0
github.com/zetkey/waka3x/routes/subscription.go:78.33,79.31 1 0
github.com/zetkey/waka3x/routes/subscription.go:79.31,81.37 2 0
github.com/zetkey/waka3x/routes/subscription.go:81.37,82.13 1 0
github.com/zetkey/waka3x/routes/subscription.go:85.4,86.63 2 0
github.com/zetkey/waka3x/routes/subscription.go:86.63,88.5 1 0
github.com/zetkey/waka3x/routes/subscription.go:88.10,90.5 1 0
github.com/zetkey/waka3x/routes/subscription.go:94.2,94.16 1 0
github.com/zetkey/waka3x/routes/subscription.go:99.65,100.37 1 0
github.com/zetkey/waka3x/routes/subscription.go:100.37,102.3 1 0
github.com/zetkey/waka3x/routes/subscription.go:104.2,119.48 10 0
github.com/zetkey/waka3x/routes/subscription.go:122.84,124.22 2 0
github.com/zetkey/waka3x/routes/subscription.go:124.22,128.3 3 0
github.com/zetkey/waka3x/routes/subscription.go:130.2,130.38 1 0
github.com/zetkey/waka3x/routes/subscription.go:130.38,134.3 3 0
github.com/zetkey/waka3x/routes/subscription.go:136.2,150.33 2 0
github.com/zetkey/waka3x/routes/subscription.go:150.33,152.3 1 0
github.com/zetkey/waka3x/routes/subscription.go:152.8,154.3 1 0
github.com/zetkey/waka3x/routes/subscription.go:156.2,157.16 2 0
github.com/zetkey/waka3x/routes/subscription.go:157.16,162.3 4 0
github.com/zetkey/waka3x/routes/subscription.go:164.2,164.55 1 0
github.com/zetkey/waka3x/routes/subscription.go:167.82,169.33 2 0
github.com/zetkey/waka3x/routes/subscription.go:169.33,173.3 3 0
github.com/zetkey/waka3x/routes/subscription.go:175.2,181.16 3 0
github.com/zetkey/waka3x/routes/subscription.go:181.16,186.3 4 0
github.com/zetkey/waka3x/routes/subscription.go:188.2,188.55 1 0
github.com/zetkey/waka3x/routes/subscription.go:191.83,194.16 3 0
github.com/zetkey/waka3x/routes/subscription.go:194.16,198.3 3 0
github.com/zetkey/waka3x/routes/subscription.go:200.2,203.16 2 0
github.com/zetkey/waka3x/routes/subscription.go:203.16,207.3 3 0
github.com/zetkey/waka3x/routes/subscription.go:209.2,209.20 1 0
github.com/zetkey/waka3x/routes/subscription.go:212.35,215.17 2 0
github.com/zetkey/waka3x/routes/subscription.go:215.17,217.4 1 0
github.com/zetkey/waka3x/routes/subscription.go:218.3,222.17 3 0
github.com/zetkey/waka3x/routes/subscription.go:222.17,227.18 3 0
github.com/zetkey/waka3x/routes/subscription.go:227.18,231.5 3 0
github.com/zetkey/waka3x/routes/subscription.go:233.4,234.18 2 0
github.com/zetkey/waka3x/routes/subscription.go:234.18,238.5 3 0
github.com/zetkey/waka3x/routes/subscription.go:239.4,239.12 1 0
github.com/zetkey/waka3x/routes/subscription.go:242.3,242.71 1 0
github.com/zetkey/waka3x/routes/subscription.go:242.71,246.4 3 0
github.com/zetkey/waka3x/routes/subscription.go:248.36,251.17 2 0
github.com/zetkey/waka3x/routes/subscription.go:251.17,253.4 1 0
github.com/zetkey/waka3x/routes/subscription.go:254.3,257.17 3 0
github.com/zetkey/waka3x/routes/subscription.go:257.17,260.4 2 0
github.com/zetkey/waka3x/routes/subscription.go:262.3,262.34 1 0
github.com/zetkey/waka3x/routes/subscription.go:262.34,264.53 2 0
github.com/zetkey/waka3x/routes/subscription.go:264.53,266.5 1 0
github.com/zetkey/waka3x/routes/subscription.go:266.10,268.5 1 0
github.com/zetkey/waka3x/routes/subscription.go:269.9,269.66 1 0
github.com/zetkey/waka3x/routes/subscription.go:269.66,271.4 1 0
github.com/zetkey/waka3x/routes/subscription.go:273.10,274.81 1 0
github.com/zetkey/waka3x/routes/subscription.go:277.2,277.30 1 0
github.com/zetkey/waka3x/routes/subscription.go:280.90,283.2 2 0
github.com/zetkey/waka3x/routes/subscription.go:285.89,287.2 1 0
github.com/zetkey/waka3x/routes/subscription.go:289.115,292.29 2 0
github.com/zetkey/waka3x/routes/subscription.go:293.16,296.80 2 0
github.com/zetkey/waka3x/routes/subscription.go:296.80,301.4 4 0
github.com/zetkey/waka3x/routes/subscription.go:303.3,303.104 1 0
github.com/zetkey/waka3x/routes/subscription.go:303.104,306.4 2 0
github.com/zetkey/waka3x/routes/subscription.go:307.50,310.154 3 0
github.com/zetkey/waka3x/routes/subscription.go:311.10,313.13 2 0
github.com/zetkey/waka3x/routes/subscription.go:316.2,317.33 2 0
github.com/zetkey/waka3x/routes/subscription.go:317.33,319.3 1 0
github.com/zetkey/waka3x/routes/subscription.go:320.2,320.12 1 0
github.com/zetkey/waka3x/routes/subscription.go:323.144,325.70 2 0
github.com/zetkey/waka3x/routes/subscription.go:325.70,329.3 3 0
github.com/zetkey/waka3x/routes/subscription.go:330.2,330.27 1 0
github.com/zetkey/waka3x/routes/subscription.go:333.150,335.73 2 0
github.com/zetkey/waka3x/routes/subscription.go:335.73,339.3 3 0
github.com/zetkey/waka3x/routes/subscription.go:341.2,341.30 1 0
github.com/zetkey/waka3x/routes/subscription.go:344.79,347.16 2 0
github.com/zetkey/waka3x/routes/subscription.go:347.16,349.3 1 0
github.com/zetkey/waka3x/routes/subscription.go:350.2,351.12 2 0
github.com/zetkey/waka3x/routes/subscription.go:354.97,362.38 3 0
github.com/zetkey/waka3x/routes/subscription.go:362.38,364.3 1 0
github.com/zetkey/waka3x/routes/subscription.go:366.2,366.20 1 0
github.com/zetkey/waka3x/routes/subscription.go:366.20,368.3 1 0
github.com/zetkey/waka3x/routes/subscription.go:368.8,370.3 1 0
github.com/zetkey/waka3x/routes/subscription.go:373.110,385.62 4 0
github.com/zetkey/waka3x/routes/subscription.go:385.62,387.3 1 0
github.com/zetkey/waka3x/routes/subscription.go:388.2,388.86 1 0
github.com/zetkey/waka3x/routes/subscription.go:391.82,393.57 2 0
github.com/zetkey/waka3x/routes/subscription.go:393.57,395.3 1 0
github.com/zetkey/waka3x/mocks/alias_repository.go:13.65,16.2 2 0
github.com/zetkey/waka3x/mocks/alias_repository.go:18.76,21.2 2 0
github.com/zetkey/waka3x/mocks/alias_repository.go:23.93,26.2 2 0
github.com/zetkey/waka3x/mocks/alias_repository.go:28.109,31.2 2 0
github.com/zetkey/waka3x/mocks/alias_repository.go:33.109,36.2 2 0
github.com/zetkey/waka3x/mocks/alias_repository.go:38.78,41.2 2 0
github.com/zetkey/waka3x/mocks/alias_repository.go:43.52,46.2 2 0
github.com/zetkey/waka3x/mocks/alias_repository.go:48.59,51.2 2 0
github.com/zetkey/waka3x/mocks/alias_service.go:12.57,15.2 2 0
github.com/zetkey/waka3x/mocks/alias_service.go:17.59,20.2 2 0
github.com/zetkey/waka3x/mocks/alias_service.go:22.92,25.2 2 0
github.com/zetkey/waka3x/mocks/alias_service.go:27.73,30.2 2 0
github.com/zetkey/waka3x/mocks/alias_service.go:32.89,35.2 2 0
github.com/zetkey/waka3x/mocks/alias_service.go:37.106,40.2 2 0
github.com/zetkey/waka3x/mocks/alias_service.go:42.75,45.2 2 0
github.com/zetkey/waka3x/mocks/alias_service.go:47.58,50.2 2 0
github.com/zetkey/waka3x/mocks/alias_service.go:52.65,55.2 2 0
github.com/zetkey/waka3x/mocks/api_key_service.go:12.107,14.24 2 0
github.com/zetkey/waka3x/mocks/api_key_service.go:14.24,16.3 1 0
github.com/zetkey/waka3x/mocks/api_key_service.go:17.2,17.52 1 0
github.com/zetkey/waka3x/mocks/api_key_service.go:20.80,22.24 2 0
github.com/zetkey/waka3x/mocks/api_key_service.go:22.24,24.3 1 0
github.com/zetkey/waka3x/mocks/api_key_service.go:25.2,25.54 1 0
github.com/zetkey/waka3x/mocks/api_key_service.go:28.83,30.24 2 0
github.com/zetkey/waka3x/mocks/api_key_service.go:30.24,32.3 1 0
github.com/zetkey/waka3x/mocks/api_key_service.go:33.2,33.52 1 0
github.com/zetkey/waka3x/mocks/api_key_service.go:36.65,39.2 2 0
github.com/zetkey/waka3x/mocks/base_repository.go:12.52,15.2 2 0
github.com/zetkey/waka3x/mocks/base_repository.go:17.73,20.2 2 0
github.com/zetkey/waka3x/mocks/base_repository.go:22.74,25.2 2 0
github.com/zetkey/waka3x/mocks/base_repository.go:27.71,30.2 2 0
github.com/zetkey/waka3x/mocks/base_repository.go:32.50,33.2 0 0
github.com/zetkey/waka3x/mocks/duration_repository.go:15.74,18.2 2 0
github.com/zetkey/waka3x/mocks/duration_repository.go:20.71,23.2 2 0
github.com/zetkey/waka3x/mocks/duration_repository.go:25.118,28.2 2 0
github.com/zetkey/waka3x/mocks/duration_repository.go:30.151,33.2 2 0
github.com/zetkey/waka3x/mocks/duration_repository.go:35.91,38.2 2 0
github.com/zetkey/waka3x/mocks/duration_repository.go:40.110,43.2 2 0
github.com/zetkey/waka3x/mocks/duration_repository.go:45.92,48.2 2 0
github.com/zetkey/waka3x/mocks/duration_repository.go:50.124,53.2 2 0
github.com/zetkey/waka3x/mocks/duration_repository.go:55.157,58.2 2 0
github.com/zetkey/waka3x/mocks/duration_repository.go:60.69,63.2 2 0
github.com/zetkey/waka3x/mocks/duration_repository.go:65.88,68.2 2 0
github.com/zetkey/waka3x/mocks/duration_service.go:13.158,16.2 2 0
github.com/zetkey/waka3x/mocks/duration_service.go:18.66,20.2 1 0
github.com/zetkey/waka3x/mocks/duration_service.go:22.48,23.2 0 0
github.com/zetkey/waka3x/mocks/duration_service.go:25.66,28.2 2 0
github.com/zetkey/waka3x/mocks/heartbeat_service.go:15.66,18.2 2 0
github.com/zetkey/waka3x/mocks/heartbeat_service.go:20.73,23.2 2 0
github.com/zetkey/waka3x/mocks/heartbeat_service.go:25.61,28.2 2 0
github.com/zetkey/waka3x/mocks/heartbeat_service.go:30.78,33.2 2 0
github.com/zetkey/waka3x/mocks/heartbeat_service.go:35.98,38.2 2 0
github.com/zetkey/waka3x/mocks/heartbeat_service.go:40.126,43.2 2 0
github.com/zetkey/waka3x/mocks/heartbeat_service.go:45.123,48.2 2 0
github.com/zetkey/waka3x/mocks/heartbeat_service.go:50.126,53.2 2 0
github.com/zetkey/waka3x/mocks/heartbeat_service.go:55.160,58.2 2 0
github.com/zetkey/waka3x/mocks/heartbeat_service.go:60.160,63.2 2 0
github.com/zetkey/waka3x/mocks/heartbeat_service.go:65.76,68.2 2 0
github.com/zetkey/waka3x/mocks/heartbeat_service.go:70.75,73.2 2 0
github.com/zetkey/waka3x/mocks/heartbeat_service.go:75.82,78.2 2 0
github.com/zetkey/waka3x/mocks/heartbeat_service.go:80.81,83.2 2 0
github.com/zetkey/waka3x/mocks/heartbeat_service.go:85.92,88.2 2 0
github.com/zetkey/waka3x/mocks/heartbeat_service.go:90.94,93.2 2 0
github.com/zetkey/waka3x/mocks/heartbeat_service.go:95.113,98.2 2 0
github.com/zetkey/waka3x/mocks/heartbeat_service.go:100.113,103.2 2 0
github.com/zetkey/waka3x/mocks/heartbeat_service.go:105.91,108.2 2 0
github.com/zetkey/waka3x/mocks/heartbeat_service.go:110.67,113.2 2 0
github.com/zetkey/waka3x/mocks/heartbeat_service.go:115.67,118.2 2 0
github.com/zetkey/waka3x/mocks/heartbeat_service.go:120.86,123.2 2 0
github.com/zetkey/waka3x/mocks/heartbeat_service.go:125.156,128.2 2 0
github.com/zetkey/waka3x/mocks/heartbeat_service.go:130.97,133.2 2 0
github.com/zetkey/waka3x/mocks/key_value_service.go:13.83,16.2 2 0
github.com/zetkey/waka3x/mocks/key_value_service.go:18.78,21.2 2 0
github.com/zetkey/waka3x/mocks/key_value_service.go:23.87,26.2 2 0
github.com/zetkey/waka3x/mocks/key_value_service.go:28.73,31.2 2 0
github.com/zetkey/waka3x/mocks/key_value_service.go:33.60,36.2 2 0
github.com/zetkey/waka3x/mocks/key_value_service.go:38.74,41.2 2 0
github.com/zetkey/waka3x/mocks/key_value_service.go:43.62,46.2 2 0
github.com/zetkey/waka3x/mocks/key_value_service.go:48.76,51.2 2 0
github.com/zetkey/waka3x/mocks/key_value_service.go:53.69,56.2 2 0
github.com/zetkey/waka3x/mocks/language_mapping_service.go:12.87,15.2 2 0
github.com/zetkey/waka3x/mocks/language_mapping_service.go:17.93,20.2 2 0
github.com/zetkey/waka3x/mocks/language_mapping_service.go:22.89,25.2 2 0
github.com/zetkey/waka3x/mocks/language_mapping_service.go:27.105,30.2 2 0
github.com/zetkey/waka3x/mocks/language_mapping_service.go:32.78,35.2 2 0
github.com/zetkey/waka3x/mocks/mail_service.go:14.88,17.2 2 0
github.com/zetkey/waka3x/mocks/mail_service.go:19.101,22.2 2 0
github.com/zetkey/waka3x/mocks/mail_service.go:24.118,27.2 2 0
github.com/zetkey/waka3x/mocks/mail_service.go:29.86,32.2 2 0
github.com/zetkey/waka3x/mocks/mail_service.go:34.98,37.2 2 0
github.com/zetkey/waka3x/mocks/project_label_service.go:12.81,15.2 2 0
github.com/zetkey/waka3x/mocks/project_label_service.go:17.87,20.2 2 0
github.com/zetkey/waka3x/mocks/project_label_service.go:22.105,25.2 2 0
github.com/zetkey/waka3x/mocks/project_label_service.go:27.113,30.2 2 0
github.com/zetkey/waka3x/mocks/project_label_service.go:32.96,35.2 2 0
github.com/zetkey/waka3x/mocks/project_label_service.go:37.72,40.2 2 0
github.com/zetkey/waka3x/mocks/summary_repository.go:15.65,18.2 2 0
github.com/zetkey/waka3x/mocks/summary_repository.go:20.74,23.2 2 0
github.com/zetkey/waka3x/mocks/summary_repository.go:25.69,28.2 2 0
github.com/zetkey/waka3x/mocks/summary_repository.go:30.120,33.2 2 0
github.com/zetkey/waka3x/mocks/summary_repository.go:35.79,38.2 2 0
github.com/zetkey/waka3x/mocks/summary_repository.go:39.82,42.2 2 0
github.com/zetkey/waka3x/mocks/summary_repository.go:44.62,47.2 2 0
github.com/zetkey/waka3x/mocks/summary_repository.go:49.81,52.2 2 0
github.com/zetkey/waka3x/mocks/summary_repository.go:54.80,57.2 2 0
github.com/zetkey/waka3x/mocks/summary_service.go:14.177,17.2 2 0
github.com/zetkey/waka3x/mocks/summary_service.go:19.144,22.2 2 0
github.com/zetkey/waka3x/mocks/summary_service.go:24.145,27.2 2 0
github.com/zetkey/waka3x/mocks/summary_service.go:29.78,32.2 2 0
github.com/zetkey/waka3x/mocks/summary_service.go:33.81,36.2 2 0
github.com/zetkey/waka3x/mocks/summary_service.go:38.59,41.2 2 0
github.com/zetkey/waka3x/mocks/summary_service.go:43.78,46.2 2 0
github.com/zetkey/waka3x/mocks/summary_service.go:48.77,51.2 2 0
github.com/zetkey/waka3x/mocks/summary_service.go:53.62,56.2 2 0
github.com/zetkey/waka3x/mocks/user_repository.go:16.78,18.24 2 0
github.com/zetkey/waka3x/mocks/user_repository.go:18.24,20.3 1 0
github.com/zetkey/waka3x/mocks/user_repository.go:21.2,21.50 1 0
github.com/zetkey/waka3x/mocks/user_repository.go:24.81,26.24 2 0
github.com/zetkey/waka3x/mocks/user_repository.go:26.24,28.3 1 0
github.com/zetkey/waka3x/mocks/user_repository.go:29.2,29.52 1 0
github.com/zetkey/waka3x/mocks/user_repository.go:32.63,34.24 2 0
github.com/zetkey/waka3x/mocks/user_repository.go:34.24,36.3 1 0
github.com/zetkey/waka3x/mocks/user_repository.go:37.2,37.52 1 0
github.com/zetkey/waka3x/mocks/user_repository.go:40.76,42.24 2 0
github.com/zetkey/waka3x/mocks/user_repository.go:42.24,44.3 1 0
github.com/zetkey/waka3x/mocks/user_repository.go:45.2,45.52 1 0
github.com/zetkey/waka3x/mocks/user_repository.go:48.91,50.24 2 0
github.com/zetkey/waka3x/mocks/user_repository.go:50.24,52.3 1 0
github.com/zetkey/waka3x/mocks/user_repository.go:53.2,53.52 1 0
github.com/zetkey/waka3x/mocks/user_repository.go:56.99,58.24 2 0
github.com/zetkey/waka3x/mocks/user_repository.go:58.24,60.3 1 0
github.com/zetkey/waka3x/mocks/user_repository.go:61.2,61.52 1 0
github.com/zetkey/waka3x/mocks/user_repository.go:64.87,66.24 2 0
github.com/zetkey/waka3x/mocks/user_repository.go:66.24,68.3 1 0
github.com/zetkey/waka3x/mocks/user_repository.go:69.2,69.52 1 0
github.com/zetkey/waka3x/mocks/user_repository.go:72.86,74.24 2 0
github.com/zetkey/waka3x/mocks/user_repository.go:74.24,76.3 1 0
github.com/zetkey/waka3x/mocks/user_repository.go:77.2,77.52 1 0
github.com/zetkey/waka3x/mocks/user_repository.go:80.88,82.24 2 0
github.com/zetkey/waka3x/mocks/user_repository.go:82.24,84.3 1 0
github.com/zetkey/waka3x/mocks/user_repository.go:85.2,85.52 1 0
github.com/zetkey/waka3x/mocks/user_repository.go:88.53,91.2 2 0
github.com/zetkey/waka3x/mocks/user_repository.go:93.89,95.24 2 0
github.com/zetkey/waka3x/mocks/user_repository.go:95.24,97.3 1 0
github.com/zetkey/waka3x/mocks/user_repository.go:98.2,98.64 1 0
github.com/zetkey/waka3x/mocks/user_repository.go:101.78,103.24 2 0
github.com/zetkey/waka3x/mocks/user_repository.go:103.24,105.3 1 0
github.com/zetkey/waka3x/mocks/user_repository.go:106.2,106.50 1 0
github.com/zetkey/waka3x/mocks/user_repository.go:109.114,111.24 2 0
github.com/zetkey/waka3x/mocks/user_repository.go:111.24,113.3 1 0
github.com/zetkey/waka3x/mocks/user_repository.go:114.2,114.50 1 0
github.com/zetkey/waka3x/mocks/user_repository.go:117.62,120.2 2 0
github.com/zetkey/waka3x/mocks/user_repository.go:122.77,125.2 2 0
github.com/zetkey/waka3x/mocks/user_service.go:13.71,15.24 2 0
github.com/zetkey/waka3x/mocks/user_service.go:15.24,17.3 1 0
github.com/zetkey/waka3x/mocks/user_service.go:18.2,18.50 1 0
github.com/zetkey/waka3x/mocks/user_service.go:21.80,23.24 2 0
github.com/zetkey/waka3x/mocks/user_service.go:23.24,25.3 1 0
github.com/zetkey/waka3x/mocks/user_service.go:26.2,26.50 1 0
github.com/zetkey/waka3x/mocks/user_service.go:29.74,31.24 2 0
github.com/zetkey/waka3x/mocks/user_service.go:31.24,33.3 1 0
github.com/zetkey/waka3x/mocks/user_service.go:34.2,34.50 1 0
github.com/zetkey/waka3x/mocks/user_service.go:37.79,40.2 2 0
github.com/zetkey/waka3x/mocks/user_service.go:42.85,45.2 2 0
github.com/zetkey/waka3x/mocks/user_service.go:47.78,49.24 2 0
github.com/zetkey/waka3x/mocks/user_service.go:49.24,51.3 1 0
github.com/zetkey/waka3x/mocks/user_service.go:52.2,52.50 1 0
github.com/zetkey/waka3x/mocks/user_service.go:55.79,57.24 2 0
github.com/zetkey/waka3x/mocks/user_service.go:57.24,59.3 1 0
github.com/zetkey/waka3x/mocks/user_service.go:60.2,60.50 1 0
github.com/zetkey/waka3x/mocks/user_service.go:63.60,66.2 2 0
github.com/zetkey/waka3x/mocks/user_service.go:68.75,71.2 2 0
github.com/zetkey/waka3x/mocks/user_service.go:73.71,76.2 2 0
github.com/zetkey/waka3x/mocks/user_service.go:78.86,81.2 2 0
github.com/zetkey/waka3x/mocks/user_service.go:83.79,85.23 1 0
github.com/zetkey/waka3x/mocks/user_service.go:88.75,91.2 2 0
github.com/zetkey/waka3x/mocks/user_service.go:93.85,96.2 2 0
github.com/zetkey/waka3x/mocks/user_service.go:98.69,101.2 2 0
github.com/zetkey/waka3x/mocks/user_service.go:103.50,106.2 2 0
github.com/zetkey/waka3x/mocks/user_service.go:108.63,111.2 2 0
github.com/zetkey/waka3x/mocks/user_service.go:113.104,116.2 2 0
github.com/zetkey/waka3x/mocks/user_service.go:118.75,121.2 2 0
github.com/zetkey/waka3x/mocks/user_service.go:123.59,126.2 2 0
github.com/zetkey/waka3x/mocks/user_service.go:128.80,131.2 2 0
github.com/zetkey/waka3x/mocks/user_service.go:133.109,136.2 2 0
github.com/zetkey/waka3x/mocks/user_service.go:138.87,141.2 2 0
github.com/zetkey/waka3x/mocks/user_service.go:143.93,146.2 2 0
github.com/zetkey/waka3x/mocks/user_service.go:148.92,151.2 2 0
github.com/zetkey/waka3x/mocks/user_service.go:153.40,155.2 1 0
github.com/zetkey/waka3x/mocks/user_service.go:157.52,159.2 1 0
github.com/zetkey/waka3x/mocks/webauthn_service.go:14.137,16.24 2 0
github.com/zetkey/waka3x/mocks/webauthn_service.go:16.24,18.3 1 0
github.com/zetkey/waka3x/mocks/webauthn_service.go:19.2,19.64 1 0
github.com/zetkey/waka3x/mocks/webauthn_service.go:22.106,24.24 2 0
github.com/zetkey/waka3x/mocks/webauthn_service.go:24.24,26.3 1 0
github.com/zetkey/waka3x/mocks/webauthn_service.go:27.2,27.66 1 0
github.com/zetkey/waka3x/mocks/webauthn_service.go:30.123,32.24 2 0
github.com/zetkey/waka3x/mocks/webauthn_service.go:32.24,34.3 1 0
github.com/zetkey/waka3x/mocks/webauthn_service.go:35.2,35.64 1 0
github.com/zetkey/waka3x/mocks/webauthn_service.go:38.76,41.2 2 0
github.com/zetkey/waka3x/mocks/webauthn_service.go:43.84,46.2 2 0
github.com/zetkey/waka3x/mocks/webauthn_service.go:48.78,51.2 2 0
github.com/zetkey/waka3x/lib/concurrent_map.go:10.67,14.2 1 0
github.com/zetkey/waka3x/lib/concurrent_map.go:16.51,20.2 3 0
github.com/zetkey/waka3x/lib/concurrent_map.go:22.52,27.2 4 0
github.com/zetkey/waka3x/lib/concurrent_map.go:29.48,32.2 2 0
github.com/zetkey/waka3x/lib/concurrent_map.go:34.45,38.2 3 0
github.com/zetkey/waka3x/lib/concurrent_map.go:40.41,44.2 3 0
github.com/zetkey/waka3x/utils/fs/exists.go:10.37,12.16 2 0
github.com/zetkey/waka3x/utils/fs/exists.go:12.16,13.13 1 0
github.com/zetkey/waka3x/utils/fs/exists.go:16.2,19.3 1 0
github.com/zetkey/waka3x/utils/fs/exists.go:28.56,31.2 2 0
github.com/zetkey/waka3x/utils/fs/exists.go:33.46,34.18 1 0
github.com/zetkey/waka3x/utils/fs/exists.go:34.18,35.44 1 0
github.com/zetkey/waka3x/utils/fs/exists.go:35.44,37.4 1 0
github.com/zetkey/waka3x/utils/fs/exists.go:39.2,41.18 3 0
github.com/zetkey/waka3x/utils/fs/exists.go:41.18,43.3 1 0
github.com/zetkey/waka3x/utils/fs/exists.go:44.2,44.15 1 0
github.com/zetkey/waka3x/utils/fs/exists.go:47.56,49.2 1 0
github.com/zetkey/waka3x/utils/fs/exists.go:58.48,63.2 1 0
github.com/zetkey/waka3x/utils/fs/exists.go:65.51,66.34 1 0
github.com/zetkey/waka3x/utils/fs/exists.go:66.34,68.3 1 0
github.com/zetkey/waka3x/utils/fs/exists.go:69.2,69.35 1 0
github.com/zetkey/waka3x/utils/fs/exists.go:72.63,74.2 1 0
github.com/zetkey/waka3x/utils/fs/neutered.go:14.66,16.16 2 0
github.com/zetkey/waka3x/utils/fs/neutered.go:16.16,18.3 1 0
github.com/zetkey/waka3x/utils/fs/neutered.go:20.2,21.15 2 0
github.com/zetkey/waka3x/utils/fs/neutered.go:21.15,23.47 2 0
github.com/zetkey/waka3x/utils/fs/neutered.go:23.47,25.23 2 0
github.com/zetkey/waka3x/utils/fs/neutered.go:25.23,27.5 1 0
github.com/zetkey/waka3x/utils/fs/neutered.go:29.4,29.19 1 0
github.com/zetkey/waka3x/utils/fs/neutered.go:33.2,33.15 1 0
github.com/zetkey/waka3x/migrations/20201103_rename_language_mappings_table.go:10.13,13.50 1 0
github.com/zetkey/waka3x/migrations/20201103_rename_language_mappings_table.go:13.50,18.39 4 0
github.com/zetkey/waka3x/migrations/20201103_rename_language_mappings_table.go:18.39,20.89 2 0
github.com/zetkey/waka3x/migrations/20201103_rename_language_mappings_table.go:20.89,22.6 1 0
github.com/zetkey/waka3x/migrations/20201103_rename_language_mappings_table.go:24.5,25.87 2 0
github.com/zetkey/waka3x/migrations/20201103_rename_language_mappings_table.go:27.4,27.14 1 0
github.com/zetkey/waka3x/migrations/20201103_rename_language_mappings_table.go:31.2,31.25 1 0
github.com/zetkey/waka3x/migrations/20201106_migration_cascade_constraints.go:10.13,15.50 2 0
github.com/zetkey/waka3x/migrations/20201106_migration_cascade_constraints.go:15.50,21.49 2 0
github.com/zetkey/waka3x/migrations/20201106_migration_cascade_constraints.go:21.49,27.5 2 0
github.com/zetkey/waka3x/migrations/20201106_migration_cascade_constraints.go:29.4,29.52 1 0
github.com/zetkey/waka3x/migrations/20201106_migration_cascade_constraints.go:29.52,32.5 2 0
github.com/zetkey/waka3x/migrations/20201106_migration_cascade_constraints.go:34.4,34.24 1 0
github.com/zetkey/waka3x/migrations/20201106_migration_cascade_constraints.go:34.24,36.5 1 0
github.com/zetkey/waka3x/migrations/20201106_migration_cascade_constraints.go:39.4,52.41 2 0
github.com/zetkey/waka3x/migrations/20201106_migration_cascade_constraints.go:52.41,53.44 1 0
github.com/zetkey/waka3x/migrations/20201106_migration_cascade_constraints.go:53.44,55.65 2 0
github.com/zetkey/waka3x/migrations/20201106_migration_cascade_constraints.go:55.65,57.7 1 0
github.com/zetkey/waka3x/migrations/20201106_migration_cascade_constraints.go:61.4,62.14 2 0
github.com/zetkey/waka3x/migrations/20201106_migration_cascade_constraints.go:66.2,66.25 1 0
github.com/zetkey/waka3x/migrations/20210202_fix_cascade_for_alias_user_constraint.go:10.13,15.50 2 0
github.com/zetkey/waka3x/migrations/20210202_fix_cascade_for_alias_user_constraint.go:15.50,18.49 2 0
github.com/zetkey/waka3x/migrations/20210202_fix_cascade_for_alias_user_constraint.go:18.49,22.5 2 0
github.com/zetkey/waka3x/migrations/20210202_fix_cascade_for_alias_user_constraint.go:24.4,24.52 1 0
github.com/zetkey/waka3x/migrations/20210202_fix_cascade_for_alias_user_constraint.go:24.52,27.5 2 0
github.com/zetkey/waka3x/migrations/20210202_fix_cascade_for_alias_user_constraint.go:29.4,29.24 1 0
github.com/zetkey/waka3x/migrations/20210202_fix_cascade_for_alias_user_constraint.go:29.24,31.5 1 0
github.com/zetkey/waka3x/migrations/20210202_fix_cascade_for_alias_user_constraint.go:33.4,33.66 1 0
github.com/zetkey/waka3x/migrations/20210202_fix_cascade_for_alias_user_constraint.go:33.66,35.87 2 0
github.com/zetkey/waka3x/migrations/20210202_fix_cascade_for_alias_user_constraint.go:35.87,37.6 1 0
github.com/zetkey/waka3x/migrations/20210202_fix_cascade_for_alias_user_constraint.go:40.4,41.14 2 0
github.com/zetkey/waka3x/migrations/20210202_fix_cascade_for_alias_user_constraint.go:45.2,45.25 1 0
github.com/zetkey/waka3x/migrations/20210206_drop_badges_column_add_sharing_flags.go:10.13,13.50 1 0
github.com/zetkey/waka3x/migrations/20210206_drop_badges_column_add_sharing_flags.go:13.50,16.61 2 0
github.com/zetkey/waka3x/migrations/20210206_drop_badges_column_add_sharing_flags.go:16.61,19.5 1 0
github.com/zetkey/waka3x/migrations/20210206_drop_badges_column_add_sharing_flags.go:21.4,21.113 1 0
github.com/zetkey/waka3x/migrations/20210206_drop_badges_column_add_sharing_flags.go:21.113,23.5 1 0
github.com/zetkey/waka3x/migrations/20210206_drop_badges_column_add_sharing_flags.go:24.4,24.109 1 0
github.com/zetkey/waka3x/migrations/20210206_drop_badges_column_add_sharing_flags.go:24.109,26.5 1 0
github.com/zetkey/waka3x/migrations/20210206_drop_badges_column_add_sharing_flags.go:27.4,27.111 1 0
github.com/zetkey/waka3x/migrations/20210206_drop_badges_column_add_sharing_flags.go:27.111,29.5 1 0
github.com/zetkey/waka3x/migrations/20210206_drop_badges_column_add_sharing_flags.go:30.4,30.110 1 0
github.com/zetkey/waka3x/migrations/20210206_drop_badges_column_add_sharing_flags.go:30.110,32.5 1 0
github.com/zetkey/waka3x/migrations/20210206_drop_badges_column_add_sharing_flags.go:33.4,33.105 1 0
github.com/zetkey/waka3x/migrations/20210206_drop_badges_column_add_sharing_flags.go:33.105,35.5 1 0
github.com/zetkey/waka3x/migrations/20210206_drop_badges_column_add_sharing_flags.go:36.4,36.110 1 0
github.com/zetkey/waka3x/migrations/20210206_drop_badges_column_add_sharing_flags.go:36.110,38.5 1 0
github.com/zetkey/waka3x/migrations/20210206_drop_badges_column_add_sharing_flags.go:40.4,40.49 1 0
github.com/zetkey/waka3x/migrations/20210206_drop_badges_column_add_sharing_flags.go:40.49,43.5 2 0
github.com/zetkey/waka3x/migrations/20210206_drop_badges_column_add_sharing_flags.go:45.4,45.80 1 0
github.com/zetkey/waka3x/migrations/20210206_drop_badges_column_add_sharing_flags.go:45.80,47.5 1 0
github.com/zetkey/waka3x/migrations/20210206_drop_badges_column_add_sharing_flags.go:48.4,50.14 2 0
github.com/zetkey/waka3x/migrations/20210206_drop_badges_column_add_sharing_flags.go:54.2,54.26 1 0
github.com/zetkey/waka3x/migrations/20210213_add_has_data_field.go:8.13,12.50 2 0
github.com/zetkey/waka3x/migrations/20210213_add_has_data_field.go:12.50,13.24 1 0
github.com/zetkey/waka3x/migrations/20210213_add_has_data_field.go:13.24,15.5 1 0
github.com/zetkey/waka3x/migrations/20210213_add_has_data_field.go:17.4,19.24 2 0
github.com/zetkey/waka3x/migrations/20210213_add_has_data_field.go:19.24,21.5 1 0
github.com/zetkey/waka3x/migrations/20210213_add_has_data_field.go:23.4,23.51 1 0
github.com/zetkey/waka3x/migrations/20210213_add_has_data_field.go:23.51,25.5 1 0
github.com/zetkey/waka3x/migrations/20210213_add_has_data_field.go:27.4,28.14 2 0
github.com/zetkey/waka3x/migrations/20210213_add_has_data_field.go:32.2,32.26 1 0
github.com/zetkey/waka3x/migrations/20210221_add_created_date_column.go:8.13,12.50 2 0
github.com/zetkey/waka3x/migrations/20210221_add_created_date_column.go:12.50,13.24 1 0
github.com/zetkey/waka3x/migrations/20210221_add_created_date_column.go:13.24,15.5 1 0
github.com/zetkey/waka3x/migrations/20210221_add_created_date_column.go:17.4,17.83 1 0
github.com/zetkey/waka3x/migrations/20210221_add_created_date_column.go:17.83,19.5 1 0
github.com/zetkey/waka3x/migrations/20210221_add_created_date_column.go:21.4,22.14 2 0
github.com/zetkey/waka3x/migrations/20210221_add_created_date_column.go:26.2,26.26 1 0
github.com/zetkey/waka3x/migrations/20210411_add_imprint_content.go:11.13,15.50 2 0
github.com/zetkey/waka3x/migrations/20210411_add_imprint_content.go:15.50,16.24 1 0
github.com/zetkey/waka3x/migrations/20210411_add_imprint_content.go:16.24,18.5 1 0
github.com/zetkey/waka3x/migrations/20210411_add_imprint_content.go:20.4,27.41 3 0
github.com/zetkey/waka3x/migrations/20210411_add_imprint_content.go:27.41,29.5 1 0
github.com/zetkey/waka3x/migrations/20210411_add_imprint_content.go:31.4,32.14 2 0
github.com/zetkey/waka3x/migrations/20210411_add_imprint_content.go:36.2,36.26 1 0
github.com/zetkey/waka3x/migrations/20210411_drop_migrations_table.go:9.13,13.50 2 0
github.com/zetkey/waka3x/migrations/20210411_drop_migrations_table.go:13.50,14.69 1 0
github.com/zetkey/waka3x/migrations/20210411_drop_migrations_table.go:14.69,16.5 1 0
github.com/zetkey/waka3x/migrations/20210411_drop_migrations_table.go:17.4,17.14 1 0
github.com/zetkey/waka3x/migrations/20210411_drop_migrations_table.go:21.2,21.26 1 0
github.com/zetkey/waka3x/migrations/20210806_remove_persisted_project_labels.go:11.13,15.50 2 0
github.com/zetkey/waka3x/migrations/20210806_remove_persisted_project_labels.go:15.50,16.24 1 0
github.com/zetkey/waka3x/migrations/20210806_remove_persisted_project_labels.go:16.24,18.5 1 0
github.com/zetkey/waka3x/migrations/20210806_remove_persisted_project_labels.go:20.4,21.18 2 0
github.com/zetkey/waka3x/migrations/20210806_remove_persisted_project_labels.go:21.18,24.5 2 0
github.com/zetkey/waka3x/migrations/20210806_remove_persisted_project_labels.go:25.4,25.119 1 0
github.com/zetkey/waka3x/migrations/20210806_remove_persisted_project_labels.go:25.119,28.5 2 0
github.com/zetkey/waka3x/migrations/20210806_remove_persisted_project_labels.go:29.4,32.14 3 0
github.com/zetkey/waka3x/migrations/20210806_remove_persisted_project_labels.go:36.2,36.26 1 0
github.com/zetkey/waka3x/migrations/20211215_migrate_id_to_bigint.go:9.13,13.50 2 0
github.com/zetkey/waka3x/migrations/20211215_migrate_id_to_bigint.go:13.50,14.24 1 0
github.com/zetkey/waka3x/migrations/20211215_migrate_id_to_bigint.go:14.24,16.5 1 0
github.com/zetkey/waka3x/migrations/20211215_migrate_id_to_bigint.go:18.4,20.24 2 0
github.com/zetkey/waka3x/migrations/20211215_migrate_id_to_bigint.go:20.24,22.115 2 0
github.com/zetkey/waka3x/migrations/20211215_migrate_id_to_bigint.go:22.115,24.6 1 0
github.com/zetkey/waka3x/migrations/20211215_migrate_id_to_bigint.go:25.5,25.118 1 0
github.com/zetkey/waka3x/migrations/20211215_migrate_id_to_bigint.go:25.118,27.6 1 0
github.com/zetkey/waka3x/migrations/20211215_migrate_id_to_bigint.go:28.5,28.16 1 0
github.com/zetkey/waka3x/migrations/20211215_migrate_id_to_bigint.go:29.10,29.34 1 0
github.com/zetkey/waka3x/migrations/20211215_migrate_id_to_bigint.go:29.34,33.95 2 0
github.com/zetkey/waka3x/migrations/20211215_migrate_id_to_bigint.go:33.95,35.6 1 0
github.com/zetkey/waka3x/migrations/20211215_migrate_id_to_bigint.go:36.5,36.98 1 0
github.com/zetkey/waka3x/migrations/20211215_migrate_id_to_bigint.go:36.98,38.6 1 0
github.com/zetkey/waka3x/migrations/20211215_migrate_id_to_bigint.go:39.5,39.16 1 0
github.com/zetkey/waka3x/migrations/20211215_migrate_id_to_bigint.go:40.10,44.5 1 0
github.com/zetkey/waka3x/migrations/20211215_migrate_id_to_bigint.go:46.4,47.14 2 0
github.com/zetkey/waka3x/migrations/20211215_migrate_id_to_bigint.go:51.2,51.26 1 0
github.com/zetkey/waka3x/migrations/20212212_total_summary_heartbeats.go:11.13,15.50 2 0
github.com/zetkey/waka3x/migrations/20212212_total_summary_heartbeats.go:15.50,16.24 1 0
github.com/zetkey/waka3x/migrations/20212212_total_summary_heartbeats.go:16.24,18.5 1 0
github.com/zetkey/waka3x/migrations/20212212_total_summary_heartbeats.go:20.4,27.40 3 0
github.com/zetkey/waka3x/migrations/20212212_total_summary_heartbeats.go:27.40,29.5 1 0
github.com/zetkey/waka3x/migrations/20212212_total_summary_heartbeats.go:31.4,32.32 2 0
github.com/zetkey/waka3x/migrations/20212212_total_summary_heartbeats.go:32.32,35.5 2 0
github.com/zetkey/waka3x/migrations/20212212_total_summary_heartbeats.go:36.4,36.44 1 0
github.com/zetkey/waka3x/migrations/20212212_total_summary_heartbeats.go:36.44,40.5 3 0
github.com/zetkey/waka3x/migrations/20212212_total_summary_heartbeats.go:42.4,43.14 2 0
github.com/zetkey/waka3x/migrations/20212212_total_summary_heartbeats.go:47.2,47.26 1 0
github.com/zetkey/waka3x/migrations/20220317_align_num_heartbeats.go:10.13,14.50 2 0
github.com/zetkey/waka3x/migrations/20220317_align_num_heartbeats.go:14.50,15.24 1 0
github.com/zetkey/waka3x/migrations/20220317_align_num_heartbeats.go:15.24,17.5 1 0
github.com/zetkey/waka3x/migrations/20220317_align_num_heartbeats.go:19.4,27.40 3 0
github.com/zetkey/waka3x/migrations/20220317_align_num_heartbeats.go:27.40,29.5 1 0
github.com/zetkey/waka3x/migrations/20220317_align_num_heartbeats.go:32.4,44.39 2 0
github.com/zetkey/waka3x/migrations/20220317_align_num_heartbeats.go:44.39,46.5 1 0
github.com/zetkey/waka3x/migrations/20220317_align_num_heartbeats.go:48.4,51.14 3 0
github.com/zetkey/waka3x/migrations/20220317_align_num_heartbeats.go:55.2,55.26 1 0
github.com/zetkey/waka3x/migrations/20220318_mysql_timestamp_precision.go:9.13,13.50 2 0
github.com/zetkey/waka3x/migrations/20220318_mysql_timestamp_precision.go:13.50,14.24 1 0
github.com/zetkey/waka3x/migrations/20220318_mysql_timestamp_precision.go:14.24,16.5 1 0
github.com/zetkey/waka3x/migrations/20220318_mysql_timestamp_precision.go:18.4,18.24 1 0
github.com/zetkey/waka3x/migrations/20220318_mysql_timestamp_precision.go:18.24,23.110 4 0
github.com/zetkey/waka3x/migrations/20220318_mysql_timestamp_precision.go:23.110,25.6 1 0
github.com/zetkey/waka3x/migrations/20220318_mysql_timestamp_precision.go:26.5,26.116 1 0
github.com/zetkey/waka3x/migrations/20220318_mysql_timestamp_precision.go:26.116,28.6 1 0
github.com/zetkey/waka3x/migrations/20220318_mysql_timestamp_precision.go:29.5,32.69 3 0
github.com/zetkey/waka3x/migrations/20220318_mysql_timestamp_precision.go:35.4,36.14 2 0
github.com/zetkey/waka3x/migrations/20220318_mysql_timestamp_precision.go:40.2,40.26 1 0
github.com/zetkey/waka3x/migrations/202203191_drop_diagnostics_user.go:10.13,14.50 2 0
github.com/zetkey/waka3x/migrations/202203191_drop_diagnostics_user.go:14.50,15.24 1 0
github.com/zetkey/waka3x/migrations/202203191_drop_diagnostics_user.go:15.24,17.5 1 0
github.com/zetkey/waka3x/migrations/202203191_drop_diagnostics_user.go:19.4,21.60 2 0
github.com/zetkey/waka3x/migrations/202203191_drop_diagnostics_user.go:21.60,24.97 2 0
github.com/zetkey/waka3x/migrations/202203191_drop_diagnostics_user.go:24.97,26.6 1 0
github.com/zetkey/waka3x/migrations/202203191_drop_diagnostics_user.go:28.5,28.81 1 0
github.com/zetkey/waka3x/migrations/202203191_drop_diagnostics_user.go:28.81,30.6 1 0
github.com/zetkey/waka3x/migrations/202203191_drop_diagnostics_user.go:33.4,34.14 2 0
github.com/zetkey/waka3x/migrations/202203191_drop_diagnostics_user.go:38.2,38.26 1 0
github.com/zetkey/waka3x/migrations/20220403_drop_user_project_idx.go:16.13,22.50 3 0
github.com/zetkey/waka3x/migrations/20220403_drop_user_project_idx.go:22.50,23.77 1 0
github.com/zetkey/waka3x/migrations/20220403_drop_user_project_idx.go:23.77,25.5 1 0
github.com/zetkey/waka3x/migrations/20220403_drop_user_project_idx.go:27.4,27.81 1 0
github.com/zetkey/waka3x/migrations/20220403_drop_user_project_idx.go:27.81,29.81 2 0
github.com/zetkey/waka3x/migrations/20220403_drop_user_project_idx.go:29.81,31.6 1 0
github.com/zetkey/waka3x/migrations/20220403_drop_user_project_idx.go:34.4,35.14 2 0
github.com/zetkey/waka3x/migrations/20220403_drop_user_project_idx.go:39.2,39.25 1 0
github.com/zetkey/waka3x/migrations/20220930_drop_heartbeats_entity_idx.go:9.13,15.50 3 0
github.com/zetkey/waka3x/migrations/20220930_drop_heartbeats_entity_idx.go:15.50,16.109 1 0
github.com/zetkey/waka3x/migrations/20220930_drop_heartbeats_entity_idx.go:16.109,18.5 1 0
github.com/zetkey/waka3x/migrations/20220930_drop_heartbeats_entity_idx.go:19.4,19.64 1 0
github.com/zetkey/waka3x/migrations/20220930_drop_heartbeats_entity_idx.go:23.2,23.25 1 0
github.com/zetkey/waka3x/migrations/20221002_fix_summary_id_types.go:12.13,17.50 2 0
github.com/zetkey/waka3x/migrations/20221002_fix_summary_id_types.go:17.50,18.48 1 0
github.com/zetkey/waka3x/migrations/20221002_fix_summary_id_types.go:18.48,20.5 1 0
github.com/zetkey/waka3x/migrations/20221002_fix_summary_id_types.go:22.4,22.100 1 0
github.com/zetkey/waka3x/migrations/20221002_fix_summary_id_types.go:22.100,24.5 1 0
github.com/zetkey/waka3x/migrations/20221002_fix_summary_id_types.go:26.4,33.42 2 0
github.com/zetkey/waka3x/migrations/20221002_fix_summary_id_types.go:33.42,35.5 1 0
github.com/zetkey/waka3x/migrations/20221002_fix_summary_id_types.go:37.4,37.45 1 0
github.com/zetkey/waka3x/migrations/20221002_fix_summary_id_types.go:37.45,38.83 1 0
github.com/zetkey/waka3x/migrations/20221002_fix_summary_id_types.go:38.83,39.104 1 0
github.com/zetkey/waka3x/migrations/20221002_fix_summary_id_types.go:39.104,41.7 1 0
github.com/zetkey/waka3x/migrations/20221002_fix_summary_id_types.go:43.5,43.85 1 0
github.com/zetkey/waka3x/migrations/20221002_fix_summary_id_types.go:43.85,44.106 1 0
github.com/zetkey/waka3x/migrations/20221002_fix_summary_id_types.go:44.106,46.7 1 0
github.com/zetkey/waka3x/migrations/20221002_fix_summary_id_types.go:48.5,48.84 1 0
github.com/zetkey/waka3x/migrations/20221002_fix_summary_id_types.go:48.84,49.105 1 0
github.com/zetkey/waka3x/migrations/20221002_fix_summary_id_types.go:49.105,51.7 1 0
github.com/zetkey/waka3x/migrations/20221002_fix_summary_id_types.go:53.5,53.93 1 0
github.com/zetkey/waka3x/migrations/20221002_fix_summary_id_types.go:53.93,54.114 1 0
github.com/zetkey/waka3x/migrations/20221002_fix_summary_id_types.go:54.114,56.7 1 0
github.com/zetkey/waka3x/migrations/20221002_fix_summary_id_types.go:58.5,58.84 1 0
github.com/zetkey/waka3x/migrations/20221002_fix_summary_id_types.go:58.84,59.105 1 0
github.com/zetkey/waka3x/migrations/20221002_fix_summary_id_types.go:59.105,61.7 1 0
github.com/zetkey/waka3x/migrations/20221002_fix_summary_id_types.go:64.5,64.87 1 0
github.com/zetkey/waka3x/migrations/20221002_fix_summary_id_types.go:64.87,65.108 1 0
github.com/zetkey/waka3x/migrations/20221002_fix_summary_id_types.go:65.108,67.7 1 0
github.com/zetkey/waka3x/migrations/20221002_fix_summary_id_types.go:69.5,69.82 1 0
github.com/zetkey/waka3x/migrations/20221002_fix_summary_id_types.go:69.82,70.103 1 0
github.com/zetkey/waka3x/migrations/20221002_fix_summary_id_types.go:70.103,72.7 1 0
github.com/zetkey/waka3x/migrations/20221002_fix_summary_id_types.go:75.5,75.78 1 0
github.com/zetkey/waka3x/migrations/20221002_fix_summary_id_types.go:75.78,77.6 1 0
github.com/zetkey/waka3x/migrations/20221002_fix_summary_id_types.go:78.5,78.90 1 0
github.com/zetkey/waka3x/migrations/20221002_fix_summary_id_types.go:78.90,80.6 1 0
github.com/zetkey/waka3x/migrations/20221002_fix_summary_id_types.go:83.4,83.14 1 0
github.com/zetkey/waka3x/migrations/20221002_fix_summary_id_types.go:87.2,87.25 1 0
github.com/zetkey/waka3x/migrations/20221016_drop_rank_column.go:10.13,14.50 2 0
github.com/zetkey/waka3x/migrations/20221016_drop_rank_column.go:14.50,15.24 1 0
github.com/zetkey/waka3x/migrations/20221016_drop_rank_column.go:15.24,17.5 1 0
github.com/zetkey/waka3x/migrations/20221016_drop_rank_column.go:19.4,21.109 2 0
github.com/zetkey/waka3x/migrations/20221016_drop_rank_column.go:21.109,24.82 2 0
github.com/zetkey/waka3x/migrations/20221016_drop_rank_column.go:24.82,26.6 1 0
github.com/zetkey/waka3x/migrations/20221016_drop_rank_column.go:29.4,30.14 2 0
github.com/zetkey/waka3x/migrations/20221016_drop_rank_column.go:34.2,34.26 1 0
github.com/zetkey/waka3x/migrations/20221028_fix_heartbeats_time_user_idx.go:15.13,19.50 2 0
github.com/zetkey/waka3x/migrations/20221028_fix_heartbeats_time_user_idx.go:19.50,22.47 2 0
github.com/zetkey/waka3x/migrations/20221028_fix_heartbeats_time_user_idx.go:22.47,24.5 1 0
github.com/zetkey/waka3x/migrations/20221028_fix_heartbeats_time_user_idx.go:26.4,27.24 2 0
github.com/zetkey/waka3x/migrations/20221028_fix_heartbeats_time_user_idx.go:27.24,31.5 1 0
github.com/zetkey/waka3x/migrations/20221028_fix_heartbeats_time_user_idx.go:32.4,32.25 1 0
github.com/zetkey/waka3x/migrations/20221028_fix_heartbeats_time_user_idx.go:32.25,41.35 2 0
github.com/zetkey/waka3x/migrations/20221028_fix_heartbeats_time_user_idx.go:41.35,43.6 1 0
github.com/zetkey/waka3x/migrations/20221028_fix_heartbeats_time_user_idx.go:45.5,46.116 2 0
github.com/zetkey/waka3x/migrations/20221028_fix_heartbeats_time_user_idx.go:46.116,48.6 1 0
github.com/zetkey/waka3x/migrations/20221028_fix_heartbeats_time_user_idx.go:49.10,51.19 2 0
github.com/zetkey/waka3x/migrations/20221028_fix_heartbeats_time_user_idx.go:51.19,53.6 1 0
github.com/zetkey/waka3x/migrations/20221028_fix_heartbeats_time_user_idx.go:55.5,55.33 1 0
github.com/zetkey/waka3x/migrations/20221028_fix_heartbeats_time_user_idx.go:55.33,56.97 1 0
github.com/zetkey/waka3x/migrations/20221028_fix_heartbeats_time_user_idx.go:56.97,58.12 2 0
github.com/zetkey/waka3x/migrations/20221028_fix_heartbeats_time_user_idx.go:63.4,63.13 1 0
github.com/zetkey/waka3x/migrations/20221028_fix_heartbeats_time_user_idx.go:63.13,65.5 1 0
github.com/zetkey/waka3x/migrations/20221028_fix_heartbeats_time_user_idx.go:67.4,67.83 1 0
github.com/zetkey/waka3x/migrations/20221028_fix_heartbeats_time_user_idx.go:67.83,69.5 1 0
github.com/zetkey/waka3x/migrations/20221028_fix_heartbeats_time_user_idx.go:70.4,72.14 2 0
github.com/zetkey/waka3x/migrations/20221028_fix_heartbeats_time_user_idx.go:76.2,76.25 1 0
github.com/zetkey/waka3x/migrations/20230219_add_astro_language.go:9.13,13.50 2 0
github.com/zetkey/waka3x/migrations/20230219_add_astro_language.go:13.50,14.24 1 0
github.com/zetkey/waka3x/migrations/20230219_add_astro_language.go:14.24,16.5 1 0
github.com/zetkey/waka3x/migrations/20230219_add_astro_language.go:18.4,20.130 2 0
github.com/zetkey/waka3x/migrations/20230219_add_astro_language.go:20.130,22.5 1 0
github.com/zetkey/waka3x/migrations/20230219_add_astro_language.go:24.4,25.14 2 0
github.com/zetkey/waka3x/migrations/20230219_add_astro_language.go:29.2,29.26 1 0
github.com/zetkey/waka3x/migrations/20230219_add_subscription_renewal.go:10.13,14.50 2 0
github.com/zetkey/waka3x/migrations/20230219_add_subscription_renewal.go:14.50,15.24 1 0
github.com/zetkey/waka3x/migrations/20230219_add_subscription_renewal.go:15.24,17.5 1 0
github.com/zetkey/waka3x/migrations/20230219_add_subscription_renewal.go:19.4,21.66 2 0
github.com/zetkey/waka3x/migrations/20230219_add_subscription_renewal.go:21.66,24.136 2 0
github.com/zetkey/waka3x/migrations/20230219_add_subscription_renewal.go:24.136,26.6 1 0
github.com/zetkey/waka3x/migrations/20230219_add_subscription_renewal.go:29.4,30.14 2 0
github.com/zetkey/waka3x/migrations/20230219_add_subscription_renewal.go:34.2,34.26 1 0
github.com/zetkey/waka3x/migrations/20231023_fill_last_branch.go:11.13,15.50 2 0
github.com/zetkey/waka3x/migrations/20231023_fill_last_branch.go:15.50,16.24 1 0
github.com/zetkey/waka3x/migrations/20231023_fill_last_branch.go:16.24,18.5 1 0
github.com/zetkey/waka3x/migrations/20231023_fill_last_branch.go:20.4,21.105 2 0
github.com/zetkey/waka3x/migrations/20231023_fill_last_branch.go:21.105,23.5 1 0
github.com/zetkey/waka3x/migrations/20231023_fill_last_branch.go:25.4,28.33 2 0
github.com/zetkey/waka3x/migrations/20231023_fill_last_branch.go:28.33,30.22 2 0
github.com/zetkey/waka3x/migrations/20231023_fill_last_branch.go:30.22,37.40 2 0
github.com/zetkey/waka3x/migrations/20231023_fill_last_branch.go:37.40,39.7 1 0
github.com/zetkey/waka3x/migrations/20231023_fill_last_branch.go:40.6,43.38 1 0
github.com/zetkey/waka3x/migrations/20231023_fill_last_branch.go:47.4,50.14 3 0
github.com/zetkey/waka3x/migrations/20231023_fill_last_branch.go:54.2,54.26 1 0
github.com/zetkey/waka3x/migrations/20241220_share_activity_chart_flag.go:9.13,13.50 2 0
github.com/zetkey/waka3x/migrations/20241220_share_activity_chart_flag.go:13.50,14.24 1 0
github.com/zetkey/waka3x/migrations/20241220_share_activity_chart_flag.go:14.24,16.5 1 0
github.com/zetkey/waka3x/migrations/20241220_share_activity_chart_flag.go:18.4,25.14 3 0
github.com/zetkey/waka3x/migrations/20241220_share_activity_chart_flag.go:29.2,29.26 1 0
github.com/zetkey/waka3x/migrations/20250219_update_heartbeats_timeout.go:9.13,13.50 2 0
github.com/zetkey/waka3x/migrations/20250219_update_heartbeats_timeout.go:13.50,14.24 1 0
github.com/zetkey/waka3x/migrations/20250219_update_heartbeats_timeout.go:14.24,16.5 1 0
github.com/zetkey/waka3x/migrations/20250219_update_heartbeats_timeout.go:18.4,39.14 9 0
github.com/zetkey/waka3x/migrations/20250219_update_heartbeats_timeout.go:43.2,43.26 1 0
github.com/zetkey/waka3x/migrations/20250313_fix_browsing_category.go:9.13,14.50 2 0
github.com/zetkey/waka3x/migrations/20250313_fix_browsing_category.go:14.50,15.24 1 0
github.com/zetkey/waka3x/migrations/20250313_fix_browsing_category.go:15.24,17.5 1 0
github.com/zetkey/waka3x/migrations/20250313_fix_browsing_category.go:19.4,28.14 3 0
github.com/zetkey/waka3x/migrations/20250313_fix_browsing_category.go:32.2,32.26 1 0
github.com/zetkey/waka3x/migrations/20250425_add_durations_primary_key.go:12.13,17.50 2 0
github.com/zetkey/waka3x/migrations/20250425_add_durations_primary_key.go:17.50,18.24 1 0
github.com/zetkey/waka3x/migrations/20250425_add_durations_primary_key.go:18.24,20.5 1 0
github.com/zetkey/waka3x/migrations/20250425_add_durations_primary_key.go:22.4,22.49 1 0
github.com/zetkey/waka3x/migrations/20250425_add_durations_primary_key.go:22.49,24.5 1 0
github.com/zetkey/waka3x/migrations/20250425_add_durations_primary_key.go:25.4,25.44 1 0
github.com/zetkey/waka3x/migrations/20250425_add_durations_primary_key.go:25.44,27.5 1 0
github.com/zetkey/waka3x/migrations/20250425_add_durations_primary_key.go:28.4,28.57 1 0
github.com/zetkey/waka3x/migrations/20250425_add_durations_primary_key.go:28.57,30.5 1 0
github.com/zetkey/waka3x/migrations/20250425_add_durations_primary_key.go:32.4,32.53 1 0
github.com/zetkey/waka3x/migrations/20250425_add_durations_primary_key.go:32.53,33.64 1 0
github.com/zetkey/waka3x/migrations/20250425_add_durations_primary_key.go:33.64,34.85 1 0
github.com/zetkey/waka3x/migrations/20250425_add_durations_primary_key.go:34.85,36.7 1 0
github.com/zetkey/waka3x/migrations/20250425_add_durations_primary_key.go:38.5,38.77 1 0
github.com/zetkey/waka3x/migrations/20250425_add_durations_primary_key.go:38.77,39.98 1 0
github.com/zetkey/waka3x/migrations/20250425_add_durations_primary_key.go:39.98,41.7 1 0
github.com/zetkey/waka3x/migrations/20250425_add_durations_primary_key.go:43.5,43.83 1 0
github.com/zetkey/waka3x/migrations/20250425_add_durations_primary_key.go:43.83,45.6 1 0
github.com/zetkey/waka3x/migrations/20250425_add_durations_primary_key.go:46.5,46.73 1 0
github.com/zetkey/waka3x/migrations/20250425_add_durations_primary_key.go:46.73,48.6 1 0
github.com/zetkey/waka3x/migrations/20250425_add_durations_primary_key.go:49.5,49.236 1 0
github.com/zetkey/waka3x/migrations/20250425_add_durations_primary_key.go:49.236,51.6 1 0
github.com/zetkey/waka3x/migrations/20250425_add_durations_primary_key.go:52.5,52.68 1 0
github.com/zetkey/waka3x/migrations/20250425_add_durations_primary_key.go:52.68,54.6 1 0
github.com/zetkey/waka3x/migrations/20250425_add_durations_primary_key.go:55.5,55.15 1 0
github.com/zetkey/waka3x/migrations/20250425_add_durations_primary_key.go:56.19,58.5 1 0
github.com/zetkey/waka3x/migrations/20250425_add_durations_primary_key.go:60.4,61.14 2 0
github.com/zetkey/waka3x/migrations/20250425_add_durations_primary_key.go:65.2,65.25 1 0
github.com/zetkey/waka3x/migrations/20250802_fix_default_coding_category.go:10.13,15.50 2 0
github.com/zetkey/waka3x/migrations/20250802_fix_default_coding_category.go:15.50,16.24 1 0
github.com/zetkey/waka3x/migrations/20250802_fix_default_coding_category.go:16.24,18.5 1 0
github.com/zetkey/waka3x/migrations/20250802_fix_default_coding_category.go:20.4,20.142 1 0
github.com/zetkey/waka3x/migrations/20250802_fix_default_coding_category.go:20.142,22.5 1 0
github.com/zetkey/waka3x/migrations/20250802_fix_default_coding_category.go:24.4,25.14 2 0
github.com/zetkey/waka3x/migrations/20250802_fix_default_coding_category.go:29.2,29.26 1 0
github.com/zetkey/waka3x/migrations/20250802_fix_wsl_os.go:8.13,13.50 2 0
github.com/zetkey/waka3x/migrations/20250802_fix_wsl_os.go:13.50,14.24 1 0
github.com/zetkey/waka3x/migrations/20250802_fix_wsl_os.go:14.24,16.5 1 0
github.com/zetkey/waka3x/migrations/20250802_fix_wsl_os.go:18.4,18.123 1 0
github.com/zetkey/waka3x/migrations/20250802_fix_wsl_os.go:18.123,20.5 1 0
github.com/zetkey/waka3x/migrations/20250802_fix_wsl_os.go:22.4,23.14 2 0
github.com/zetkey/waka3x/migrations/20250802_fix_wsl_os.go:27.2,27.26 1 0
github.com/zetkey/waka3x/migrations/20250907_add_user_heartbeats_range_view.go:9.13,14.50 2 0
github.com/zetkey/waka3x/migrations/20250907_add_user_heartbeats_range_view.go:14.50,15.24 1 0
github.com/zetkey/waka3x/migrations/20250907_add_user_heartbeats_range_view.go:15.24,17.5 1 0
github.com/zetkey/waka3x/migrations/20250907_add_user_heartbeats_range_view.go:19.4,23.53 2 0
github.com/zetkey/waka3x/migrations/20250907_add_user_heartbeats_range_view.go:23.53,25.26 1 0
github.com/zetkey/waka3x/migrations/20250907_add_user_heartbeats_range_view.go:25.26,26.76 1 0
github.com/zetkey/waka3x/migrations/20250907_add_user_heartbeats_range_view.go:26.76,28.7 1 0
github.com/zetkey/waka3x/migrations/20250907_add_user_heartbeats_range_view.go:31.5,34.20 1 0
github.com/zetkey/waka3x/migrations/20250907_add_user_heartbeats_range_view.go:34.20,36.6 1 0
github.com/zetkey/waka3x/migrations/20250907_add_user_heartbeats_range_view.go:37.5,37.141 1 0
github.com/zetkey/waka3x/migrations/20250907_add_user_heartbeats_range_view.go:37.141,39.6 1 0
github.com/zetkey/waka3x/migrations/20250907_add_user_heartbeats_range_view.go:40.5,40.15 1 0
github.com/zetkey/waka3x/migrations/20250907_add_user_heartbeats_range_view.go:41.19,43.5 1 0
github.com/zetkey/waka3x/migrations/20250907_add_user_heartbeats_range_view.go:45.4,46.14 2 0
github.com/zetkey/waka3x/migrations/20250907_add_user_heartbeats_range_view.go:50.2,50.26 1 0
github.com/zetkey/waka3x/migrations/20251005-drop_duplicate_emails.go:8.13,13.50 2 0
github.com/zetkey/waka3x/migrations/20251005-drop_duplicate_emails.go:13.50,14.24 1 0
github.com/zetkey/waka3x/migrations/20251005-drop_duplicate_emails.go:14.24,16.5 1 0
github.com/zetkey/waka3x/migrations/20251005-drop_duplicate_emails.go:19.4,25.43 2 0
github.com/zetkey/waka3x/migrations/20251005-drop_duplicate_emails.go:25.43,27.5 1 0
github.com/zetkey/waka3x/migrations/20251005-drop_duplicate_emails.go:29.4,30.14 2 0
github.com/zetkey/waka3x/migrations/20251005-drop_duplicate_emails.go:34.2,34.26 1 0
github.com/zetkey/waka3x/migrations/20260103_add_webauthn_fields.go:10.13,15.50 2 0
github.com/zetkey/waka3x/migrations/20260103_add_webauthn_fields.go:15.50,16.24 1 0
github.com/zetkey/waka3x/migrations/20260103_add_webauthn_fields.go:16.24,18.5 1 0
github.com/zetkey/waka3x/migrations/20260103_add_webauthn_fields.go:20.4,21.97 2 0
github.com/zetkey/waka3x/migrations/20260103_add_webauthn_fields.go:21.97,23.5 1 0
github.com/zetkey/waka3x/migrations/20260103_add_webauthn_fields.go:25.4,25.28 1 0
github.com/zetkey/waka3x/migrations/20260103_add_webauthn_fields.go:25.28,27.81 2 0
github.com/zetkey/waka3x/migrations/20260103_add_webauthn_fields.go:27.81,29.6 1 0
github.com/zetkey/waka3x/migrations/20260103_add_webauthn_fields.go:32.4,33.14 2 0
github.com/zetkey/waka3x/migrations/20260103_add_webauthn_fields.go:37.2,37.26 1 0
github.com/zetkey/waka3x/migrations/20260111_sqlite_real_valued_time_column_durations.go:16.13,22.50 2 0
github.com/zetkey/waka3x/migrations/20260111_sqlite_real_valued_time_column_durations.go:22.50,23.24 1 0
github.com/zetkey/waka3x/migrations/20260111_sqlite_real_valued_time_column_durations.go:23.24,25.5 1 0
github.com/zetkey/waka3x/migrations/20260111_sqlite_real_valued_time_column_durations.go:27.4,27.26 1 0
github.com/zetkey/waka3x/migrations/20260111_sqlite_real_valued_time_column_durations.go:27.26,29.5 1 0
github.com/zetkey/waka3x/migrations/20260111_sqlite_real_valued_time_column_durations.go:31.4,31.53 1 0
github.com/zetkey/waka3x/migrations/20260111_sqlite_real_valued_time_column_durations.go:31.53,34.19 2 0
github.com/zetkey/waka3x/migrations/20260111_sqlite_real_valued_time_column_durations.go:34.19,36.6 1 0
github.com/zetkey/waka3x/migrations/20260111_sqlite_real_valued_time_column_durations.go:37.5,37.35 1 0
github.com/zetkey/waka3x/migrations/20260111_sqlite_real_valued_time_column_durations.go:37.35,38.86 1 0
github.com/zetkey/waka3x/migrations/20260111_sqlite_real_valued_time_column_durations.go:38.86,40.7 1 0
github.com/zetkey/waka3x/migrations/20260111_sqlite_real_valued_time_column_durations.go:44.5,47.84 4 0
github.com/zetkey/waka3x/migrations/20260111_sqlite_real_valued_time_column_durations.go:47.84,49.6 1 0
github.com/zetkey/waka3x/migrations/20260111_sqlite_real_valued_time_column_durations.go:50.5,50.28 1 0
github.com/zetkey/waka3x/migrations/20260111_sqlite_real_valued_time_column_durations.go:50.28,52.6 1 0
github.com/zetkey/waka3x/migrations/20260111_sqlite_real_valued_time_column_durations.go:55.5,56.134 2 0
github.com/zetkey/waka3x/migrations/20260111_sqlite_real_valued_time_column_durations.go:56.134,58.6 1 0
github.com/zetkey/waka3x/migrations/20260111_sqlite_real_valued_time_column_durations.go:59.5,64.26 5 0
github.com/zetkey/waka3x/migrations/20260111_sqlite_real_valued_time_column_durations.go:64.26,66.6 1 0
github.com/zetkey/waka3x/migrations/20260111_sqlite_real_valued_time_column_durations.go:68.5,71.52 3 0
github.com/zetkey/waka3x/migrations/20260111_sqlite_real_valued_time_column_durations.go:71.52,73.6 1 0
github.com/zetkey/waka3x/migrations/20260111_sqlite_real_valued_time_column_durations.go:76.5,77.137 2 0
github.com/zetkey/waka3x/migrations/20260111_sqlite_real_valued_time_column_durations.go:77.137,79.6 1 0
github.com/zetkey/waka3x/migrations/20260111_sqlite_real_valued_time_column_durations.go:82.5,82.65 1 0
github.com/zetkey/waka3x/migrations/20260111_sqlite_real_valued_time_column_durations.go:82.65,84.6 1 0
github.com/zetkey/waka3x/migrations/20260111_sqlite_real_valued_time_column_durations.go:85.5,85.90 1 0
github.com/zetkey/waka3x/migrations/20260111_sqlite_real_valued_time_column_durations.go:85.90,87.6 1 0
github.com/zetkey/waka3x/migrations/20260111_sqlite_real_valued_time_column_durations.go:90.5,90.104 1 0
github.com/zetkey/waka3x/migrations/20260111_sqlite_real_valued_time_column_durations.go:90.104,92.6 1 0
github.com/zetkey/waka3x/migrations/20260111_sqlite_real_valued_time_column_durations.go:93.5,93.118 1 0
github.com/zetkey/waka3x/migrations/20260111_sqlite_real_valued_time_column_durations.go:93.118,95.6 1 0
github.com/zetkey/waka3x/migrations/20260111_sqlite_real_valued_time_column_durations.go:98.5,98.73 1 0
github.com/zetkey/waka3x/migrations/20260111_sqlite_real_valued_time_column_durations.go:98.73,100.6 1 0
github.com/zetkey/waka3x/migrations/20260111_sqlite_real_valued_time_column_durations.go:102.5,102.15 1 0
github.com/zetkey/waka3x/migrations/20260111_sqlite_real_valued_time_column_durations.go:103.19,105.5 1 0
github.com/zetkey/waka3x/migrations/20260111_sqlite_real_valued_time_column_durations.go:107.4,108.14 2 0
github.com/zetkey/waka3x/migrations/20260111_sqlite_real_valued_time_column_durations.go:112.2,112.26 1 0
github.com/zetkey/waka3x/migrations/20260111_sqlite_real_valued_time_column_heartbeats.go:16.13,22.50 2 0
github.com/zetkey/waka3x/migrations/20260111_sqlite_real_valued_time_column_heartbeats.go:22.50,23.24 1 0
github.com/zetkey/waka3x/migrations/20260111_sqlite_real_valued_time_column_heartbeats.go:23.24,25.5 1 0
github.com/zetkey/waka3x/migrations/20260111_sqlite_real_valued_time_column_heartbeats.go:27.4,27.26 1 0
github.com/zetkey/waka3x/migrations/20260111_sqlite_real_valued_time_column_heartbeats.go:27.26,29.5 1 0
github.com/zetkey/waka3x/migrations/20260111_sqlite_real_valued_time_column_heartbeats.go:31.4,31.53 1 0
github.com/zetkey/waka3x/migrations/20260111_sqlite_real_valued_time_column_heartbeats.go:31.53,35.24 2 0
github.com/zetkey/waka3x/migrations/20260111_sqlite_real_valued_time_column_heartbeats.go:35.24,37.6 1 0
github.com/zetkey/waka3x/migrations/20260111_sqlite_real_valued_time_column_heartbeats.go:38.5,38.24 1 0
github.com/zetkey/waka3x/migrations/20260111_sqlite_real_valued_time_column_heartbeats.go:38.24,39.76 1 0
github.com/zetkey/waka3x/migrations/20260111_sqlite_real_valued_time_column_heartbeats.go:39.76,41.7 1 0
github.com/zetkey/waka3x/migrations/20260111_sqlite_real_valued_time_column_heartbeats.go:45.5,46.19 2 0
github.com/zetkey/waka3x/migrations/20260111_sqlite_real_valued_time_column_heartbeats.go:46.19,48.6 1 0
github.com/zetkey/waka3x/migrations/20260111_sqlite_real_valued_time_column_heartbeats.go:49.5,49.35 1 0
github.com/zetkey/waka3x/migrations/20260111_sqlite_real_valued_time_column_heartbeats.go:49.35,50.87 1 0
github.com/zetkey/waka3x/migrations/20260111_sqlite_real_valued_time_column_heartbeats.go:50.87,52.7 1 0
github.com/zetkey/waka3x/migrations/20260111_sqlite_real_valued_time_column_heartbeats.go:56.5,59.85 4 0
github.com/zetkey/waka3x/migrations/20260111_sqlite_real_valued_time_column_heartbeats.go:59.85,61.6 1 0
github.com/zetkey/waka3x/migrations/20260111_sqlite_real_valued_time_column_heartbeats.go:62.5,62.28 1 0
github.com/zetkey/waka3x/migrations/20260111_sqlite_real_valued_time_column_heartbeats.go:62.28,64.6 1 0
github.com/zetkey/waka3x/migrations/20260111_sqlite_real_valued_time_column_heartbeats.go:67.5,68.135 2 0
github.com/zetkey/waka3x/migrations/20260111_sqlite_real_valued_time_column_heartbeats.go:68.135,70.6 1 0
github.com/zetkey/waka3x/migrations/20260111_sqlite_real_valued_time_column_heartbeats.go:71.5,76.26 5 0
github.com/zetkey/waka3x/migrations/20260111_sqlite_real_valued_time_column_heartbeats.go:76.26,78.6 1 0
github.com/zetkey/waka3x/migrations/20260111_sqlite_real_valued_time_column_heartbeats.go:80.5,83.52 3 0
github.com/zetkey/waka3x/migrations/20260111_sqlite_real_valued_time_column_heartbeats.go:83.52,85.6 1 0
github.com/zetkey/waka3x/migrations/20260111_sqlite_real_valued_time_column_heartbeats.go:88.5,89.139 2 0
github.com/zetkey/waka3x/migrations/20260111_sqlite_real_valued_time_column_heartbeats.go:89.139,91.6 1 0
github.com/zetkey/waka3x/migrations/20260111_sqlite_real_valued_time_column_heartbeats.go:94.5,94.66 1 0
github.com/zetkey/waka3x/migrations/20260111_sqlite_real_valued_time_column_heartbeats.go:94.66,96.6 1 0
github.com/zetkey/waka3x/migrations/20260111_sqlite_real_valued_time_column_heartbeats.go:97.5,97.92 1 0
github.com/zetkey/waka3x/migrations/20260111_sqlite_real_valued_time_column_heartbeats.go:97.92,99.6 1 0
github.com/zetkey/waka3x/migrations/20260111_sqlite_real_valued_time_column_heartbeats.go:102.5,108.20 2 0
github.com/zetkey/waka3x/migrations/20260111_sqlite_real_valued_time_column_heartbeats.go:108.20,110.6 1 0
github.com/zetkey/waka3x/migrations/20260111_sqlite_real_valued_time_column_heartbeats.go:113.5,113.96 1 0
github.com/zetkey/waka3x/migrations/20260111_sqlite_real_valued_time_column_heartbeats.go:113.96,115.6 1 0
github.com/zetkey/waka3x/migrations/20260111_sqlite_real_valued_time_column_heartbeats.go:116.5,116.110 1 0
github.com/zetkey/waka3x/migrations/20260111_sqlite_real_valued_time_column_heartbeats.go:116.110,118.6 1 0
github.com/zetkey/waka3x/migrations/20260111_sqlite_real_valued_time_column_heartbeats.go:120.5,120.15 1 0
github.com/zetkey/waka3x/migrations/20260111_sqlite_real_valued_time_column_heartbeats.go:121.19,123.5 1 0
github.com/zetkey/waka3x/migrations/20260111_sqlite_real_valued_time_column_heartbeats.go:125.4,126.14 2 0
github.com/zetkey/waka3x/migrations/20260111_sqlite_real_valued_time_column_heartbeats.go:130.2,130.26 1 0
github.com/zetkey/waka3x/migrations/20260116_sqlite_fix_heartbeats_view_concat.go:8.13,14.50 2 0
github.com/zetkey/waka3x/migrations/20260116_sqlite_fix_heartbeats_view_concat.go:14.50,15.24 1 0
github.com/zetkey/waka3x/migrations/20260116_sqlite_fix_heartbeats_view_concat.go:15.24,17.5 1 0
github.com/zetkey/waka3x/migrations/20260116_sqlite_fix_heartbeats_view_concat.go:19.4,19.26 1 0
github.com/zetkey/waka3x/migrations/20260116_sqlite_fix_heartbeats_view_concat.go:19.26,21.5 1 0
github.com/zetkey/waka3x/migrations/20260116_sqlite_fix_heartbeats_view_concat.go:23.4,23.53 1 0
github.com/zetkey/waka3x/migrations/20260116_sqlite_fix_heartbeats_view_concat.go:23.53,25.152 2 0
github.com/zetkey/waka3x/migrations/20260116_sqlite_fix_heartbeats_view_concat.go:25.152,27.6 1 0
github.com/zetkey/waka3x/migrations/20260116_sqlite_fix_heartbeats_view_concat.go:29.5,29.24 1 0
github.com/zetkey/waka3x/migrations/20260116_sqlite_fix_heartbeats_view_concat.go:29.24,30.76 1 0
github.com/zetkey/waka3x/migrations/20260116_sqlite_fix_heartbeats_view_concat.go:30.76,32.7 1 0
github.com/zetkey/waka3x/migrations/20260116_sqlite_fix_heartbeats_view_concat.go:35.5,42.20 2 0
github.com/zetkey/waka3x/migrations/20260116_sqlite_fix_heartbeats_view_concat.go:42.20,44.6 1 0
github.com/zetkey/waka3x/migrations/20260116_sqlite_fix_heartbeats_view_concat.go:46.5,46.15 1 0
github.com/zetkey/waka3x/migrations/20260116_sqlite_fix_heartbeats_view_concat.go:47.19,49.5 1 0
github.com/zetkey/waka3x/migrations/20260116_sqlite_fix_heartbeats_view_concat.go:51.4,52.14 2 0
github.com/zetkey/waka3x/migrations/20260116_sqlite_fix_heartbeats_view_concat.go:56.2,56.26 1 0
github.com/zetkey/waka3x/migrations/20260214_nullify_empty_email.go:11.13,15.50 2 0
github.com/zetkey/waka3x/migrations/20260214_nullify_empty_email.go:15.50,16.24 1 0
github.com/zetkey/waka3x/migrations/20260214_nullify_empty_email.go:16.24,18.5 1 0
github.com/zetkey/waka3x/migrations/20260214_nullify_empty_email.go:20.4,20.47 1 0
github.com/zetkey/waka3x/migrations/20260214_nullify_empty_email.go:20.47,23.5 2 0
github.com/zetkey/waka3x/migrations/20260214_nullify_empty_email.go:25.4,25.57 1 0
github.com/zetkey/waka3x/migrations/20260214_nullify_empty_email.go:25.57,28.5 2 0
github.com/zetkey/waka3x/migrations/20260214_nullify_empty_email.go:30.4,32.101 2 0
github.com/zetkey/waka3x/migrations/20260214_nullify_empty_email.go:32.101,35.5 2 0
github.com/zetkey/waka3x/migrations/20260214_nullify_empty_email.go:38.4,38.64 1 0
github.com/zetkey/waka3x/migrations/20260214_nullify_empty_email.go:38.64,39.85 1 0
github.com/zetkey/waka3x/migrations/20260214_nullify_empty_email.go:39.85,42.6 2 0
github.com/zetkey/waka3x/migrations/20260214_nullify_empty_email.go:45.4,46.14 2 0
github.com/zetkey/waka3x/migrations/20260214_nullify_empty_email.go:50.2,50.25 1 0
github.com/zetkey/waka3x/migrations/20260214_nullify_empty_sub.go:11.13,15.50 2 0
github.com/zetkey/waka3x/migrations/20260214_nullify_empty_sub.go:15.50,16.24 1 0
github.com/zetkey/waka3x/migrations/20260214_nullify_empty_sub.go:16.24,18.5 1 0
github.com/zetkey/waka3x/migrations/20260214_nullify_empty_sub.go:20.4,20.47 1 0
github.com/zetkey/waka3x/migrations/20260214_nullify_empty_sub.go:20.47,23.5 2 0
github.com/zetkey/waka3x/migrations/20260214_nullify_empty_sub.go:24.4,24.55 1 0
github.com/zetkey/waka3x/migrations/20260214_nullify_empty_sub.go:24.55,27.5 2 0
github.com/zetkey/waka3x/migrations/20260214_nullify_empty_sub.go:29.4,31.97 2 0
github.com/zetkey/waka3x/migrations/20260214_nullify_empty_sub.go:31.97,34.5 2 0
github.com/zetkey/waka3x/migrations/20260214_nullify_empty_sub.go:36.4,37.14 2 0
github.com/zetkey/waka3x/migrations/20260214_nullify_empty_sub.go:41.2,41.25 1 0
github.com/zetkey/waka3x/migrations/20260214_sqlite_recreate_views.go:8.13,20.50 3 0
github.com/zetkey/waka3x/migrations/20260214_sqlite_recreate_views.go:20.50,21.26 1 0
github.com/zetkey/waka3x/migrations/20260214_sqlite_recreate_views.go:21.26,23.5 1 0
github.com/zetkey/waka3x/migrations/20260214_sqlite_recreate_views.go:24.4,24.25 1 0
github.com/zetkey/waka3x/migrations/20260214_sqlite_recreate_views.go:28.2,31.50 1 0
github.com/zetkey/waka3x/migrations/20260214_sqlite_recreate_views.go:31.50,32.26 1 0
github.com/zetkey/waka3x/migrations/20260214_sqlite_recreate_views.go:32.26,34.5 1 0
github.com/zetkey/waka3x/migrations/20260214_sqlite_recreate_views.go:35.4,35.26 1 0
github.com/zetkey/waka3x/migrations/migrations.go:30.61,31.24 1 0
github.com/zetkey/waka3x/migrations/migrations.go:32.10,33.34 1 0
github.com/zetkey/waka3x/migrations/migrations.go:33.34,34.92 1 0
github.com/zetkey/waka3x/migrations/migrations.go:34.92,36.5 1 0
github.com/zetkey/waka3x/migrations/migrations.go:37.4,37.106 1 0
github.com/zetkey/waka3x/migrations/migrations.go:37.106,39.5 1 0
github.com/zetkey/waka3x/migrations/migrations.go:40.4,40.102 1 0
github.com/zetkey/waka3x/migrations/migrations.go:40.102,42.5 1 0
github.com/zetkey/waka3x/migrations/migrations.go:43.4,43.93 1 0
github.com/zetkey/waka3x/migrations/migrations.go:43.93,45.5 1 0
github.com/zetkey/waka3x/migrations/migrations.go:46.4,46.97 1 0
github.com/zetkey/waka3x/migrations/migrations.go:46.97,48.5 1 0
github.com/zetkey/waka3x/migrations/migrations.go:49.4,49.95 1 0
github.com/zetkey/waka3x/migrations/migrations.go:49.95,51.5 1 0
github.com/zetkey/waka3x/migrations/migrations.go:52.4,52.99 1 0
github.com/zetkey/waka3x/migrations/migrations.go:52.99,54.5 1 0
github.com/zetkey/waka3x/migrations/migrations.go:55.4,55.103 1 0
github.com/zetkey/waka3x/migrations/migrations.go:55.103,57.5 1 0
github.com/zetkey/waka3x/migrations/migrations.go:58.4,58.100 1 0
github.com/zetkey/waka3x/migrations/migrations.go:58.100,60.5 1 0
github.com/zetkey/waka3x/migrations/migrations.go:61.4,61.99 1 0
github.com/zetkey/waka3x/migrations/migrations.go:61.99,63.5 1 0
github.com/zetkey/waka3x/migrations/migrations.go:64.4,64.103 1 0
github.com/zetkey/waka3x/migrations/migrations.go:64.103,66.5 1 0
github.com/zetkey/waka3x/migrations/migrations.go:67.4,67.96 1 0
github.com/zetkey/waka3x/migrations/migrations.go:67.96,69.5 1 0
github.com/zetkey/waka3x/migrations/migrations.go:70.4,70.94 1 0
github.com/zetkey/waka3x/migrations/migrations.go:70.94,72.5 1 0
github.com/zetkey/waka3x/migrations/migrations.go:73.4,73.14 1 0
github.com/zetkey/waka3x/migrations/migrations.go:78.44,80.2 1 0
github.com/zetkey/waka3x/migrations/migrations.go:82.45,84.2 1 0
github.com/zetkey/waka3x/migrations/migrations.go:86.43,90.2 3 0
github.com/zetkey/waka3x/migrations/migrations.go:92.59,94.50 2 0
github.com/zetkey/waka3x/migrations/migrations.go:94.50,96.3 1 0
github.com/zetkey/waka3x/migrations/migrations.go:99.56,102.34 2 0
github.com/zetkey/waka3x/migrations/migrations.go:102.34,104.38 2 0
github.com/zetkey/waka3x/migrations/migrations.go:104.38,106.4 1 0
github.com/zetkey/waka3x/migrations/migrations.go:110.57,113.35 2 0
github.com/zetkey/waka3x/migrations/migrations.go:113.35,116.32 2 0
github.com/zetkey/waka3x/migrations/migrations.go:116.32,117.39 1 0
github.com/zetkey/waka3x/migrations/migrations.go:117.39,119.5 1 0
github.com/zetkey/waka3x/migrations/migrations.go:122.3,122.19 1 0
github.com/zetkey/waka3x/migrations/migrations.go:122.19,124.4 1 0
github.com/zetkey/waka3x/migrations/migrations.go:124.9,126.4 1 0
github.com/zetkey/waka3x/migrations/migrations.go:130.35,132.2 1 0
github.com/zetkey/waka3x/migrations/migrations.go:134.45,136.2 1 0
github.com/zetkey/waka3x/migrations/migrations.go:138.40,140.2 1 0
github.com/zetkey/waka3x/migrations/shared.go:13.44,17.64 3 0
github.com/zetkey/waka3x/migrations/shared.go:17.64,20.3 2 0
github.com/zetkey/waka3x/migrations/shared.go:21.2,21.14 1 0
github.com/zetkey/waka3x/migrations/shared.go:24.42,28.23 1 0
github.com/zetkey/waka3x/migrations/shared.go:28.23,30.3 1 0
github.com/zetkey/waka3x/migrations/shared.go:34.36,35.37 1 0
github.com/zetkey/waka3x/migrations/shared.go:35.37,37.3 1 0
github.com/zetkey/waka3x/migrations/shared.go:39.2,39.126 1 0
github.com/zetkey/waka3x/migrations/shared.go:39.126,41.3 1 0
github.com/zetkey/waka3x/migrations/shared.go:43.2,43.175 1 0
github.com/zetkey/waka3x/migrations/shared.go:43.175,45.3 1 0
github.com/zetkey/waka3x/migrations/shared.go:47.2,48.16 2 0
github.com/zetkey/waka3x/migrations/shared.go:48.16,50.3 1 0
github.com/zetkey/waka3x/migrations/shared.go:51.2,54.18 3 0
github.com/zetkey/waka3x/migrations/shared.go:54.18,56.42 2 0
github.com/zetkey/waka3x/migrations/shared.go:56.42,58.4 1 0
github.com/zetkey/waka3x/migrations/shared.go:59.3,59.42 1 0
github.com/zetkey/waka3x/migrations/shared.go:61.2,63.35 2 0
github.com/zetkey/waka3x/migrations/shared.go:63.35,65.54 2 0
github.com/zetkey/waka3x/migrations/shared.go:65.54,68.4 2 0
github.com/zetkey/waka3x/migrations/shared.go:71.2,71.12 1 0
github.com/zetkey/waka3x/migrations/shared.go:75.37,76.37 1 0
github.com/zetkey/waka3x/migrations/shared.go:76.37,78.3 1 0
github.com/zetkey/waka3x/migrations/shared.go:80.2,80.46 1 0
github.com/zetkey/waka3x/migrations/shared.go:80.46,82.3 1 0
github.com/zetkey/waka3x/migrations/shared.go:84.2,85.16 2 0
github.com/zetkey/waka3x/migrations/shared.go:85.16,87.3 1 0
github.com/zetkey/waka3x/migrations/shared.go:88.2,96.18 4 0
github.com/zetkey/waka3x/migrations/shared.go:96.18,98.52 2 0
github.com/zetkey/waka3x/migrations/shared.go:98.52,100.4 1 0
github.com/zetkey/waka3x/migrations/shared.go:101.3,101.31 1 0
github.com/zetkey/waka3x/migrations/shared.go:103.2,105.28 2 0
github.com/zetkey/waka3x/migrations/shared.go:105.28,107.130 2 0
github.com/zetkey/waka3x/migrations/shared.go:107.130,109.4 1 0
github.com/zetkey/waka3x/migrations/shared.go:111.3,111.16 1 0
github.com/zetkey/waka3x/migrations/shared.go:111.16,113.12 2 0
github.com/zetkey/waka3x/migrations/shared.go:116.3,117.46 2 0
github.com/zetkey/waka3x/migrations/shared.go:117.46,120.4 2 0
github.com/zetkey/waka3x/migrations/shared.go:123.2,123.71 1 0
github.com/zetkey/waka3x/migrations/shared.go:123.71,126.3 2 0
github.com/zetkey/waka3x/migrations/shared.go:128.2,128.12 1 0
github.com/zetkey/waka3x/migrations/shared.go:132.58,133.37 1 0
github.com/zetkey/waka3x/migrations/shared.go:133.37,135.3 1 0
github.com/zetkey/waka3x/migrations/shared.go:136.2,136.78 1 0
github.com/zetkey/waka3x/static/docs/docs.go:2011.13,2013.2 1 0
